id,name,place_id,address,lat,lng,island,region,phone,website_url,rating,review_count,opening_hours,google_maps_url,photo_url,description,price_min_nzd,price_max_nzd,tags,booking_url
1,Akarana Golf Club,ChIJN-_mJXpGDW0RWXZa_2xJcwU,"1388 Dominion Road, Mount Roskill, Auckland 1041, New Zealand",-36.913078299999995,174.7403717,North Island,Auckland,+64 9 621 0024,https://www.akaranagolf.co.nz/,4.4,704,,https://maps.google.com/?cid=392738325000779353&g_mp=CiVnb29nbGUubWFwcy5wbGFjZXMudjEuUGxhY2VzLkdldFBsYWNlEAIYBCAA,https://places.googleapis.com/v1/places/ChIJN-_mJXpGDW0RWXZa_2xJcwU/photos/AcnlKN0edKGCxbXu47jQ0s4NDfB6mZAjc9MFJAL9qycbQGVrnxTJ8bQy32yJuT7j5qYbuXljih79mcLe4IbJ31vH4h9r5I3fF8Ch1km2dQPK9EJ4DJ0-ObNmTkEN2vGQ7cTpvrbBw5_zkaMQ43it9Oc2gDwT0Idql-uw0YFmMDNT5hzb3xCQlBmXBmAFfU0-uOtpugySoDmISfDGqh4rJpbtjqNK04kTupUAvRXgJzx7R3VBBUkofA5_zvGLZhdT3WnC8wHYtMSsMZI5T0Toj7KXA-VsBEcDXKomSisPXi_yqLUl6yWTwgtdxaEE4lg8VJZbPqedis1kiMqIOfzBZdBQ_RXNdmcctU7aV6qDQK38fXP2aJMuBEXqpe2_9zw8RiGx4VNB_q7wsz6gV4PTrIqDkS6EPOi9zWeOy3gD6qjJXNNwjWLA/media?maxWidthPx=800&key=AIzaSyC8TIk0MnhD2IRSUvuND9nW3i6A344sGGI,"Golf club in Auckland, North Island, set against a scenic mountain backdrop. Rated 4.4/5 (704 reviews) on Google.",35,80,"['coast', 'local', 'value']",
2,Akaroa Golf Club,ChIJ88qthhXNM20Rhaw5tJf1rJo,"77 Pawsons Valley Road, Duvauchelle 7581, New Zealand",-43.7436259,172.93194169999998,South Island,Canterbury,+64 3 304 5704,http://www.akaroagolf.co.nz/,4.7,34,"['Monday: Open 24 hours', 'Tuesday: Open 24 hours', 'Wednesday: Open 24 hours', 'Thursday: Open 24 hours', 'Friday: Open 24 hours', 'Saturday: Open 24 hours', 'Sunday: Open 24 hours']",https://maps.google.com/?cid=11145553209747680389&g_mp=CiVnb29nbGUubWFwcy5wbGFjZXMudjEuUGxhY2VzLkdldFBsYWNlEAIYBCAA,https://places.googleapis.com/v1/places/ChIJ88qthhXNM20Rhaw5tJf1rJo/photos/AcnlKN2tEflr-uMxK8z4tztP-CMuvvQ1JiUC7gQLiwQOOfqVXWITZBQRzRcgttMIBBUmdm6Lmo7Gp0mn2v_eUh3C-n0ETnBI_l_rVzFZdTG53Mgw1Fir6I7N6ePkXKCrKj7PKfzqIrlYlqWlGSl7olS2UDMomHFDbwZIW-Ypot1LkcMgfUCJmU21Wz8DVEup8CDszWu5h5zXLq5QvF69rZ-bkLmUyHjbJZy2mx_Imqq3X5wp70RnQmi254M-eSin8OcXwS1N9ykG8fmT6GUE6LeRxKctgkQaYI4SFR9HnOUdlgQJSg/media?maxWidthPx=800&key=AIzaSyC8TIk0MnhD2IRSUvuND9nW3i6A344sGGI,"Golf club in Canterbury, South Island, offering a peaceful playing environment. Rated 4.7/5 (34 reviews) on Google.",50,120,"['coast', 'local', 'mid']",
3,Alexandra Golf Club,ChIJY28BGZEkK6gRQh8Y92DCEmA,"Alexandra 9391, New Zealand",-45.2318058,169.37424769999998,South Island,Otago,,,4.5,64,,https://maps.google.com/?cid=6922809298940075842&g_mp=CiVnb29nbGUubWFwcy5wbGFjZXMudjEuUGxhY2VzLkdldFBsYWNlEAIYBCAA,https://places.googleapis.com/v1/places/ChIJY28BGZEkK6gRQh8Y92DCEmA/photos/AcnlKN3D70gVTxW63HSuN-DFcIoztgnyboA6hM6iWmI89hPF-DpkUJZcD9IrnkzHG1wdB1sgrHEd-OG4iun72a3Lje4J2H1ouvKnIUM-DEQ0oohisThtzj78UKw77XtqPIRD-MJq_6KB1AWnejYuM_PmJrRPGdVNdQ3XWh-s87iLwM0IfU1hfSCJRi1sei0zfALR-7u4stKAC-vQ2yre6A19LGFecyCl98oU_rMj2q_AFnT-WNgCOxoo2vZXUjheHZO2qFisXh00RRqi8M4Wo1sja4QMR2LlrNtGhc57aELZM90LzxQxEGPkCff50GjMlYWEuQwU5GgRNkscQyEmIK47ctiWq6gk3cuBqtbQAAvKbJX3djuqNPuQ_D54PC0eYsBGbpowgtbYKKPdxJ_GOQMe19z7J-kpSzsW_dEeUmvVomq8aHc7d3Rk7_l846FIxlrt/media?maxWidthPx=800&key=AIzaSyC8TIk0MnhD2IRSUvuND9nW3i6A344sGGI,"Golf club in Otago, South Island, offering a peaceful playing environment. Rated 4.5/5 (64 reviews) on Google.",80,180,"['coast', 'local', 'mid']",
4,Amberley Golf Club,ChIJUTTvZF2kMW0RgLhZZYfvAA8,"85 Golf Links Road, Amberley 7481, New Zealand",-43.1599929,172.7877529,South Island,Canterbury,+64 3 314 8735,http://www.amberleygolf.co.nz/,4.7,116,"['Monday: 7:00\u202fAM\u2009–\u20098:00\u202fPM', 'Tuesday: 7:00\u202fAM\u2009–\u20098:00\u202fPM', 'Wednesday: 7:00\u202fAM\u2009–\u20098:00\u202fPM', 'Thursday: 7:00\u202fAM\u2009–\u20098:00\u202fPM', 'Friday: 7:00\u202fAM\u2009–\u20098:00\u202fPM', 'Saturday: 7:00\u202fAM\u2009–\u20098:00\u202fPM', 'Sunday: 7:00\u202fAM\u2009–\u20098:00\u202fPM']",https://maps.google.com/?cid=1081127275368921216&g_mp=CiVnb29nbGUubWFwcy5wbGFjZXMudjEuUGxhY2VzLkdldFBsYWNlEAIYBCAA,https://places.googleapis.com/v1/places/ChIJUTTvZF2kMW0RgLhZZYfvAA8/photos/AcnlKN1GzWC8FC778aaQzKwX03RLcXMzqrRCcbU2OM-UFRJQRadXDv05mVkOGIi1WD5_qlouEVZ3aIPZyVzq95wZfFisyLnd6Sr1BHvawCEHXsue_2eZv_XVtlfPkNlG0OWyCs3GdmJEAczfnVmB_9n2CeSZeXD5UkZc2Oa9nwrNAjEpDN06spERt2b0cXPS2V8G3NTfas3-BxFnFnhKczCO6LB40cZbQ5LvwmCUWM_Wj4Y0UZNZMU0k2fREm5E6M7Tf0B8GHYfmY5tUfB374qmnLoOLAncp80x5Js-EqXfdJzzE5c51KHZJ5hGHilWLP_SET4mFVZuLEUgykftizlvlZHvmq_aYysvBi9e7W58I8hR-bNqBcT_0xkNuotKBKBB4ONyuJcz8ea2wWy0HZLP1JyGp3wbD93LXaclR_vpST5U2zg/media?maxWidthPx=800&key=AIzaSyC8TIk0MnhD2IRSUvuND9nW3i6A344sGGI,"Golf club in Canterbury, South Island, offering a peaceful playing environment. Rated 4.7/5 (116 reviews) on Google.",50,120,"['coast', 'links', 'mid']",
5,Amuri Golf Club,ChIJN9Y7SO70MG0RlYSS2Y4_bWQ,"422 Rotherham Road North, Waiau 7379, New Zealand",-42.6586595,172.9863192,South Island,Canterbury,+64 21 413 744,http://www.canterburygolf.co.nz/clubs/amuri-golf-club/,4.3,14,"['Monday: 9:00\u202fAM\u2009–\u20095:00\u202fPM', 'Tuesday: 9:00\u202fAM\u2009–\u20095:00\u202fPM', 'Wednesday: 9:00\u202fAM\u2009–\u20095:00\u202fPM', 'Thursday: 9:00\u202fAM\u2009–\u20095:00\u202fPM', 'Friday: 9:00\u202fAM\u2009–\u20095:00\u202fPM', 'Saturday: 9:00\u202fAM\u2009–\u20095:00\u202fPM', 'Sunday: 9:00\u202fAM\u2009–\u20095:00\u202fPM']",https://maps.google.com/?cid=7236510059022419093&g_mp=CiVnb29nbGUubWFwcy5wbGFjZXMudjEuUGxhY2VzLkdldFBsYWNlEAIYBCAA,https://places.googleapis.com/v1/places/ChIJN9Y7SO70MG0RlYSS2Y4_bWQ/photos/AcnlKN3u7ZsEd8mSMdlyMYXJ-ZTFR-Fobk9D0IMBUGRBtVDzwsX_HbOZTr8BwcboQ7ktQhmzK00G-rqwWqrvHgW_xJChxMhAoNguj1SJHsjJT1zzyBLUlLCm5kd0rlqEb8ttMR3liQgWI80Ww55DQFxJ6ksbw_cjE6Ha9zMxKMel5PO1zE2wBgfHVQR4jFn5tKqIVjK5JB8pbZZOtrNGHy6Q_n01X1FC7zzfcWVhQpijkZ4wdE1yW3GJRY_AR0LojYBhaV6Ds16ivOTWlhl0gmA7a92lCXKtwDmcwRVSLPXkZYlaW0_XDZdRqZPqOofbutzVsENOff57sqDMIqrkdf2NIYOobrYAjRCTenu_gP62bG4iY0ofP19-6j0vCePiCvxM_CxnvB1Pzk1Jzschyllgl8RDg7gn3Iv3hBTufsUMdif_2MuW/media?maxWidthPx=800&key=AIzaSyC8TIk0MnhD2IRSUvuND9nW3i6A344sGGI,"Golf club in Canterbury, South Island, offering a peaceful playing environment. Rated 4.3/5 (14 reviews) on Google.",35,80,"['coast', 'local', 'value']",
6,Arrowtown Golf Club,ChIJR4uhYWwi1akRThs0446nOyg,"166 Centennial Avenue, Arrowtown 9371, New Zealand",-44.9571153,168.8444829,South Island,Otago,+64 3 442 1719,http://www.arrowtowngolf.co.nz/,4.5,172,"['Monday: 9:00\u202fAM\u2009–\u20096:00\u202fPM', 'Tuesday: 9:00\u202fAM\u2009–\u20096:00\u202fPM', 'Wednesday: 9:00\u202fAM\u2009–\u20096:00\u202fPM', 'Thursday: 9:00\u202fAM\u2009–\u20096:00\u202fPM', 'Friday: 9:00\u202fAM\u2009–\u20096:00\u202fPM', 'Saturday: 9:00\u202fAM\u2009–\u20096:00\u202fPM', 'Sunday: 9:00\u202fAM\u2009–\u20096:00\u202fPM']",https://maps.google.com/?cid=2899095017282083662&g_mp=CiVnb29nbGUubWFwcy5wbGFjZXMudjEuUGxhY2VzLkdldFBsYWNlEAIYBCAA,https://places.googleapis.com/v1/places/ChIJR4uhYWwi1akRThs0446nOyg/photos/AcnlKN10ZDHkncyf3u7E66eAW7WSLuCCmiTqHscEvxyZ_rH-QNarB_8iTYPhKrwCm9D9GOFDKFw68vBGUEAWUX0-Z29MU-AOjjNzfgAqdmQGrvO0YDAzpWj3i7LVH1ZuQsCZGx6aw_2PZfNekEelXVIS6J9kHFNRGuaqXD31prolU3JRNyKlNpahk3CUoXlWQki4G5512lS-Y8E50bJ2VF0dE41pcFloGrr19cAhGfhNJ6ux5JB1XJF80TYSP568a9KvPlyq16qWxrnHNuubqgsdmvIQFHEgV7iQ_i519LtZJY5hcUM9QWi_7xe1bMZWrqCVaJ1dUz50NPHlru9F6vpzqzM5GS9a7q8iwnBioKEaSFH5K21OKfevf1mYR6ZlvUTKK8maygmSLqHgSjdME1was8hu7cbLYjSGlPohofH5ou5lgA/media?maxWidthPx=800&key=AIzaSyC8TIk0MnhD2IRSUvuND9nW3i6A344sGGI,"Long-standing golf club with an 18-hole course featuring rolling hills, tall trees & mountain views.",80,180,"['local', 'mid', 'mountain']",
7,Arrowtown Golf Course,ChIJ0Wxgh2si1akRptWa176l9ws,"Parking lot Centennial Avenue, Arrowtown 9302, New Zealand",-44.957388,168.846645,South Island,Otago,+64 3 442 1719,https://www.arrowtowngolf.co.nz/,4.5,73,"['Monday: 7:00\u202fAM\u2009–\u20097:00\u202fPM', 'Tuesday: 7:00\u202fAM\u2009–\u20097:00\u202fPM', 'Wednesday: 7:00\u202fAM\u2009–\u20097:00\u202fPM', 'Thursday: 7:00\u202fAM\u2009–\u20097:00\u202fPM', 'Friday: 7:00\u202fAM\u2009–\u20097:00\u202fPM', 'Saturday: 7:00\u202fAM\u2009–\u20097:00\u202fPM', 'Sunday: 7:00\u202fAM\u2009–\u20097:00\u202fPM']",https://maps.google.com/?cid=862340092744357286&g_mp=CiVnb29nbGUubWFwcy5wbGFjZXMudjEuUGxhY2VzLkdldFBsYWNlEAIYBCAA,https://places.googleapis.com/v1/places/ChIJ0Wxgh2si1akRptWa176l9ws/photos/AcnlKN14eGgcHa6cdsXTbYYdys8qkutR3H5PbOxV_MjWo5DLiKlCDX31GxedlA2VjCHaZ6zXh98Z6IU-BkYNV9193NG1fHJvQnAhSHtsdkPCQoaXsqPZS20Sm5-u0R1mUl0l9kDlVY8iV2j57Pj51ETZIYcWxyaVZ9Gjj27WZfK7EGczMygEZXCcG5YFze0GXU5i3_uqqTkVsq9238Jj7OUbBjkWJDj9dMfe8lTSzGwtz0EPSsrOTKExWWuUkrbmr-LTYmS1r-hBRWyUaiCSKTvlnxo9lUEg8ccnuLiV2GWvZwviK5DKo4NUZukX6bpp_R0v6bYpuDVm96r191NuEaRGyyB4OCCiMNI9OxYEFG0I9e5xDNwgVL83ayujGQeue_nfHg-5uvc3Uo0W3yoBv1cU2Td4Hpl8iGTw2YmKfwBSwLncgtWe/media?maxWidthPx=800&key=AIzaSyC8TIk0MnhD2IRSUvuND9nW3i6A344sGGI,"Golf course in Otago, South Island, offering a peaceful playing environment. Rated 4.5/5 (73 reviews) on Google.",150,400,"['coast', 'premium', 'resort']",
8,Avondale Golf Club,ChIJZ8tmpuOIMW0REzrx_vNHN-M,"141 Breezes Road, Avondale, Christchurch 8061, New Zealand",-43.5103225,172.69413749999998,South Island,Canterbury,+64 3 388 8203,http://avondalegolfclub.co.nz/,4.5,214,"['Monday: 8:00\u202fAM\u2009–\u20095:30\u202fPM', 'Tuesday: 8:00\u202fAM\u2009–\u20095:30\u202fPM', 'Wednesday: 8:00\u202fAM\u2009–\u20095:30\u202fPM', 'Thursday: 8:00\u202fAM\u2009–\u20095:30\u202fPM', 'Friday: 8:00\u202fAM\u2009–\u20095:30\u202fPM', 'Saturday: 8:00\u202fAM\u2009–\u20095:30\u202fPM', 'Sunday: 8:00\u202fAM\u2009–\u20095:30\u202fPM']",https://maps.google.com/?cid=16372634083608574483&g_mp=CiVnb29nbGUubWFwcy5wbGFjZXMudjEuUGxhY2VzLkdldFBsYWNlEAIYBCAA,https://places.googleapis.com/v1/places/ChIJZ8tmpuOIMW0REzrx_vNHN-M/photos/AcnlKN0vG_46gfFzH4UcpzUTbhP_ZZn7V0_pLW20_gQkyDDD1A-gpOU9iv70iYUN6yQnGLbzwiK5V4j3OqEkVD_38IQsGtGZKVBst_3FAbL3QSDV1lcT43OhBrcZNS63VLcoFAZCLkriwB8A5SCX-MSAgmofcJjFmEjnBmLadbeYkNP279zfFZ5H9QzT6gTy29Nf4Trer6B0x7kbGvzL2l_-z1r4FsZFobAzQQLxf_hVQ9DkhvH4N2qkNAxy8J-HsabVFiM2uWJ5LIprEZHzDAyCx2oPEn_6XnrYN1vNwCcXRBHXFBWiH3iODn0l9Q5vlT6n7II9pvefoftt8PLxjtSBLs6my7GEGQij4FXyp3CwPfjRxMWY_pLIKjlgMxlX_k99DFQ8qovvLzKIuovDzcT10OfmVjDu6-GkwuXc51baxfTXVoiw/media?maxWidthPx=800&key=AIzaSyC8TIk0MnhD2IRSUvuND9nW3i6A344sGGI,"Golf club in Canterbury, South Island, offering a peaceful playing environment. Rated 4.5/5 (214 reviews) on Google.",50,120,"['coast', 'local', 'mid']",
9,Awapuni Links,ChIJ7whZrpV3Zm0RjFubqQAJQy0,"381 Lytton Road, Awapuni, Gisborne 4010, New Zealand",-38.668863099999996,177.9960479,North Island,Gisborne,+64 6 867 4402,https://www.gisbornegolf.co.nz/,4.5,98,"['Monday: 8:00\u202fAM\u2009–\u20095:00\u202fPM', 'Tuesday: 8:00\u202fAM\u2009–\u20095:00\u202fPM', 'Wednesday: 8:00\u202fAM\u2009–\u20095:00\u202fPM', 'Thursday: 8:00\u202fAM\u2009–\u20095:00\u202fPM', 'Friday: 8:00\u202fAM\u2009–\u20095:00\u202fPM', 'Saturday: 7:30\u202fAM\u2009–\u20095:00\u202fPM', 'Sunday: 7:30\u202fAM\u2009–\u20095:00\u202fPM']",https://maps.google.com/?cid=3261460453596552076&g_mp=CiVnb29nbGUubWFwcy5wbGFjZXMudjEuUGxhY2VzLkdldFBsYWNlEAIYBCAA,https://places.googleapis.com/v1/places/ChIJ7whZrpV3Zm0RjFubqQAJQy0/photos/AcnlKN3yc4aXCgMcr8X1hfLXmS4Ue8CkSJ4_NCf7wfUuCZMvXkR-7DE-snwttX0PihsQpLcurUzNSBPKTto-_nNZglW7e8sZWgnU6zzZcl8hRqFFZ-2znhzG4I85rmqp72Rot7SsIrPjdAPnBwPKkMmw2LbIV6AqAzQw8w6_-t9u8OGaebOl2G48xURfD8fzhvxKlI-vEXWffFHK7trlDC4MGBeDE2-JIqO9Go9raRXRJZckSqDqHXOoDTp9SOzD56b8eYU7ISl5kwB2sxxPF8-12Le-YONHLgBLjZsWKeXNeFMZlFDwzJcQzjwbzaOkHJ6h9VHr2J0ennU5jSLSgQX79LorZsPc_t3UkeENhNdgu7a3dRsSn7vFzCVuEPJ2SFP2moLwpYGeqa_5iIIRS7AwpdBJiPt6JexWNHX7JeCCzxkKrERi/media?maxWidthPx=800&key=AIzaSyC8TIk0MnhD2IRSUvuND9nW3i6A344sGGI,"Links-style in Gisborne, North Island, offering a peaceful playing environment. Rated 4.5/5 (98 reviews) on Google.",80,200,"['coast', 'links', 'mid']",
10,Awatoto Public Golf Course,ChIJiyAGcFtLaG0RTv_45C8-55w,"200 Awatoto Road, Awatoto, Napier 4110, New Zealand",-39.536787,176.9166923,North Island,Hawke's Bay,+64 6 835 9950,http://www.maraenuigolf.co.nz/,4.2,120,"['Monday: 7:30\u202fAM\u2009–\u20095:00\u202fPM', 'Tuesday: 7:30\u202fAM\u2009–\u20095:00\u202fPM', 'Wednesday: 8:00\u202fAM\u2009–\u20095:00\u202fPM', 'Thursday: 7:30\u202fAM\u2009–\u20095:00\u202fPM', 'Friday: 7:30\u202fAM\u2009–\u20095:00\u202fPM', 'Saturday: 7:30\u202fAM\u2009–\u20095:00\u202fPM', 'Sunday: 7:30\u202fAM\u2009–\u20095:00\u202fPM']",https://maps.google.com/?cid=11306073764962828110&g_mp=CiVnb29nbGUubWFwcy5wbGFjZXMudjEuUGxhY2VzLkdldFBsYWNlEAIYBCAA,https://places.googleapis.com/v1/places/ChIJiyAGcFtLaG0RTv_45C8-55w/photos/AcnlKN0jqjPAbBAEAggJ2DJdp9auzuTWqELtSn86VIcfYb0a-4LS6jWa0OA4NQ6wUsagjODqeSYpkvI8YCfQVMGD5PkNVbFhrx-IuTjZnujHCkz9h1DAkFDJg5Df1KbpYLeM5y16IsE-DA5lG60LCmxxLHgGOm58ts92BRPi6IseRFx8OWuFHUHAWvE79Mb3LhJUScYl--RgNmibSj__FG3cvDcr37l6sl6d8aK6RqI5cinWuiBfZT13K9QWjNxC9IFyCyP4FzeXCLWCrZmfb7T3-13AaYd6ft-uXvkdkrF3LTUU2ZL-Cl_WJonudCvV1uTGxsPkBLXtFHYCF7kWNvSv7W6IxxmZ46AdVvj_hioUMkDW9FklvgXHTz6kMTTvUJ6qwIcEtBhntOiQIY-VDDeU8rymraNwaG39cyhwUOQ0t6Q9eny7/media?maxWidthPx=800&key=AIzaSyC8TIk0MnhD2IRSUvuND9nW3i6A344sGGI,"Golf course in Hawke's Bay, North Island, offering a peaceful playing environment. Rated 4.2/5 (120 reviews) on Google.",35,80,"['coast', 'local', 'value']",
11,Balmacewen Golf Course,ChIJXZgZMYKrLqgRELlZZYfvAA8,"125 Balmacewen Road, Maori Hill, Dunedin 9010, New Zealand",-45.853145,170.49338609999998,South Island,Otago,,,4.4,66,,https://maps.google.com/?cid=1081127275368921360&g_mp=CiVnb29nbGUubWFwcy5wbGFjZXMudjEuUGxhY2VzLkdldFBsYWNlEAIYBCAA,https://places.googleapis.com/v1/places/ChIJXZgZMYKrLqgRELlZZYfvAA8/photos/AcnlKN0Ex0W2wgj_RotPB63hu2dCXGYXDj8XHOWMktPkowR_PPm1hWY_PcIGRWAV5m-V1Ix2ls-6QFoX7kIzD6kH0d2CT8PdJZbULlwrHWXLI1npjNyDpssROmzpWM9sJZ2iRL3hMb98E81qQX41y14dYC1ButSQYeWMvGWubWUJdbdW-81qd079XgtbWzdYAl58ys6bQI9GrnZkGk2AqXwbkxyTyCUioakOfCiJZlutDHlI15jV1OFqoYxqNWSxyFkn5xM0BgvEZHpePW4kggHrxRlAErItqDRTz4YX777u1hA5JZ3JzkEZBWR2Ysoj61llvP3eRkZjkQ-SbwiRh9fz8rRbb5pDbKuc1zgkAFkXUiQvQZSD7rwqZREaj-w6HjEV3QPXSVGDCgpk3Jyz4DaO3fdj__z9vmCLmMpHvLsSi6icFx4/media?maxWidthPx=800&key=AIzaSyC8TIk0MnhD2IRSUvuND9nW3i6A344sGGI,"Golf course in Otago, South Island, set against a scenic mountain backdrop. Rated 4.4/5 (66 reviews) on Google.",35,80,"['coast', 'local', 'value']",
12,Bay of Islands Golf Club,ChIJo4F7ze63C20R6RXYkVqcScw,"Golf View Road, Waipapa 0230, New Zealand",-35.225570999999995,173.942116,North Island,Northland,+64 9 407 8837,http://www.bayofislandsgolf.co.nz/,4.4,147,"['Monday: 8:00\u202fAM\u2009–\u20095:00\u202fPM', 'Tuesday: 8:00\u202fAM\u2009–\u20095:00\u202fPM', 'Wednesday: 8:00\u202fAM\u2009–\u20095:00\u202fPM', 'Thursday: 8:00\u202fAM\u2009–\u20095:00\u202fPM', 'Friday: 8:00\u202fAM\u2009–\u20095:00\u202fPM', 'Saturday: 8:00\u202fAM\u2009–\u20095:00\u202fPM', 'Sunday: 8:00\u202fAM\u2009–\u20095:00\u202fPM']",https://maps.google.com/?cid=14720468769845024233&g_mp=CiVnb29nbGUubWFwcy5wbGFjZXMudjEuUGxhY2VzLkdldFBsYWNlEAIYBCAA,https://places.googleapis.com/v1/places/ChIJo4F7ze63C20R6RXYkVqcScw/photos/AcnlKN0wpsbXcWNN1fouW5ujX1rNVEzzi2pO5EzyYML2gwfY5gt1XAsd2DHGXRJBqVFHDLnLribTgyKB3OwlhhyLSjRk6tc3fuQgKNCb8xSTWs2dDbIFqlP00KriyDV39chZ9IG2oYGl8VpYcOrYuNqWIPU9wHYlRso0Ss_HXNjVvkVOs_2tuONU5mlnlZvVvvbWV2HR4Q5SUsGj0NT0HH-6tpZOPpfG_pcIoPRbMzhHBoftlBSoTMZe1kWQFHmPethQ8KAxRF3O64L8mM7q1-WV96_O3NpzLB4Mvw930gh-OkpFMR4ZW7k7XHQYmh2X1n7FmLTuSkhge1FV2g7Fng6_-UIo-y3Rzis4NTjGUUqfG8T69F5HoRx_rttKCWsw2j8fkNJQNihXQaLPQh6CNetPzrv6srTqpe-fc6_piPFcEHmFBo494F0RmEfRIgwJ9BaD/media?maxWidthPx=800&key=AIzaSyC8TIk0MnhD2IRSUvuND9nW3i6A344sGGI,"Golf club in Northland, North Island, featuring stunning coastal views. Rated 4.4/5 (147 reviews) on Google.",35,80,"['coast', 'local', 'value']",
13,Bay of Plenty Golf Association,ChIJPQjI7Y7abW0RZ206g8dwKyM,"1395 Cameron Road, Tauranga 3142, New Zealand",-37.7286668,176.1299515,North Island,Bay of Plenty,,https://www.golf.co.nz/bay-of-plenty,4.8,4,"['Monday: 8:30\u202fAM\u2009–\u20095:00\u202fPM', 'Tuesday: 8:30\u202fAM\u2009–\u20095:00\u202fPM', 'Wednesday: 8:30\u202fAM\u2009–\u20095:00\u202fPM', 'Thursday: 8:30\u202fAM\u2009–\u20095:00\u202fPM', 'Friday: 8:30\u202fAM\u2009–\u20095:00\u202fPM', 'Saturday: 8:30\u202fAM\u2009–\u20095:00\u202fPM', 'Sunday: 8:30\u202fAM\u2009–\u20095:00\u202fPM']",https://maps.google.com/?cid=2534243217528483175&g_mp=CiVnb29nbGUubWFwcy5wbGFjZXMudjEuUGxhY2VzLkdldFBsYWNlEAIYBCAA,https://places.googleapis.com/v1/places/ChIJPQjI7Y7abW0RZ206g8dwKyM/photos/AcnlKN2vQioMT09j7b_OJJvurBcN0MIxfW9-tiw-4kIvor84EUMXoII6WHuuhSUdADDq-KV5qEjTddK6GKLGORSkK_F6fEUTTPVUivGbfRPFYxVnVENWHhqZLLLBHx4bSboGaafj2G6LtgWtdph5fjHtVWbN0264MKiZiokAfoD06XdQbbhH27LQGQAKg5aQcvkgu-x-PKbNy-tyCCZ4cZ4Nkfl74KRRZJzcTAz2i-no5xcCZiN73gs1V6pxFmwz9gZeJHT9C4lwcADO_WJyRRG7Mv9uNZxGZFcgz6BcDgNZ-g4qbQ/media?maxWidthPx=800&key=AIzaSyC8TIk0MnhD2IRSUvuND9nW3i6A344sGGI,"Golf course in Bay of Plenty, North Island, featuring stunning coastal views. Rated 4.8/5 (4 reviews) on Google.",80,180,"['coast', 'local', 'mid']",
14,Belmont Links,ChIJ1fJEjAwBQG0REG2dJGLvAA8,"Westmere 4574, New Zealand",-39.9210122,174.9999219,North Island,Manawatu-Wanganui,,,4.6,44,,https://maps.google.com/?cid=1081127115369049360&g_mp=CiVnb29nbGUubWFwcy5wbGFjZXMudjEuUGxhY2VzLkdldFBsYWNlEAIYBCAA,https://places.googleapis.com/v1/places/ChIJ1fJEjAwBQG0REG2dJGLvAA8/photos/AcnlKN0SifNcsGQ6qoGuUuozRgwJ1nrbYvLGdH771AX2NuRLdMWcsf4cZ9aNKvOWxwWlj5W6TLMCNyOeUU4jmaWMBiwSzqQyLFbc2zJ-K3AnZoRMa50rs0DG8aZndlwtD_YMlx90kkwnJ97jfd9jRArcIra3P9EID8Ab3YsYYP25ELSe_IF8zDtOAX0KBBOR6HTS0hSKyicCXsPv6DJCqPmdr8or_P8N-CyEMAoMimANJxHk8I3mdT1OsVDUrODnAfJO45s5kW99bkL0cdvOiznAC0nVP7k-5IRTPbXO7eD6Cg66gkdsPC5uri1Xs4UdnHWDbNsNDkH_5NOxfEZYxpFsjtxk9Q2mU0ttc0PvzxvQx2l28KPjR-i42kG7wrGv9eY5LBWqsPNy4-nrnUxPa21cwgTBr6eQZyH4WQA4S_7Ms3A/media?maxWidthPx=800&key=AIzaSyC8TIk0MnhD2IRSUvuND9nW3i6A344sGGI,"Links-style in Manawatu-Wanganui, North Island, offering a peaceful playing environment. Rated 4.6/5 (44 reviews) on Google.",80,200,"['coast', 'links', 'mid']",
15,Berhampore Golf Course,ChIJpeB7xaq6OG0RoOubJGLvAA8,"80 Stanley Street, Berhampore, Wellington 6023, New Zealand",-41.3239258,174.77283129999998,North Island,Wellington,+64 4 389 6816,http://wellington.govt.nz/recreation/play-sport/berhampore-golf-course,4.2,129,,https://maps.google.com/?cid=1081127115368950688&g_mp=CiVnb29nbGUubWFwcy5wbGFjZXMudjEuUGxhY2VzLkdldFBsYWNlEAIYBCAA,https://places.googleapis.com/v1/places/ChIJpeB7xaq6OG0RoOubJGLvAA8/photos/AcnlKN3jCMauMUNR7ZX87JSdbM2jv6eXtM1PJQleVsaJNSBpnhC4Y1VcqPxrky8nNZAsvVW9iFQnhEPQ8nKZt0C3MAUtod58-JNCIjyhrrCMEivrNyX87qoQG0wDkn5TFhFUXH9tLO8sQINoh-Fp7BTB1hKN2EggEhItEwfuiaAqeaTANhzADH6T1kpm7KU4KJph30wNVATAwJfB_vhmiCi1kBIi1S_8tTrLAGgOhsCfEwGsqOCp4qtAV0ZYGxMAh5LI7heQ7m_h9fxHfUnr_OYCVQ4GyEZPtz7juIco3elgeFd7u5e87pOaKDzjTYktpF5_r9y09fmy2iSN9JhvYbNapFba20a7LADcqkXpZycV6PKPawhpjcBFYP1KjkxkLB6KfAbiBBn_r3evscYPC8ySLMDCXMFGzQ219HxkIzqcPX0N1GlD/media?maxWidthPx=800&key=AIzaSyC8TIk0MnhD2IRSUvuND9nW3i6A344sGGI,"Golf course in Wellington, North Island, offering a peaceful playing environment. Rated 4.2/5 (129 reviews) on Google.",35,80,"['coast', 'local', 'value']",
16,Birdies x Brews,ChIJ_zPE8CyvOG0RYiPrRR7FsWs,"11 Johnston Street, Wellington Central, Wellington 6011, New Zealand",-41.2831695,174.7775403,North Island,Wellington,+64 27 309 8424,https://www.birdiesxbrews.com/,4.7,154,"['Monday: Closed', 'Tuesday: 12:00\u2009–\u20098:00\u202fPM', 'Wednesday: 12:00\u2009–\u20098:00\u202fPM', 'Thursday: 12:00\u2009–\u20098:00\u202fPM', 'Friday: 12:00\u2009–\u20099:00\u202fPM', 'Saturday: 12:00\u2009–\u20098:00\u202fPM', 'Sunday: Closed']",https://maps.google.com/?cid=7760200366748803938&g_mp=CiVnb29nbGUubWFwcy5wbGFjZXMudjEuUGxhY2VzLkdldFBsYWNlEAIYBCAA,https://places.googleapis.com/v1/places/ChIJ_zPE8CyvOG0RYiPrRR7FsWs/photos/AcnlKN1PoZH0nWElUZXLoeGtiMTiVq0vqz3g2DVqMM1gFehKBjtRt7J9AUlMdyyhT2GwKeRkBXpU1z-ozIV_DNXk3-wZMRs6l2BfCyu9Tuh15iwiIeEiDaD0iN0PgMG-YAc3AGCOJnfVwLOFuFWKHO35cxNzy2ix4Gv2PZrjJ2XRqLNbRy2W3gzyhCmOe7ulQMBwOXcaP0rl_o017Pj-wZyQfFGjfwNDienjKLPPZVSfoLbadgGp2hZRQTLmgxSe35ijrdgFCBAATDB7pbOnQZMwkVjHT3y_UFkyRI8lYsSFQK9YfQ/media?maxWidthPx=800&key=AIzaSyC8TIk0MnhD2IRSUvuND9nW3i6A344sGGI,"Golf course in Wellington, North Island, offering a peaceful playing environment. Rated 4.7/5 (154 reviews) on Google.",50,120,"['coast', 'local', 'mid']",
17,Blenheim Golf Club,ChIJRevd370UOW0Rr7mjBfLNVGY,"55 Parker Street, Mayfield, Blenheim 7201, New Zealand",-41.5050159,173.9510665,South Island,Marlborough,+64 3 578 4320,http://www.blenheimgolfclub.co.nz/,4.4,58,"['Monday: 7:00\u202fAM\u2009–\u20095:00\u202fPM', 'Tuesday: 7:00\u202fAM\u2009–\u20095:00\u202fPM', 'Wednesday: 7:00\u202fAM\u2009–\u20095:00\u202fPM', 'Thursday: 7:00\u202fAM\u2009–\u20095:00\u202fPM', 'Friday: 7:00\u202fAM\u2009–\u20095:00\u202fPM', 'Saturday: 7:00\u202fAM\u2009–\u20095:00\u202fPM', 'Sunday: 7:00\u202fAM\u2009–\u20095:00\u202fPM']",https://maps.google.com/?cid=7373744929272740271&g_mp=CiVnb29nbGUubWFwcy5wbGFjZXMudjEuUGxhY2VzLkdldFBsYWNlEAIYBCAA,https://places.googleapis.com/v1/places/ChIJRevd370UOW0Rr7mjBfLNVGY/photos/AcnlKN2qNWVsOUey7dXWxUC1ldgW6cV_Et6vsN1bKftC5w6pdNSSdOnt53uotbOWJuwqlrrMxv88EoyoOz2AGYFgxOX-qa7hQdGXJP8xsTH6ZaARYtr0LnzYEs8xXTheMYGedmhU7fBzouhZKJIE7sqqZEgX-FKmCSF3L3xMp9l5f-nDS4RKCBWroZSlLHCx-LW4gP8HNWJ27Blfjp6vvcbPXzY0UZcR1l8m1cY_dvADIZDE_VKlZ2o0AFwwsiL8z4Dhpf7ahI4Jd32cJifbIyceH9hYJdedS6EhcmwTWjqFv2aTiMyjcZZuWQsVdp2niR4SbKtfoUE9CJPCj_ZsvtXZe_jCXKaXNmbfelvJwSsMACftm9vk5Tp94NgU-15LBsRXD38nKj9bVpxkE-u2ulmry9EGwV-XB8-p9b2IGKWp5Ev1D6AL/media?maxWidthPx=800&key=AIzaSyC8TIk0MnhD2IRSUvuND9nW3i6A344sGGI,"Golf club in Marlborough, South Island, offering a peaceful playing environment. Rated 4.4/5 (58 reviews) on Google.",35,80,"['coast', 'local', 'value']",
18,Bluff Golf Club,ChIJjwY1hU2_0qkRZRAQmxwtEcM,"160 Omaui Road, Omaui 9877, New Zealand",-46.5443037,168.2803634,South Island,Southland,+64 3 931 0082,,4.8,11,,https://maps.google.com/?cid=14056065512883884133&g_mp=CiVnb29nbGUubWFwcy5wbGFjZXMudjEuUGxhY2VzLkdldFBsYWNlEAIYBCAA,https://places.googleapis.com/v1/places/ChIJjwY1hU2_0qkRZRAQmxwtEcM/photos/AcnlKN3AIFaoHOWXCA0_mpovLMRpv6Pcisr2bHgLPzNiJ8xnkfKGr0_QvMalKmx8LlPY8Nw-DGO4iQJY1XB7pigPZfOEuxMHkXQkXwRoenM2-yLFMJ1uOSD5UAg5m_92xNDmgqwg40035NYZJWDDm39BlY9B48mH6s5vCTk5yyaLUqwNVXFechTdsjNqpJ1R4P0QWVaZVfrTFaoQ1oWq-Em6_WPzNVWjkbF5-0voo-zOEM2khwYesy9bQV-aHmbtMX5w3NwHvIsecgmtZgsCi1iFg5GChE2ArmqZxczEg7y7PAroa6xirM72Im6ykyThwZmNlxLnJhJqRkiXuyufH8PKU8uvZrTSOhXoC_wtVImR17zU7oj2jcdLuD4wu1VeW6KJgrP6GWbaFEJOlK5K_t21uopHB1OafnLisQkQdQCxYRrnd5hxifXz4bTkFq1KdsCv/media?maxWidthPx=800&key=AIzaSyC8TIk0MnhD2IRSUvuND9nW3i6A344sGGI,"Golf club in Southland, South Island, offering a peaceful playing environment. Rated 4.8/5 (11 reviews) on Google.",50,120,"['coast', 'local', 'mid']",
19,Boulcott's Farm Heritage Golf Club,ChIJ-T3azI-qOG0RHGrbgtmtNsE,"33 Military Road, Boulcott, Wellington 5010, New Zealand",-41.1997644,174.927865,North Island,Wellington,+64 4 567 4722,https://www.boulcottsfarmhgc.co.nz/,4.4,297,"['Monday: 9:00\u202fAM\u2009–\u20096:00\u202fPM', 'Tuesday: 9:00\u202fAM\u2009–\u20096:00\u202fPM', 'Wednesday: 9:00\u202fAM\u2009–\u20096:00\u202fPM', 'Thursday: 9:00\u202fAM\u2009–\u20096:00\u202fPM', 'Friday: 9:00\u202fAM\u2009–\u20096:00\u202fPM', 'Saturday: 9:00\u202fAM\u2009–\u20096:00\u202fPM', 'Sunday: 9:00\u202fAM\u2009–\u20096:00\u202fPM']",https://maps.google.com/?cid=13922506447777393180&g_mp=CiVnb29nbGUubWFwcy5wbGFjZXMudjEuUGxhY2VzLkdldFBsYWNlEAIYBCAA,https://places.googleapis.com/v1/places/ChIJ-T3azI-qOG0RHGrbgtmtNsE/photos/AcnlKN1UvZyZC84-5QSPUp9U-DQ-SJ2CBs_bES3Kky0byDuQ8uzAlz23heONuNXND2e2mz06hygzz7Slmpq5BLhbpGWiwMYlYDqWOgmIYftXqcwBj-0VPbDc5OE0zfa9N-jdlg8SOLOSpMRujVmbfdvwHuX1lDoFHYZYE-xRDmLtmi2J4DoeXV1mFl1KQvfBX8T0JnEGe8b26XuqdqcKvxUn8wirmU8-hqsiXiBdWEzoiS0ub_g5t6X29j_OXkh_GZKi32NHuTEMYcC1FCe99sZPeZHBxmxaSOrgRW2RYVQSuRQWjw/media?maxWidthPx=800&key=AIzaSyC8TIk0MnhD2IRSUvuND9nW3i6A344sGGI,"Golf club in Wellington, North Island, offering a peaceful playing environment. Rated 4.4/5 (297 reviews) on Google.",35,80,"['coast', 'local', 'value']",
20,Bunker Golf Mount Maunganui,ChIJFZXVPwDfbW0Rk-_TyjX731M,"5/63 Totara Street, Mount Maunganui 3116, New Zealand",-37.6471716,176.18722309999998,North Island,Bay of Plenty,+64 22 044 3392,http://www.bunkergolf.co.nz/,5,47,"['Monday: Open 24 hours', 'Tuesday: Open 24 hours', 'Wednesday: Open 24 hours', 'Thursday: Open 24 hours', 'Friday: Open 24 hours', 'Saturday: Open 24 hours', 'Sunday: Open 24 hours']",https://maps.google.com/?cid=6043825433409220499&g_mp=CiVnb29nbGUubWFwcy5wbGFjZXMudjEuUGxhY2VzLkdldFBsYWNlEAIYBCAA,https://places.googleapis.com/v1/places/ChIJFZXVPwDfbW0Rk-_TyjX731M/photos/AcnlKN0hOPnXvSiZ9Dz3x_W-3vU1q63ij7jUeEuMevvhLYjgs0qCEt5LNEIboWmYnWY8NDqED4fGUKYLGwQBBBbCjtiyaKTMnbajSDXn--YyhYIC4O69KP6bG9ENFieXPG5ukQfQq7dDQ31xj5QxHRELJDejN39iGcuBPGY9_0mi3eMTix82BaXNzA1e6VgWb4zR_71CbVyqaNDV7waeJIsT66gHHYZZMd_vbKs1H6EuRsWDebRzlL0Jc5QS3Hvq1SXFZg1UZfrrBescQjKjLUbmUntpvadBCqpS4_NjsLAbHJ7N2A/media?maxWidthPx=800&key=AIzaSyC8TIk0MnhD2IRSUvuND9nW3i6A344sGGI,"Golf course in Bay of Plenty, North Island, set against a scenic mountain backdrop. Rated 5/5 (47 reviews) on Google.",80,180,"['coast', 'local', 'mid']",
21,Cambridge Golf Club,ChIJeamGR4n9bG0R8XgY0nwRrmA,"112 Tirau Road, Cambridge 3432, New Zealand",-37.8959793,175.4927533,North Island,Waikato,+64 7 827 6381,http://www.cambridgegolf.co.nz/,4.1,138,"['Monday: 7:15\u202fAM\u2009–\u20096:00\u202fPM', 'Tuesday: 7:15\u202fAM\u2009–\u20096:00\u202fPM', 'Wednesday: 7:15\u202fAM\u2009–\u20096:00\u202fPM', 'Thursday: 7:15\u202fAM\u2009–\u20096:00\u202fPM', 'Friday: 7:15\u202fAM\u2009–\u20096:00\u202fPM', 'Saturday: 7:15\u202fAM\u2009–\u20096:00\u202fPM', 'Sunday: 7:15\u202fAM\u2009–\u20096:00\u202fPM']",https://maps.google.com/?cid=6966524901387172081&g_mp=CiVnb29nbGUubWFwcy5wbGFjZXMudjEuUGxhY2VzLkdldFBsYWNlEAIYBCAA,https://places.googleapis.com/v1/places/ChIJeamGR4n9bG0R8XgY0nwRrmA/photos/AcnlKN3jmxfHSaQiILqwI_e4jeMyfv4qCDealkp6K2I8wHS5QM0MyvhCHEDBP0PW5mQFHB31eBxrODoVj4Ny1xBPbOQN7q2acT5pBl9DVMbVSfjd-vLZQCnLHrx2GiKT8uxmH_xZqqoaInH837hlcFzPfb3Fj6e6jQTBO9zDR0jfHDz2p2ZnHxmRscFdXw5FlvqPIJhwYPv9V3etGDp43Ob67OhlvPoPp9izRYXl7Y3dK9_wniuwhYB7znK8atafO0td58NkGyL8ihJ7aaewtijcj2rdtPv5NYfuw1B09jIe5UvjOg/media?maxWidthPx=800&key=AIzaSyC8TIk0MnhD2IRSUvuND9nW3i6A344sGGI,"Golf club in Waikato, North Island, offering a peaceful playing environment. Rated 4.1/5 (138 reviews) on Google.",35,80,"['coast', 'local', 'value']",
22,Canterbury Golf,ChIJtcEWA4f0MW0Rsj7uB60OnpU,"375 McLeans Island Road, McLeans Island, Christchurch 8051, New Zealand",-43.4764584,172.52107709999999,South Island,Canterbury,+64 3 359 4000,http://www.canterburygolf.co.nz/,4.3,10,,https://maps.google.com/?cid=10781070694296731314&g_mp=CiVnb29nbGUubWFwcy5wbGFjZXMudjEuUGxhY2VzLkdldFBsYWNlEAIYBCAA,,"Golf course in Canterbury, South Island, offering a peaceful playing environment. Rated 4.3/5 (10 reviews) on Google.",35,80,"['coast', 'local', 'value']",
23,Cape Kidnappers Golf Course,ChIJMS_CVmA3aG0R9i46kXPu6Ac,"446 Clifton Road, Te Awanga 4180, New Zealand",-39.6536207,177.0408153,North Island,Hawke's Bay,+64 6 873 1018,https://www.robertsonlodges.com/the-lodges/cape-kidnappers/explore/golf,4.7,191,"['Monday: 7:00\u202fAM\u2009–\u20095:00\u202fPM', 'Tuesday: 7:00\u202fAM\u2009–\u20095:00\u202fPM', 'Wednesday: 7:00\u202fAM\u2009–\u20095:00\u202fPM', 'Thursday: 7:00\u202fAM\u2009–\u20095:00\u202fPM', 'Friday: 7:00\u202fAM\u2009–\u20095:00\u202fPM', 'Saturday: 7:00\u202fAM\u2009–\u20095:00\u202fPM', 'Sunday: 7:00\u202fAM\u2009–\u20095:00\u202fPM']",https://maps.google.com/?cid=569967532987526902&g_mp=CiVnb29nbGUubWFwcy5wbGFjZXMudjEuUGxhY2VzLkdldFBsYWNlEAIYBCAA,https://places.googleapis.com/v1/places/ChIJMS_CVmA3aG0R9i46kXPu6Ac/photos/AcnlKN3RZz83Dwy5YYqteRlVzfqt66lWyXb7DD2XZAxbbr_PZJYLg4DD75ThfnLsUnnsDWZrfXnOVdAFgFL3PfqMBAWtPRV_tg2UlrXxEkoy14JEjjWMpY66iaaLJfPImOELphmcxmS1CGg41afZ3UJN9BpuiMxBufg5REQjf3hDzuXNOe1tpD5LhdOGCcPhRhKBFOd4BE8vd1AW7crsg3xFql2kvUeR49zlbbCurm0TCRpEOPSj7CL2W9XGY-zzdYJ-bdWseMtA4iVmrhm-8nCt7Njo5F4_qv5GgMC6g2JObsyjsQ/media?maxWidthPx=800&key=AIzaSyC8TIk0MnhD2IRSUvuND9nW3i6A344sGGI,"Golf course in Hawke's Bay, North Island, offering a peaceful playing environment. Rated 4.7/5 (191 reviews) on Google.",80,180,"['coast', 'local', 'mid']",
24,Carlucci Land,ChIJgxiliqO6OG0Rd_j6Y8SL_Ow,"281 Happy Valley Road, Ōwhiro Bay, Wellington 6023, New Zealand",-41.3300056,174.757119,North Island,Wellington,+64 4 971 8618,http://www.carlucciland.nz/,4.7,650,"['Monday: 9:30\u202fAM\u2009–\u20099:30\u202fPM', 'Tuesday: 9:30\u202fAM\u2009–\u20099:30\u202fPM', 'Wednesday: 9:30\u202fAM\u2009–\u20099:30\u202fPM', 'Thursday: 9:30\u202fAM\u2009–\u20099:30\u202fPM', 'Friday: 9:30\u202fAM\u2009–\u20099:30\u202fPM', 'Saturday: 9:30\u202fAM\u2009–\u20099:30\u202fPM', 'Sunday: 9:30\u202fAM\u2009–\u20099:30\u202fPM']",https://maps.google.com/?cid=17076677562689321079&g_mp=CiVnb29nbGUubWFwcy5wbGFjZXMudjEuUGxhY2VzLkdldFBsYWNlEAIYBCAA,https://places.googleapis.com/v1/places/ChIJgxiliqO6OG0Rd_j6Y8SL_Ow/photos/AcnlKN0sE00nEz0v7h_vYKa5iZ-WRSCpNmZEaob6lz23QOCyFVeFsSygR5NjWqS7Jxn8m9BTvS7FMRkWjtR56Y0nq_NAIdWDt-3iEmKGXe5slQ7bRcVJuFaxu568WEkE5Gt2RuoP5Yp-BYgpUgbbHenGgpUWA-2ruEHTaBXGi5fU1nwRb8c5O1ZbZdHjuWely4r8Q-RuhsdCfJ7VLy-MiSbAQOSkUnarW6xP1D6K4avGFJcElp0wJPY-0nr0SlSqv8OQp1bTq8Or1em-9MVY2b3ZuhtzUuuPjbW5-EmVqaF0DcTq7Q/media?maxWidthPx=800&key=AIzaSyC8TIk0MnhD2IRSUvuND9nW3i6A344sGGI,"Golf course in Wellington, North Island, featuring stunning coastal views. Rated 4.7/5 (650 reviews) on Google.",50,120,"['coast', 'local', 'mid']",
25,Castlecliff Golf Club,ChIJ75gp5ToBQG0REeUYWxjlYTQ,"8 Awatea Street, Castlecliff, Whanganui 4501, New Zealand",-39.9256976,174.9728173,North Island,Manawatu-Wanganui,+64 6 344 4554,http://www.castlecliffgolfclub.org.nz/,4.4,92,"['Monday: 8:00\u202fAM\u2009–\u20094:00\u202fPM', 'Tuesday: 8:00\u202fAM\u2009–\u20094:00\u202fPM', 'Wednesday: 7:00\u202fAM\u2009–\u20094:00\u202fPM', 'Thursday: 7:00\u202fAM\u2009–\u20094:00\u202fPM', 'Friday: 7:00\u202fAM\u2009–\u20094:00\u202fPM', 'Saturday: 7:00\u202fAM\u2009–\u20094:00\u202fPM', 'Sunday: 7:00\u202fAM\u2009–\u20094:00\u202fPM']",https://maps.google.com/?cid=3774549855483520273&g_mp=CiVnb29nbGUubWFwcy5wbGFjZXMudjEuUGxhY2VzLkdldFBsYWNlEAIYBCAA,https://places.googleapis.com/v1/places/ChIJ75gp5ToBQG0REeUYWxjlYTQ/photos/AcnlKN0imQM4MmO7q7Kg8hIlaOEYXw7wATuwLCCOXSdyXqmbhNOrZRv1y17yvkEmtXLwjjf29wreq1HL8EnmEXJuOAlUcdBa1T9T3ikMy0_Ie5983o-jVe_w39K5ZARtnKmsH0MhlAomum1QNvPN8jkDWbHaqrbnMGHQk3Z_XbQ9EjAdHwZ_Rz9VdhVKxbaZ90P5Gq26ZIlyYm9MLlpwLwLkmbZOu6SgI7Fl8_33g7KPRkL3mer5nzauxKT4oeL8sPTb4VUptn8rBl7Ox3q0Lgh2rNAO5QHm1suYvMCisrJho0AK7SSBxmYHAOV0YRGUtT-vz1yoygb-roSC3WjF4fvsuHnFsBdjmHLJUjCM9bTAmgzwZD3cJBw1ye9fO4FWqXxpQwhxywjerJjrQSamWV7Opg71EmGmt9fjllEzcDjVhQR2rA/media?maxWidthPx=800&key=AIzaSyC8TIk0MnhD2IRSUvuND9nW3i6A344sGGI,"Golf club in Manawatu-Wanganui, North Island, featuring stunning coastal views. Rated 4.4/5 (92 reviews) on Google.",35,80,"['coast', 'local', 'value']",
26,Chamberlain Park Public Golf Course,ChIJwZzaHxtHDW0RoOybJGLvAA8,"46A Linwood Avenue, Mount Albert, Auckland 1025, New Zealand",-36.87068070000001,174.72071649999998,North Island,Auckland,+64 9 815 4999,http://www.chamberlainpark.co.nz/,4.3,492,"['Monday: 6:00\u202fAM\u2009–\u20097:30\u202fPM', 'Tuesday: 6:00\u202fAM\u2009–\u20097:30\u202fPM', 'Wednesday: 6:00\u202fAM\u2009–\u20097:30\u202fPM', 'Thursday: 6:00\u202fAM\u2009–\u20097:30\u202fPM', 'Friday: 6:00\u202fAM\u2009–\u20097:30\u202fPM', 'Saturday: 6:00\u202fAM\u2009–\u20097:30\u202fPM', 'Sunday: 6:00\u202fAM\u2009–\u20097:30\u202fPM']",https://maps.google.com/?cid=1081127115368950944&g_mp=CiVnb29nbGUubWFwcy5wbGFjZXMudjEuUGxhY2VzLkdldFBsYWNlEAIYBCAA,https://places.googleapis.com/v1/places/ChIJwZzaHxtHDW0RoOybJGLvAA8/photos/AcnlKN07GfKXXwtXoGcTyBwFzPlkN86LzXlF3cRN6Mky-rQ3YlbJMKhimLsWaLOINGvc7QbCKTz5eS99z97H4oAwoWIXZGybtXPi4tP8aSs7zcRUeYO-e2HMHi--NcQPXinf5sRkBbj70fhDw18u_2Bi0jt2wFosEvjqXXV48hqvvlriJjI498QmD4tjm24e1pbQoH6fzWfGRlblRJdM-smfc-kp_iOXkDxctHO9S9Nbsd92LWu96Bpw-WMWKXzIQFqMK7h9EbDih3iGpscwxnjwfnx8B-sjfPpwUQeDo-am4x229kaXXvXNsu4kvY3oM12jyVGAQxaYDIqLUe-ch1j0RSwpvpRf0RUPpGw0XYzEHjxEEfIR5P346tEbREcQ3-QciUZXWBmCSFOiFXxHMmvWp6450nIDvnwXk6nL044MZ8ZYzg2N/media?maxWidthPx=800&key=AIzaSyC8TIk0MnhD2IRSUvuND9nW3i6A344sGGI,"Golf course in Auckland, North Island, set against a scenic mountain backdrop. Rated 4.3/5 (492 reviews) on Google.",35,80,"['coast', 'local', 'value']",
27,Charteris Bay Golf Club,ChIJ66fUOLclMm0Ro4183WY15Xc,"Charteris Bay Road, Charteris Bay 8971, New Zealand",-43.655825199999995,172.70277009999998,South Island,Canterbury,,http://www.charterisbay.co.nz/,4.6,26,,https://maps.google.com/?cid=8639370176099028387&g_mp=CiVnb29nbGUubWFwcy5wbGFjZXMudjEuUGxhY2VzLkdldFBsYWNlEAIYBCAA,https://places.googleapis.com/v1/places/ChIJ66fUOLclMm0Ro4183WY15Xc/photos/AcnlKN1sYw8txd_I2y2vVe2ov1806JSSHM-SwePsQQ_NKCrCAOvUGK3CJaDoABExCuAVucKAtbanMKEQ3rx_Z5Y3pI-xdwJvSQZnUGzg6sze85ATYWmAG60_8ac1dTYKqik9Tb0m5piZYEv72GCJ5Si5oyWNT75ux1uDQablhZGw-M3qZdoHRbq-H2iiDg-Eg7PTKVl51ikum2Z8dIavZAD8sexlIVdd8uH_rZLZ1updLgOoSA9HfLHFsKFITsr9M8XyCLtm7HUr_Txq7eft7zu8Mp4deIsy7EijkCGluGSrW2R7_t8SiHIHfxGNN6wiDiMqaa0GO5w3KWiLRlJOt_oPuBR43fgr5gp4Jz2K-nBSfGFoy7_1-ireMtf5GR39nBafcS-AoyazFC5in5IsgPdSgC9e2VEjHZbjBzNcDpOhuQENuE_c/media?maxWidthPx=800&key=AIzaSyC8TIk0MnhD2IRSUvuND9nW3i6A344sGGI,"Golf club in Canterbury, South Island, featuring stunning coastal views. Rated 4.6/5 (26 reviews) on Google.",50,120,"['coast', 'local', 'mid']",
28,Christchurch Golf Club,ChIJqxr8EkCJMW0RPziNvhOg64k,"45 Horseshoe Lake Road, Shirley, Christchurch 8061, New Zealand",-43.4997116,172.668597,South Island,Canterbury,+64 3 385 9506,https://www.christchurchgolf.co.nz/,4.7,152,,https://maps.google.com/?cid=9938213009384880191&g_mp=CiVnb29nbGUubWFwcy5wbGFjZXMudjEuUGxhY2VzLkdldFBsYWNlEAIYBCAA,https://places.googleapis.com/v1/places/ChIJqxr8EkCJMW0RPziNvhOg64k/photos/AcnlKN1wkj1XgH8mSOGFlEi018CYlSqSQZwzYYmGSYdAFeiOg0h_dtd7h0eBRalcTA25IJCqgdGD2Dc7zR8qhpljgh5uZkgnT2USlfUJ8ie7uedvMaACynPbfKxBL94lGJgq-gbGKApuuEVPENAfuEHlh7h0XlFPxvyZTm1yebr99R-ASTaH1ASBN9Qsn3FS9VVVrdk56amLBScQfKWB75Er8J8F4shfDjFiBBbpc0V6xivA4UPYllRcr7hIh40Cdcz-lahD8uy9an92TWcwn44piARYPvp4yj4T2ruURfcGagYXdambuzeAfSL9QvSstjFzw5NrsgK99S5yT9VTmzb6a4J1EKbzHD4mOilHMQ56hPAHEVFH92WzxGvmOowBXyewiLBlLc6GvkTwG_93jURpimmQ4abo4h6vtIe6aPfYchazj0g3oadf81MuY4U7T414/media?maxWidthPx=800&key=AIzaSyC8TIk0MnhD2IRSUvuND9nW3i6A344sGGI,"Golf club in Canterbury, South Island, with beautiful lakeside scenery. Rated 4.7/5 (152 reviews) on Google.",50,120,"['coast', 'local', 'mid']",
29,Clarks Beach Golf Club,ChIJOWeKaNdYDW0RgrJ25Qa0iGc,"100 Stevenson Road, Clarks Beach 2122, New Zealand",-37.140006199999995,174.69948069999998,North Island,Auckland,+64 9 232 1788,http://www.clarksbeachgolfclub.co.nz/,4.5,107,"['Monday: 8:00\u202fAM\u2009–\u20095:30\u202fPM', 'Tuesday: 8:00\u202fAM\u2009–\u20095:30\u202fPM', 'Wednesday: 8:00\u202fAM\u2009–\u20097:30\u202fPM', 'Thursday: 8:00\u202fAM\u2009–\u20097:30\u202fPM', 'Friday: 8:00\u202fAM\u2009–\u20097:30\u202fPM', 'Saturday: 8:00\u202fAM\u2009–\u20097:30\u202fPM', 'Sunday: 8:00\u202fAM\u2009–\u20097:30\u202fPM']",https://maps.google.com/?cid=7460410724451791490&g_mp=CiVnb29nbGUubWFwcy5wbGFjZXMudjEuUGxhY2VzLkdldFBsYWNlEAIYBCAA,https://places.googleapis.com/v1/places/ChIJOWeKaNdYDW0RgrJ25Qa0iGc/photos/AcnlKN0MvmWlyBJOcruCtrgWBD2oxjdfNO0jXpOqDsAJS4AHl0XdJxJ_uqzLsSlZqiiIYpQgRWxf9fWb9XYHZfBX_c8saupiPyB4dRaQnKpOttJqd1wXMGLwTWEZOGCRNXboxqjYbJpz1rliR1FmrTVf0R7YIDKY84pBJruLwNvZ4fJt64MzcZETxIrtqeARdAvrtn85XHlAC0tt-NYRma522_CAYxmef_X561pFEZAO7oe6nPeose9U6riDq4cNuzlenPe3qnWxKxxzYiwuRp4Gn6EIKGCe1ywoINXHLocHdkPjbw/media?maxWidthPx=800&key=AIzaSyC8TIk0MnhD2IRSUvuND9nW3i6A344sGGI,"Golf club in Auckland, North Island, featuring stunning coastal views. Rated 4.5/5 (107 reviews) on Google.",50,120,"['coast', 'local', 'mid']",
30,Clearwater Golf Club,ChIJA7LOSICLMW0R_GauMtq7iKI,"40A Clearwater Avenue, Northwood, Christchurch 8051, New Zealand",-43.4480911,172.5962452,South Island,Canterbury,+64 3 360 2146,http://www.clearwatergolf.co.nz/,4.6,259,"['Monday: 7:00\u202fAM\u2009–\u20097:00\u202fPM', 'Tuesday: 7:00\u202fAM\u2009–\u20097:00\u202fPM', 'Wednesday: 7:00\u202fAM\u2009–\u20097:00\u202fPM', 'Thursday: 7:00\u202fAM\u2009–\u20097:00\u202fPM', 'Friday: 7:00\u202fAM\u2009–\u20097:00\u202fPM', 'Saturday: 7:00\u202fAM\u2009–\u20097:00\u202fPM', 'Sunday: 7:00\u202fAM\u2009–\u20097:00\u202fPM']",https://maps.google.com/?cid=11711817376804529916&g_mp=CiVnb29nbGUubWFwcy5wbGFjZXMudjEuUGxhY2VzLkdldFBsYWNlEAIYBCAA,https://places.googleapis.com/v1/places/ChIJA7LOSICLMW0R_GauMtq7iKI/photos/AcnlKN3FAwXyDT5UEp064LR5Uo4N6ufuUtafKBEqrqbWjKGX4rTtpfeBel7uAFE9bc6xxuSGhae7VtKqE8PBzN6QBSOMJT0Hxu9DoIHE3seBi4iy3VZlNjHzE-M_nj1oAc5ZkEbSBdevQJoCIzeujZoKwijoRDw5zOvqkgQZlNTcognrGD1RbGIUCYzNViCI7ytuCs2SxXwGEhiCZd1LhX9SI5EYXGKLhyoiibFBuYsGnJuG1kCw93RdISIxdKsu5zO9V9ZlExP8R9c27tW1ZNezjUBC8Vd9uJtewbBBOClo8LMY7Q/media?maxWidthPx=800&key=AIzaSyC8TIk0MnhD2IRSUvuND9nW3i6A344sGGI,"Golf club in Canterbury, South Island, offering a peaceful playing environment. Rated 4.6/5 (259 reviews) on Google.",50,120,"['coast', 'local', 'mid']",
31,Coringa Golf Club,ChIJU8LHhvbzMW0RgUF2263bSwM,"680 McLeans Island Road, McLeans Island, Christchurch 8051, New Zealand",-43.465038199999995,172.491043,South Island,Canterbury,+64 3 359 7174,http://www.coringagolfclub.co.nz/,4.2,184,"['Monday: 8:00\u202fAM\u2009–\u20094:00\u202fPM', 'Tuesday: 8:00\u202fAM\u2009–\u20094:00\u202fPM', 'Wednesday: 8:00\u202fAM\u2009–\u20094:00\u202fPM', 'Thursday: 8:00\u202fAM\u2009–\u20094:00\u202fPM', 'Friday: 8:00\u202fAM\u2009–\u20094:00\u202fPM', 'Saturday: 8:00\u202fAM\u2009–\u20094:00\u202fPM', 'Sunday: 8:00\u202fAM\u2009–\u20094:00\u202fPM']",https://maps.google.com/?cid=237524945124868481&g_mp=CiVnb29nbGUubWFwcy5wbGFjZXMudjEuUGxhY2VzLkdldFBsYWNlEAIYBCAA,https://places.googleapis.com/v1/places/ChIJU8LHhvbzMW0RgUF2263bSwM/photos/AcnlKN1qb5Omzxs-S4jqOGGdSx4D0yomJdtGkyi0Mkg62j7tiKvKYTRk52_fEnfGh8QgXjGr3zGyVJxsQrHaRji5kIqh5MNSolqnqntR-KendTtWIPTNHSyWP8KbGnjym3f0L3DZfUtDDyItJDo9Ps_wbKv9MSSYyZksEzwjPiSLcswDu_6B-9zb84TvRJ2ESjNXEs8GGNoE8z3XEJAh-1ONG9tgT3k07AyZcRWKgyFvMTFPIaittXvCwbUNvSG13ubeamAqYX19CiyZubZsLkefi4fl_hD6RqkFOcrJloMAt5_isA/media?maxWidthPx=800&key=AIzaSyC8TIk0MnhD2IRSUvuND9nW3i6A344sGGI,"Golf club in Canterbury, South Island, offering a peaceful playing environment. Rated 4.2/5 (184 reviews) on Google.",35,80,"['coast', 'local', 'value']",
32,Cromwell Golf Club,ChIJr8b8TunUKqgR0LhZZYfvAA8,"55 Neplusultra Street, Cromwell 9310, New Zealand",-45.039927999999996,169.20847759999998,South Island,Otago,+64 3 445 0165,https://www.cromwellgolf.co.nz/,4.4,134,"['Monday: 8:00\u202fAM\u2009–\u20095:00\u202fPM', 'Tuesday: 8:00\u202fAM\u2009–\u20095:00\u202fPM', 'Wednesday: 8:00\u202fAM\u2009–\u20095:00\u202fPM', 'Thursday: 8:00\u202fAM\u2009–\u20095:00\u202fPM', 'Friday: 8:00\u202fAM\u2009–\u20095:00\u202fPM', 'Saturday: 8:00\u202fAM\u2009–\u20095:00\u202fPM', 'Sunday: 8:00\u202fAM\u2009–\u20095:00\u202fPM']",https://maps.google.com/?cid=1081127275368921296&g_mp=CiVnb29nbGUubWFwcy5wbGFjZXMudjEuUGxhY2VzLkdldFBsYWNlEAIYBCAA,https://places.googleapis.com/v1/places/ChIJr8b8TunUKqgR0LhZZYfvAA8/photos/AcnlKN0BWhfSRhC2zHRKT7xGllUSc7YntqsFQUw64BKGqDNOX_X5_5TqaukvFhVA34XXgmX4M8Y8o_geFvLJ-RASHaOkkYitvYoWTspSI2QIQiXhBVSG1guG27Q7SIZsQ4jzlOzXer8mkcako_0UakO6DLsGwq3-Bv8q0hxHUHsFaeW38F45OhMEJgsYuEe1dD5c8b9Kmmff30OxsAqpT1FJvxVX-K9ZuhONX8KCSkUoJ4EochtKLRtAjjaPRGo4sCv3LPeDjQtjuJnPmL3JeiC9DfVMF1Q9nUU_-TW-I-GimbM94C8DycE9tKzxt4eDNS7R8tON0EVEircRfDxe5bhg54isW1jHW3Xle80zxvhjHY4jTtnEoYAnEQLX7ySG8rpjdEM0Dk95iwpTJY-au9gmgt2hGNex6uwthW_VWnm_9NDBkA/media?maxWidthPx=800&key=AIzaSyC8TIk0MnhD2IRSUvuND9nW3i6A344sGGI,"Golf club in Otago, South Island, offering a peaceful playing environment. Rated 4.4/5 (134 reviews) on Google.",35,80,"['coast', 'local', 'value']",
33,Dipton Golf Club,ChIJ-QXEgCdr06kR75vukr8fG-w,"Bryce Road, Dipton 9791, New Zealand",-45.9050705,168.3759361,South Island,Southland,+64 3 248 5051,,4.8,5,,https://maps.google.com/?cid=17013226924986506223&g_mp=CiVnb29nbGUubWFwcy5wbGFjZXMudjEuUGxhY2VzLkdldFBsYWNlEAIYBCAA,https://places.googleapis.com/v1/places/ChIJ-QXEgCdr06kR75vukr8fG-w/photos/AcnlKN0PjAQOQu0ZSqiRLXDlslqr0QUpDzLmRqabT1jv00AKyoey0cWxdouyQ8r3JQ1OZBN81_9fGV0ycGu5j54Ahle4g83DW6bELqU__kNH5tbnwEFjrLfuryYeiEWoSZ4l_Xnty1VmRhxFcf3RczxG8gcC7VASM0YgLs-be1HCWnaGIoJkYmW2Yd3yW5jFImuq79UO8KsoJNoJ39RJ14ff12vXcpBLrkYZhzPCb4o028ODs6Q6QqGdOMTZ1zAHZx6SOfVjrmWN9jOrHkeeIpcmtDX7B9Qw8MdLuZv0_-wmUsuTdzy0CKMObPc6iN05a1lfJBSivIIJIhxxz7WS3bzgitsGhJsEUf3eFw3MQmxhZjMX0mjwnRg-tlvOLJb1WuIfte0eCxX8T1OzYb5xXLGmrJQcF83pfq2CeIWgDiE7qumlig/media?maxWidthPx=800&key=AIzaSyC8TIk0MnhD2IRSUvuND9nW3i6A344sGGI,"Golf club in Southland, South Island, offering a peaceful playing environment. Rated 4.8/5 (5 reviews) on Google.",50,120,"['coast', 'local', 'mid']",
34,Drummond Golf Club Inc,ChIJKbfgKMUc06kRtYlAbwhj8JY,"567 Boundary Road, Drummond 9683, New Zealand",-46.1557525,168.1508543,South Island,Southland,+64 3 236 2845,https://www.facebook.com/drummond567/,4.8,20,,https://maps.google.com/?cid=10876301987977136565&g_mp=CiVnb29nbGUubWFwcy5wbGFjZXMudjEuUGxhY2VzLkdldFBsYWNlEAIYBCAA,https://places.googleapis.com/v1/places/ChIJKbfgKMUc06kRtYlAbwhj8JY/photos/AcnlKN1DcdJho-DE_QBG9bdWq5yZ5k_1lrF9l2IE-X3Yq7YjB8uwalECxlcfZrxfls_3c-tZKJ61-R1W4zmGjgbOdqsjAXcxRcbjhfbPyhZ4fbbL_YS5FpCrIghbJkYPNBKplVugtOuytsK2cFWcoLo5DyuJ2xEVaQ5Nd9YXD4KCYRLCIKEm8H8ANn3rcwcwd3uFqfXXiMZuDC111yYWEL4RKM-OeTxBxZOHLYYgjf9KB21Wj4bO-Vb3W2YPWXu7tLjjikPDktDCt8e0oBDy8bhKBxCLrBcxsIKhsz8cJJwjTejmrLDvCxFMobww3JMgyCSs-Lngmh-xj6_F9Bt5fZWPwrwL-sGgGxO-wJYwoyoIYGiUb-_9GE3mbCyDOE6tPcxiX0ir-m0APFcxMkiP6B14rZ7I8qu1henfOlYRNlvCFRrA0E2T/media?maxWidthPx=800&key=AIzaSyC8TIk0MnhD2IRSUvuND9nW3i6A344sGGI,"Golf club in Southland, South Island, offering a peaceful playing environment. Rated 4.8/5 (20 reviews) on Google.",50,120,"['coast', 'local', 'mid']",
35,Dunedin Golf Club (Chisholm Links),ChIJf7V9tI6uLqgR7EtiDBW1qAk,"16 Tahuna Road, Tainui, Dunedin 9013, New Zealand",-45.9061685,170.5265072,South Island,Otago,+64 3 455 0715,http://www.dunedingolfclub.co.nz/,4.4,41,"['Monday: 8:30\u202fAM\u2009–\u20095:30\u202fPM', 'Tuesday: 8:30\u202fAM\u2009–\u20095:30\u202fPM', 'Wednesday: 8:30\u202fAM\u2009–\u20095:30\u202fPM', 'Thursday: 8:30\u202fAM\u2009–\u20095:30\u202fPM', 'Friday: 8:30\u202fAM\u2009–\u20095:30\u202fPM', 'Saturday: 7:30\u202fAM\u2009–\u20095:30\u202fPM', 'Sunday: 8:30\u202fAM\u2009–\u20095:30\u202fPM']",https://maps.google.com/?cid=696005244435450860&g_mp=CiVnb29nbGUubWFwcy5wbGFjZXMudjEuUGxhY2VzLkdldFBsYWNlEAIYBCAA,https://places.googleapis.com/v1/places/ChIJf7V9tI6uLqgR7EtiDBW1qAk/photos/AcnlKN2-T6IICu6AkEmhhqRrQqvv_4n8pTuSNgNVN66XjNBIe7unmwvqout_cQuvKl3ZqFPzkOy7mkQMI7VZIB8PYfQ70aH1Tg3sC3v7r-iclAl2fJ3e_JlH6RCyHrTRRmXWCKMPmn8Xi67XJVJd7xP3Ek5XEbmhPw0E14uf7oj4GYwfL_shf3gWR7Xk0loy90qZvczuAxo692XYEO9OB14TbXTy54Vrciocj2gObfQnzCXsYUniEPb7n-NcnGknSTIHbnfUZz8r5UIHvpwKGfzotQPD7Thtes0aUFdn3zJBMSv4bZkcMFLvvl2Dy6n3OPwLMaLOYzmNgZKRjQ_pLnS0EtzscSQ9znfXDPgCLZJcsMTsTyq9tIpABibz9nsyiR87D3CJMaFbtqv46a60h0nyiykPMCyF8f_ZnJRTzFqaagiOYebWStuqOIntxjnKHi7k/media?maxWidthPx=800&key=AIzaSyC8TIk0MnhD2IRSUvuND9nW3i6A344sGGI,"Links-style in Otago, South Island, offering a peaceful playing environment. Rated 4.4/5 (41 reviews) on Google.",120,300,"['coast', 'links', 'premium']",
36,Dunstan Golf Club,ChIJMw9Dmu0lK6gRLv_m2X4R0XM,"Oreilly Avenue, Clyde 9330, New Zealand",-45.1927938,169.32235910000003,South Island,Otago,+64 3 449 2729,http://www.sporty.co.nz/dunstangolf,4.7,67,,https://maps.google.com/?cid=8345470821013585710&g_mp=CiVnb29nbGUubWFwcy5wbGFjZXMudjEuUGxhY2VzLkdldFBsYWNlEAIYBCAA,https://places.googleapis.com/v1/places/ChIJMw9Dmu0lK6gRLv_m2X4R0XM/photos/AcnlKN1OC-6Av2KSPdO56-Iac-QpRzprRjztjTJWncWyuoOgbQtd1sCqF5uWMvLw06tEoUYdpeHqrIefLPuhwkJF2-_XOPxvL8Qkv1s-yc7ZTritu-A2S9lCs-nikVSP2uemzd4v-l4oC0-vwBCuRjLj3msh1QqOV3AOi8Dn1bVy3QpYR4p-deMSFiUWLFMULhjjCBt0VyrJyS5jpxK-2C1vyhNxoYOJDN8YLQBLn8u5dHB7c-65OOco-R4t_pvznWFfejZvmh5uCwyY0By7Hfa43ekCNOMG4V2NAacq2IUz7P2JU4ONe-tE5P5afpSJvYuJEGsu4rVJLS8UeuwhdUki_EgIGIvbSFAvu7zi3WWXAGnpMPACG_XLOThKVGpMd2B3nHkD52ErcE7MhMp3F871ylH0fpMvAWxs3gebJU_2JmA/media?maxWidthPx=800&key=AIzaSyC8TIk0MnhD2IRSUvuND9nW3i6A344sGGI,"Golf club in Otago, South Island, offering a peaceful playing environment. Rated 4.7/5 (67 reviews) on Google.",80,180,"['coast', 'local', 'mid']",
37,Eltham Golf Club,ChIJr7JfjyMKFW0RYlctVC3dE-8,"Eltham 4322, New Zealand",-39.4366821,174.29568129999998,North Island,Taranaki,,,5,1,,https://maps.google.com/?cid=17227356186377803618&g_mp=CiVnb29nbGUubWFwcy5wbGFjZXMudjEuUGxhY2VzLkdldFBsYWNlEAIYBCAA,https://places.googleapis.com/v1/places/ChIJr7JfjyMKFW0RYlctVC3dE-8/photos/AcnlKN1aK-i6PBEz6ggYpRrXqhm537bF3i0MZdXNM2dWWlGirHacfSABHKmJZ4872bmgqSqv1nDzWPehh3lP51ynGIQ-Ax1LdnEPtglAhyCLv0XmGe-RaRn1sFXT6jmMDJXfbrD172OxZnE80Vyp3BoGIiM70MK-BQXCWOc_Gzbmmf3Fqc6HeaLiaedst8IM6rBtcgGfzgvRRp6RDSelBomxJ_vsJabKy_ITIedaNZcN0ZLdAB5OowwDDzXvqwEXLSDuULFlD5RYzLzX77LluWHi3uHnEOK3cCsvWS2TLYiTBYEcp027U_bMRLMn0dPAGja9L_GivqocNG1XCa5wxot5JNX3lTUssCzKVRjw0p6OszJWcENcu1oRrpKy1MlbO6a8VXgqV5_sFJIShOiUVE1QjD0_fgl-GwCGULBGU1Gul1Zp0ng/media?maxWidthPx=800&key=AIzaSyC8TIk0MnhD2IRSUvuND9nW3i6A344sGGI,"Golf club in Taranaki, North Island, offering a peaceful playing environment. Rated 5/5 (1 reviews) on Google.",50,120,"['coast', 'local', 'mid']",
38,Everglades Country Golf Club,ChIJ7yuJYIOOMW0R8LhZZYfvAA8,"637 Marshland Road, Ouruhia, Christchurch 8083, New Zealand",-43.4491947,172.6565209,South Island,Canterbury,+64 3 323 8641,http://www.canterburygolf.co.nz/clubs/everglades-golf-club/,4.4,183,"['Monday: Open 24 hours', 'Tuesday: Open 24 hours', 'Wednesday: Open 24 hours', 'Thursday: Open 24 hours', 'Friday: Open 24 hours', 'Saturday: Open 24 hours', 'Sunday: Open 24 hours']",https://maps.google.com/?cid=1081127275368921328&g_mp=CiVnb29nbGUubWFwcy5wbGFjZXMudjEuUGxhY2VzLkdldFBsYWNlEAIYBCAA,https://places.googleapis.com/v1/places/ChIJ7yuJYIOOMW0R8LhZZYfvAA8/photos/AcnlKN2jnPnHN1SnIdoR24b79fF3av9bb71gGEiwFuLZSAj1ZtKOt494Oh5kYDA3TtoxVjcO_H5njqILZHuRDlKUNfF_pTvKobUV0MDaNdLUK_FFSGsc6vovJh0SxCaV7q7aD1yYVHkHh7AvCFL_5l_CKsh-DaPf9U0P01Upg3ZR8Um3DardILn8e-gmNyGqPKC9G4YCCZ69mLpWoWJWMjnHPfyPMh4q6orn6Lcr340LoL6Shs9emLsyM6E9jaFebGVMg4v4FYbR2FNVOf5lnATHWPxYgWoc6dNL0xjQ5oRG-avvzt-EuNyjlOYmhLRNonCY6J0G2_ECZeos3qa6fCdQ6DO3kfZ2zSivWzQJ0EVpMd0vITxQuBPgXeQTZCj3iaxigM-eqF6eo4JEEhX0FbwocKDWrzBTLs5OBlFQNzmK_mY/media?maxWidthPx=800&key=AIzaSyC8TIk0MnhD2IRSUvuND9nW3i6A344sGGI,"Golf club in Canterbury, South Island, offering a peaceful playing environment. Rated 4.4/5 (183 reviews) on Google.",35,80,"['coast', 'local', 'value']",
39,Fable Terrace Downs Resort,ChIJyQxeV9jXLW0R5gvxwl0Ue7s,"623 Coleridge Road, Canterbury 7572, New Zealand",-43.499476699999995,171.6495789,South Island,Canterbury,+64 3 318 6943,https://www.fablehotelsandresorts.com/hotels/fable-terrace-downs-resort?utm_source=googlebusinessprofile&utm_medium=organic&utm_campaign=Google+Business+Profile,4.5,752,,https://maps.google.com/?cid=13509413900163025894&g_mp=CiVnb29nbGUubWFwcy5wbGFjZXMudjEuUGxhY2VzLkdldFBsYWNlEAIYBCAA,https://places.googleapis.com/v1/places/ChIJyQxeV9jXLW0R5gvxwl0Ue7s/photos/AcnlKN1ahVrSjs3ibcamqIbULz4kCsb6kFvV3WeesNemuhDVti1OyVM-Q53sqMFCqhzlzbxKmxtx7VqySMZi63VV79rIYjJsKd7FpGUiEKF8IWLeYcZW53WJ2uQY1qiDWLli5SsADHWjMXJGvtjmfbjYtSs6sz1iX9YnOEqj9L52f3vBIxvVg7rQHlwjX5Z0Zyw8E46gz-sfCXV_LeUS-sf1zTNA9hPVlPUpvkXt_EFv-EOqBL7x6fx1jmZS6dUpti16xgf-l3RbN3esJAR4TPQifJz7SkJNCOZFjO4if817e0F4cg/media?maxWidthPx=800&key=AIzaSyC8TIk0MnhD2IRSUvuND9nW3i6A344sGGI,"Sleek villas & chalets on a mountain-view resort offering a spa, dining & an 18-hole golf course.",150,400,"['mountain', 'premium', 'resort']",
40,Fairview Golf Club,ChIJ4ch7fJK_bW0RLMsQKQtrb9M,"34 Sharp Road, Aongatete 3178, New Zealand",-37.593002299999995,175.9208717,North Island,Bay of Plenty,+64 7 549 3412,https://fairviewestate.co.nz/,4.3,282,,https://maps.google.com/?cid=15235513760095456044&g_mp=CiVnb29nbGUubWFwcy5wbGFjZXMudjEuUGxhY2VzLkdldFBsYWNlEAIYBCAA,https://places.googleapis.com/v1/places/ChIJ4ch7fJK_bW0RLMsQKQtrb9M/photos/AcnlKN3n-tht5ph2vqFBvvm82Y4ZJy3mMM4hAfToo_ju4jrqtWh_LW9vlR9j4KZWUl1tyuGnyAlyF8AQZ_J7F5yYfgJ0IykH3jj7IpvIOA3eKka9EbMO2rxrBoNsZKIb_8gBrslNzDmxk6OAVP9S--izO1_i9Wh95NPa_2SDXN8Ue68WoJO6LfWXmQbZEa2leC-CxC5_Ju4KIl93_hN-N1ms8jPP9i0lj5ZlL1gbupkn-c8iZoOxIRNifW_qfnUuz9KgfEMbb8s22yKucA5N_EArm7Puz2nire_SW-bGxbY1929oXQ/media?maxWidthPx=800&key=AIzaSyC8TIk0MnhD2IRSUvuND9nW3i6A344sGGI,"Golf club in Bay of Plenty, North Island, offering a peaceful playing environment. Rated 4.3/5 (282 reviews) on Google.",35,80,"['coast', 'local', 'value']",
41,Feilding Golf Club,ChIJ_-RiKJRKQG0RW7Wt7yo80A8,"1487 Waughs Road, Aorangi 4775, New Zealand",-40.240158699999995,175.5788408,North Island,Manawatu-Wanganui,+64 6 323 4553,http://www.feildinggolfclub.co.nz/,4.6,135,"['Monday: Open 24 hours', 'Tuesday: Open 24 hours', 'Wednesday: Open 24 hours', 'Thursday: Open 24 hours', 'Friday: Open 24 hours', 'Saturday: Open 24 hours', 'Sunday: Open 24 hours']",https://maps.google.com/?cid=1139476860832167259&g_mp=CiVnb29nbGUubWFwcy5wbGFjZXMudjEuUGxhY2VzLkdldFBsYWNlEAIYBCAA,https://places.googleapis.com/v1/places/ChIJ_-RiKJRKQG0RW7Wt7yo80A8/photos/AcnlKN0ix_bR92Oa954LcXls73GGXXGKFwYvIPcjCvCwjUJehX_vdiqlgoPB0WpnXJEJFI4-PrmpnE-aS-uIttHRq-eZWvAtsGOslWUvcuiDi3qFSzk1epYf2DgPmFEKhM4iMlUEf1RcS-1Xem3jYrU09s0rVnjt_saLRTDrH86Qtjv8FmKbgIPG29urS_Nt2rdhwS4xpw3ysJPiO406oUXIeQqWxTLfSPQ2u5mumBCPiPkTOmpPhnJYZ0_NiRQ6DLGHQWhrgdL6Htnygeehki16Y4jChjn9kuGqRoubgIVoNlaLpZWH9rjE4fqc4YntRYSdzpUwMgvjDGCsli7voauD0PltFDjNE8XjRcL8xLJMKutJ8HCZq1WyOuQk5krrL5IvBWgjbkwq8rAsWx2gS7wOoUVHHg1wU9saKaKAwpMBdVaTRA/media?maxWidthPx=800&key=AIzaSyC8TIk0MnhD2IRSUvuND9nW3i6A344sGGI,"Golf club in Manawatu-Wanganui, North Island, offering a peaceful playing environment. Rated 4.6/5 (135 reviews) on Google.",50,120,"['coast', 'local', 'mid']",
42,Fitzroy Golf Club,ChIJs50VuC5QFG0R3FBkbVSE9qg,"3 Record Street, Fitzroy, New Plymouth 4312, New Zealand",-39.0409633,174.10729770000003,North Island,Taranaki,+64 6 758 2574,https://www.fitzroygolf.co.nz/,4.6,90,,https://maps.google.com/?cid=12175064140790124764&g_mp=CiVnb29nbGUubWFwcy5wbGFjZXMudjEuUGxhY2VzLkdldFBsYWNlEAIYBCAA,https://places.googleapis.com/v1/places/ChIJs50VuC5QFG0R3FBkbVSE9qg/photos/AcnlKN1jUCMKQryFWlc3TV7aUSztaEkaQQToI4khflxLSPaivZ4muNKgslI6-xYmoKFukHCLjdAuSwyIqWy-pN2FAW3ieQDOmYsVYbLL1vKoFl_ahFPqitGLZXFcO3xR7GirXcbV1KVFh-JKW9F7z7m6HKEVsw4OglDNBZPzJ6a7ax1dIvOH0H-L_-nnSvoxjuD8eQ2I0YP5-e0LyP-s4F8oyhN3qrzoNqL8EzwNkqzUU8awqU08LgknjXT9SIp0ZwE8S2tSHbN2vE9YYcsdKQ2xBMd0BaJNu4TPdjLkEQKnoiISBwxB5tiQOPdbR8Vu9f5dfSXEsk1OnQxrkd0qVvzAfQg4OcGIRqHNomZOUfErZBse2EicYpB6SdHE477ZJQoFfGp7uEYxCqGZ72N0ODW-VR6LYl2cXS0qvj3UHdUn9odXMyhO/media?maxWidthPx=800&key=AIzaSyC8TIk0MnhD2IRSUvuND9nW3i6A344sGGI,"Golf club in Taranaki, North Island, offering a peaceful playing environment. Rated 4.6/5 (90 reviews) on Google.",50,120,"['coast', 'local', 'mid']",
43,Gisborne Golf Club,ChIJs1zhT_Lk1moR-SabdY50R74,"25 Daly St, Gisborne VIC 3437, Australia",-37.4965638,144.5763378,North Island,Gisborne,+61 3 5428 2493,http://www.gisbornegolf.com.au/,4.5,253,"['Monday: 7:00\u202fAM\u2009–\u200912:00\u202fAM', 'Tuesday: 7:00\u202fAM\u2009–\u200912:00\u202fAM', 'Wednesday: 7:00\u202fAM\u2009–\u200912:00\u202fAM', 'Thursday: 7:00\u202fAM\u2009–\u200912:00\u202fAM', 'Friday: 7:00\u202fAM\u2009–\u200912:00\u202fAM', 'Saturday: 7:00\u202fAM\u2009–\u200912:00\u202fAM', 'Sunday: 7:00\u202fAM\u2009–\u200912:00\u202fAM']",https://maps.google.com/?cid=13711055745760044793&g_mp=CiVnb29nbGUubWFwcy5wbGFjZXMudjEuUGxhY2VzLkdldFBsYWNlEAIYBCAA,https://places.googleapis.com/v1/places/ChIJs1zhT_Lk1moR-SabdY50R74/photos/AcnlKN3JV8rRdo3QF5NMxNQYpSaVwEGMPq0dwuVUq6BVxUa-KuZ_m9qagqbOFvYpI7hmeVW-2hf-IpwK0tVH4nQlIbFOSdqiifUR-Ip0sUwpcjl4uzOhjj6DZQc8pvgQorGu6-B9m4lZ4nEBJYciUCDHTTDOqKpz2FhoDL8YrfakYLcYVE_r-Z9EuPdnBoPqLQcICuVrCI7imSzCBqDmYUMl4k94MofS84wLCKnYk0HNtZqy_blo6IzQEDRssA-zkGJrH-Z71adEEuWo8S1hsEZ3yMlVME5SJFgEfPyDlb7e_gdB8nmW5ah43bpVd5SvI0ddGnBIX91dcuQHySOc5HojbzyM0iKh97mLJu2Ja3famSROgb7WrLq-AiHa_YM91l5CqZf8NRNWDEW8ouUZq1Y7t6dNdG8a2XNJU5fpaID6lUzCAw/media?maxWidthPx=800&key=AIzaSyC8TIk0MnhD2IRSUvuND9nW3i6A344sGGI,"Golf club in Gisborne, North Island, offering a peaceful playing environment. Rated 4.5/5 (253 reviews) on Google.",50,120,"['coast', 'local', 'mid']",
44,Gisborne Park Golf Club,ChIJO7dtiMZ3Zm0ReYREYzRu9Pk,"Te Hapara, Gisborne 4010, New Zealand",-38.6527537,177.9861483,North Island,Gisborne,+64 6 867 9849,,4.4,49,,https://maps.google.com/?cid=18011141981044245625&g_mp=CiVnb29nbGUubWFwcy5wbGFjZXMudjEuUGxhY2VzLkdldFBsYWNlEAIYBCAA,https://places.googleapis.com/v1/places/ChIJO7dtiMZ3Zm0ReYREYzRu9Pk/photos/AcnlKN0CVYKFAg4Z5TC6fNyEf6Bd6cd906U9M1SoWPKNfYDTPKKuUuQBSrEI2yFOodZBtLjbhxX0o0lhTYm447drxbdiWuaH19J_icpVSk-PV98Q7oWcNcFvOemWQwbDGaq6K5Atuo9UykFiBJJK4_cPhB2Je5D7I2KTW9fl7xVcqPZ4uDVIyw2NacCc_K8t3qP_emc-GewPTLr3CrAJbAU-CKKezQk7U6oKj0-Mb-P3PgozfFDlYG3KcEQNsKe-At0Muder18_Pc6_nxxUwrD4j-eOPhNGMkXHlwXnxtEnMwmg7HpyebHL5Z0clWrwPCzuRcLUU-gvPkb-4PkV0scpTj_DryGHCtcP_lgtGHAdJFHylmh1cQSyC3qeVUj4G4gUCHcIgwfu1uSwkINGZcGylF_U262OwJ4PbT9hqs4qUcWb-4Y8/media?maxWidthPx=800&key=AIzaSyC8TIk0MnhD2IRSUvuND9nW3i6A344sGGI,"Golf club in Gisborne, North Island, offering a peaceful playing environment. Rated 4.4/5 (49 reviews) on Google.",35,80,"['coast', 'local', 'value']",
45,Golden Downs Golf Club,ChIJR-1uZfgIO20Rc-P49cP0t2w,"Valley Road, Golden Downs 7095, New Zealand",-41.489494,172.8512734,South Island,West Coast,,,4.7,25,,https://maps.google.com/?cid=7833999199316796275&g_mp=CiVnb29nbGUubWFwcy5wbGFjZXMudjEuUGxhY2VzLkdldFBsYWNlEAIYBCAA,https://places.googleapis.com/v1/places/ChIJR-1uZfgIO20Rc-P49cP0t2w/photos/AcnlKN3m71uGsr1vRBNJUtR7yY_eOgOHK58IZi9giUWnw1FN3u92ryc-6waFsMb2JhBfjUB_p8MV57qE_I6DF4gzbMGp7d2fIkYYi6DdD5kwhMvuROtZoRUVum-_AFFEOrA7lJjx3Eug06WtMIvSrsX-WWRFRwUy9SDVt17g9L19D9eRin1iFbIAMgNl2uk8jFLMdqFA7Zc1emT-N3MrE81qbg5A6lF8wKay3W83RoX9-6dlgGC-QV9rOsF6hxoqGiYIBqNo7jHuampqSqeu8TdsHI9MKQXXvFce1e9xdkXKCKcpxeiqRXhbnPkjdwTczzfq6icIHIB19Ox9XN2iUC3OOoIf9rhxG-XiHbtWwVOskHgpxq-94zSCsJ974i_0zWWgkepj-VCRXxTVNgbDjcgNVhvS9gqTGloav70ao6wkpGTXRgj-/media?maxWidthPx=800&key=AIzaSyC8TIk0MnhD2IRSUvuND9nW3i6A344sGGI,"Golf club in West Coast, South Island, offering a peaceful playing environment. Rated 4.7/5 (25 reviews) on Google.",50,120,"['coast', 'local', 'mid']",
46,Golf 360,ChIJTZuoL9rYbW0R2zAqkIdGKR8,"2 Matapihi Road, Mount Maunganui 3116, New Zealand",-37.6760528,176.2214138,North Island,Bay of Plenty,+64 7 572 0770,https://www.golf360.co.nz/,4.6,411,"['Monday: 9:00\u202fAM\u2009–\u20098:00\u202fPM', 'Tuesday: 9:00\u202fAM\u2009–\u20098:00\u202fPM', 'Wednesday: 9:00\u202fAM\u2009–\u200910:00\u202fPM', 'Thursday: 9:00\u202fAM\u2009–\u200910:00\u202fPM', 'Friday: 9:00\u202fAM\u2009–\u200910:00\u202fPM', 'Saturday: 9:00\u202fAM\u2009–\u20098:00\u202fPM', 'Sunday: 9:00\u202fAM\u2009–\u20098:00\u202fPM']",https://maps.google.com/?cid=2245403437274116315&g_mp=CiVnb29nbGUubWFwcy5wbGFjZXMudjEuUGxhY2VzLkdldFBsYWNlEAIYBCAA,https://places.googleapis.com/v1/places/ChIJTZuoL9rYbW0R2zAqkIdGKR8/photos/AcnlKN1e2U7mb-GWYtpDniOigjpETfSd2cjJWhuO7mxUZGZNFeHdNwSAByyVU_iWgJbQ_qG7XLFR2hjsPxNjabKpc-knUqAFn509GuZS0xrhz7dryeRIYsSFMW4NkkQWStQBKhbQr5D10S2vjP6L5lkogeVAAXf1AEuxloyi7deKqjY97wVtSx4uYB1xf3ZjAlcwPOpxwVvpC__pMJrcykZyyn53bS0LsZtAkHyt6RdhzCskwZlIWV2PBl04mVms_4WszbpwQTGp7pg-_waC16ikcw7nbW845XDvvSRr7HsZqVN8Ew/media?maxWidthPx=800&key=AIzaSyC8TIk0MnhD2IRSUvuND9nW3i6A344sGGI,"Golf course in Bay of Plenty, North Island, set against a scenic mountain backdrop. Rated 4.6/5 (411 reviews) on Google.",80,180,"['coast', 'local', 'mid']",
47,Golf Course,ChIJ____v6J3Zm0R9YhfaiDi55U,"381 Lytton Road, Gisborne Airport, Gisborne 4010, New Zealand",-38.668558499999996,177.9910445,North Island,Gisborne,,,,,,https://maps.google.com/?cid=10801850860122900725&g_mp=CiVnb29nbGUubWFwcy5wbGFjZXMudjEuUGxhY2VzLkdldFBsYWNlEAIYBCAA,https://places.googleapis.com/v1/places/ChIJ____v6J3Zm0R9YhfaiDi55U/photos/AcnlKN0NnfX5Pq-x4Sng00fgLuPsKdrnT4YrAgx4N6gQ_wT8g7zgPRrZfycvHcglPXOso0JwKJWPaq-EVx4wji3nSeoB-dKcm-z-KPZxFJEKAgQzjNvc91L6XerlKSg9F87Bg0rhrMlPn7LJspSWoUJ33rNbSrlBmxkXkW19I7do0z7XAFURUhnx--OAQEdItGE_lLo2TBo7ce_eLxJBhkxP5MWYXsFCgnGgJcHIqTNVyUAWkEMt-h8d5necbv-fRluO82JVlUu_VPv9eJqHZKQ55mAiCjMqsXuC2LdHOc8RusMKcNoe27cXNoI50A7em2gUgfrsY05LhyRSFm7HJiFBtDwYvruOyEqm0jV8wooLtdLxrFYVZW9FxvTO9tgbjyPeWD9-yvx_muUXl3B0mU4thu5VHzZF0syaoJIDlTA2AyQVxZiEKbzx6r6CUVoUo12f/media?maxWidthPx=800&key=AIzaSyC8TIk0MnhD2IRSUvuND9nW3i6A344sGGI,"Golf course in Gisborne, North Island, offering a peaceful playing environment.",25,60,"['coast', 'local', 'value']",
48,Golf Warehouse & Driving Range Ellerslie,ChIJNzmS7_lIDW0RkkRkWqrXS6w,"16 Derby Downs Place, Ellerslie, Auckland 1051, New Zealand",-36.8887863,174.8065864,North Island,Auckland,+64 9 522 4653,https://www.golfwarehouse.nz/?utm_source=ellerslie&utm_medium=googleplaces,4.5,313,"['Monday: 8:00\u202fAM\u2009–\u20099:30\u202fPM', 'Tuesday: 8:00\u202fAM\u2009–\u20099:30\u202fPM', 'Wednesday: 8:00\u202fAM\u2009–\u20099:30\u202fPM', 'Thursday: 8:00\u202fAM\u2009–\u20099:30\u202fPM', 'Friday: 8:00\u202fAM\u2009–\u20099:30\u202fPM', 'Saturday: 8:00\u202fAM\u2009–\u20098:30\u202fPM', 'Sunday: 8:00\u202fAM\u2009–\u20098:30\u202fPM']",https://maps.google.com/?cid=12415253924437836946&g_mp=CiVnb29nbGUubWFwcy5wbGFjZXMudjEuUGxhY2VzLkdldFBsYWNlEAIYBCAA,https://places.googleapis.com/v1/places/ChIJNzmS7_lIDW0RkkRkWqrXS6w/photos/AcnlKN3ERhhZeD1xm90JzB7jqQ0VPLq3pMfLiKI5xPcN99yjh1MESMc-pgM53tKnS3rKnmKHFzcaFcbDREfu1FfWG13maSamE4cGoSIDjefNMpUKV8YLs3lxwH4hr4dT-h9zVIm0AJkNy3N7P-EI2S7Y_1PlDGMfdPPwRqJdyeIpTRknxo8rUcdC7KvlG_Lf16tYJIswWAlkO7iY5ENJjuUGOvsee6TeCpV0MGS4bssoXjCo6UF7PENYc-atw5e-RAUe0YFBCgWRbvsr1A1x6BTJywEUGwOlCnZ7wukEhulRr_kEgw/media?maxWidthPx=800&key=AIzaSyC8TIk0MnhD2IRSUvuND9nW3i6A344sGGI,"Golf course in Auckland, North Island, offering a peaceful playing environment. Rated 4.5/5 (313 reviews) on Google.",50,120,"['coast', 'local', 'mid']",
49,Golf Warehouse - Thorndon,ChIJ6YBc9S-uOG0RwKsfUL1H76Q,"151 Thorndon Quay, Pipitea, Wellington 6011, New Zealand",-41.2732057,174.7825719,North Island,Wellington,+64 4 499 4653,https://www.golfwarehouse.nz/?utm_source=wellington&utm_medium=googleplaces,4.7,104,"['Monday: 9:00\u202fAM\u2009–\u20095:30\u202fPM', 'Tuesday: 9:00\u202fAM\u2009–\u20095:30\u202fPM', 'Wednesday: 9:00\u202fAM\u2009–\u20095:30\u202fPM', 'Thursday: 9:00\u202fAM\u2009–\u20095:30\u202fPM', 'Friday: 9:00\u202fAM\u2009–\u20095:30\u202fPM', 'Saturday: 9:00\u202fAM\u2009–\u20095:00\u202fPM', 'Sunday: 9:00\u202fAM\u2009–\u20095:00\u202fPM']",https://maps.google.com/?cid=11884796820072672192&g_mp=CiVnb29nbGUubWFwcy5wbGFjZXMudjEuUGxhY2VzLkdldFBsYWNlEAIYBCAA,https://places.googleapis.com/v1/places/ChIJ6YBc9S-uOG0RwKsfUL1H76Q/photos/AcnlKN0PRqBm0gmQGj7SxxUQs7riEFsBO03Bld79nYkLvZdlIVuVE09UClolb8TmRqD_1VAtWJNL4Qj7L8sPffZRBxygJlokVtFaJhNW3jmMIp0hGEuhqcDRwB3BWPlA4gKa0d6Es7pUox0XWiB0KlP49vhYQmKlfCiNKK_j9LFzczsNpG6PjLjlRBbvtTQz7zLrO_zwqYxSLi4vI53U9L7svCKNPlBo6pBGkoG7Dpo-_evT-wYfcMBgqTMPUvZdzI2-w0rw3hqLyU07hFLtNZ4bHectzlr7BzZcjzzeiTy-P6BoVIEKefR7FtLocECo7xVgXBGGpTWAKZfcRYg6hslWeaUhKdyuTNg2g4Og272w3REyHU_p2FOr75SUvRXEU2o96GzvUeFwaxtsCCUx49os-mHFuvGuU66SMkngARDpK7UWwwk/media?maxWidthPx=800&key=AIzaSyC8TIk0MnhD2IRSUvuND9nW3i6A344sGGI,"Golf course in Wellington, North Island, offering a peaceful playing environment. Rated 4.7/5 (104 reviews) on Google.",50,120,"['coast', 'local', 'mid']",
50,Golflands (Hawkes Bay) Ltd,ChIJVxLU4fTKaW0RcgxbNvcYYzs,"248 State Highway 51, Mangateretere 4180, New Zealand",-39.6211957,176.8897443,North Island,Hawke's Bay,+64 6 871 5643,http://www.golflandshb.co.nz/,4.3,169,"['Monday: 7:00\u202fAM\u2009–\u20097:00\u202fPM', 'Tuesday: 7:00\u202fAM\u2009–\u20097:00\u202fPM', 'Wednesday: 7:00\u202fAM\u2009–\u20097:00\u202fPM', 'Thursday: 7:00\u202fAM\u2009–\u20097:00\u202fPM', 'Friday: 7:00\u202fAM\u2009–\u20097:00\u202fPM', 'Saturday: 6:30\u202fAM\u2009–\u20097:00\u202fPM', 'Sunday: 8:00\u202fAM\u2009–\u20096:00\u202fPM']",https://maps.google.com/?cid=4279291520980028530&g_mp=CiVnb29nbGUubWFwcy5wbGFjZXMudjEuUGxhY2VzLkdldFBsYWNlEAIYBCAA,https://places.googleapis.com/v1/places/ChIJVxLU4fTKaW0RcgxbNvcYYzs/photos/AcnlKN063neW-_W3UpwTyoLB0Cv7S-FTq4Re6ntKyAPV3m8JAJYZ9W0LsYy1hcakTQcEo2O73PhZZx7DznGXYjNlJU9Ft5cnj5OBT2cVqrz83WwiXvpGELMY55lxTX0TEUS-GsvxdsPUq5-mIOHaQdzQuGq2-N14q8AwnQjqwuEo3T0luVWNVj5hmre5ooOpRHBOduFHQF6M0OI8dSZMMWw7n3d2PbHv94_5zfoJrYd2a8Ckh_AjywUS2OYCjNb9brkYtnG-HO6LYHq9nBG8xsJuFkn0j4HGCo5oocrky64CGatSiA/media?maxWidthPx=800&key=AIzaSyC8TIk0MnhD2IRSUvuND9nW3i6A344sGGI,"Golf course in Hawke's Bay, North Island, featuring stunning coastal views. Rated 4.3/5 (169 reviews) on Google.",35,80,"['coast', 'local', 'value']",
51,Greenacres Country Club,ChIJwyOMF-nc0qkR_BfSHPCcwWQ,"89 Steel Road, West Plains 9874, New Zealand",-46.3586311,168.3228454,South Island,Southland,+64 3 215 9016,http://www.greenacrescountry.org.nz/,4.4,62,"['Monday: 8:30\u202fAM\u2009–\u20094:30\u202fPM', 'Tuesday: 8:30\u202fAM\u2009–\u20094:30\u202fPM', 'Wednesday: 8:30\u202fAM\u2009–\u20094:30\u202fPM', 'Thursday: 8:30\u202fAM\u2009–\u20094:30\u202fPM', 'Friday: 8:30\u202fAM\u2009–\u20094:30\u202fPM', 'Saturday: 8:30\u202fAM\u2009–\u20095:00\u202fPM', 'Sunday: 8:30\u202fAM\u2009–\u20096:00\u202fPM']",https://maps.google.com/?cid=7260256629387565052&g_mp=CiVnb29nbGUubWFwcy5wbGFjZXMudjEuUGxhY2VzLkdldFBsYWNlEAIYBCAA,https://places.googleapis.com/v1/places/ChIJwyOMF-nc0qkR_BfSHPCcwWQ/photos/AcnlKN3PzjNUhirdnYYGc2t1hPpJezt2t4MGST4fEjSSYtjMEU6qrGZzR7kv9ZGcJDIPEY2qgHyaA7XpRXZPAkfPswpDZ3RWK8Z2_kcLNA5zga8uouTBqwM1Td-D8W4U1vi-K-9WvfyLhAxNBrlE1QVvhMfySbs9uEtKW5Fx4UIURPSiCQvtAg4BzGi1D1gbf-ATqukqHbY7L2VLSeS8H4OHV0ZlV8trei8uJrqja4YFZBaOZ1sQUWM2zAgccuvG0vK3q4Pz-qszqOv2g_Wt1fn73gUDjOyBrAmANyrgFY_P0qoSuA/media?maxWidthPx=800&key=AIzaSyC8TIk0MnhD2IRSUvuND9nW3i6A344sGGI,"Country club in Southland, South Island, offering a peaceful playing environment. Rated 4.4/5 (62 reviews) on Google.",35,80,"['coast', 'local', 'value']",
52,Greenacres Golf Club,ChIJO-U34G2RO20R3U4pnMxjDds,"4 Barnett Avenue, Best Island 7020, New Zealand",-41.2894454,173.1495836,South Island,Nelson,+64 3 544 6441,http://www.greenacresgolfclub.co.nz/,4.6,184,"['Monday: 8:00\u202fAM\u2009–\u20095:00\u202fPM', 'Tuesday: 8:00\u202fAM\u2009–\u20095:00\u202fPM', 'Wednesday: 8:00\u202fAM\u2009–\u20095:00\u202fPM', 'Thursday: 8:00\u202fAM\u2009–\u20095:00\u202fPM', 'Friday: 8:00\u202fAM\u2009–\u20095:00\u202fPM', 'Saturday: 8:00\u202fAM\u2009–\u20095:00\u202fPM', 'Sunday: 8:00\u202fAM\u2009–\u20095:00\u202fPM']",https://maps.google.com/?cid=15784381999447887581&g_mp=CiVnb29nbGUubWFwcy5wbGFjZXMudjEuUGxhY2VzLkdldFBsYWNlEAIYBCAA,https://places.googleapis.com/v1/places/ChIJO-U34G2RO20R3U4pnMxjDds/photos/AcnlKN01r7oWPI_TKDTN0Efg83GIrHM40VCb3vdmZIHfhVEDbiG6lGooxKF_dXKffU7XatlYqB0Cc0UkIgIhyLF6IY0Ni57LWD00bHQ1yx45TUFhZUEarICM9Q3Ilv3ycbOXQqobfYiYOEOZvTKdi3tSXks91fvjOEFuVSQJoOQVaBmYusFirtA5SmQuQMub7Qxnwh_klZnYfzrqXP3Dtza55AJZi9rwGuV5RU3lm0UnVJkyHUGSOx3L1VsxdSwuCdhWdylXR_a2ZzaWQGn7Wcmm1Rkq88P-y93XHEBZ7UA5EHtuLvUmHX3rkBWfT2Ej1tKbvNFkv-qi2zgQd4L0hooBTdOgHCrOzTsUra_ucLuqsAmOpwyJEAI4d6G3Zc1BOtP3Gyo1IaaR1t7qAIIxSHVjTm7cZxmEMfY2rYx-ZRoA-7pyQQ/media?maxWidthPx=800&key=AIzaSyC8TIk0MnhD2IRSUvuND9nW3i6A344sGGI,"Golf club in Nelson, South Island, offering a peaceful playing environment. Rated 4.6/5 (184 reviews) on Google.",50,120,"['coast', 'local', 'mid']",
53,Greendale Golf Club,ChIJ46nMtlv5LW0R7BXO0l95pz0,"987 Coaltrack Road, Greendale 7671, New Zealand",-43.609230499999995,172.1352607,South Island,Canterbury,+64 3 318 8046,,4.8,95,,https://maps.google.com/?cid=4442653009889859052&g_mp=CiVnb29nbGUubWFwcy5wbGFjZXMudjEuUGxhY2VzLkdldFBsYWNlEAIYBCAA,https://places.googleapis.com/v1/places/ChIJ46nMtlv5LW0R7BXO0l95pz0/photos/AcnlKN1WiQlxufOoh7UbkqTe11IOXPD5jQyygBPR61SXq6gS9xFRQjyHZkINkERqY_C_o4T-xybmO3KoNP-qlCVjk-wkmWwnUzUVhfHuUMpdK4nxUZ3tIWMdXVrvqEwy3xKcSY08oRJ9vT5rbZoqX4Ix7tVxxTELFRnKK2j410wmCLZ7u9tp174PD0i5Nmu-IotNfcirjgKY6YJyhNmy8QOfQXc3NfMudRMlIc8awefSAQRGcAsTMMMQV4V-e3vGP3ISR6VG-pY5D8vXHJ6A_dDmZjURM1BtZoaFHhRFfS3V75piaSu3q0Gq-NP3skv2yYL43yCosDTI2vjOjl0GWlUhjJclzwtYmYFaaM2szQFvPV63RF3WJFXhrXZJpBgNAuBXObnXJHLSs1jMZ4qcsCZsPlUDqmmJjq0xuKVEWE-lk1Nr1II4/media?maxWidthPx=800&key=AIzaSyC8TIk0MnhD2IRSUvuND9nW3i6A344sGGI,"Golf club in Canterbury, South Island, offering a peaceful playing environment. Rated 4.8/5 (95 reviews) on Google.",50,120,"['coast', 'local', 'mid']",
54,Greymouth Golf Club,ChIJja4EQdJrL20R4EovVebGCnA,"113 Golf Links Road, Kaiata 7805, New Zealand",-42.4554261,171.25616380000002,South Island,West Coast,+64 3 768 5332,,4.5,55,"['Monday: Open 24 hours', 'Tuesday: Open 24 hours', 'Wednesday: Open 24 hours', 'Thursday: Open 24 hours', 'Friday: Open 24 hours', 'Saturday: Open 24 hours', 'Sunday: Open 24 hours']",https://maps.google.com/?cid=8073483974588975840&g_mp=CiVnb29nbGUubWFwcy5wbGFjZXMudjEuUGxhY2VzLkdldFBsYWNlEAIYBCAA,https://places.googleapis.com/v1/places/ChIJja4EQdJrL20R4EovVebGCnA/photos/AcnlKN0LEgGNEyeLiBzUintUw4z95Q71fptpU21w2tl4TK_CN0w-gOBqPcONHX-qzy0jMpKdgGn5xou-PyxLkvWkDojnzGCn_8aopVBj94rXYJMDOsN0i6NrVukAu-RQGOUvp_UeuUvdjC1g2fSsUYRkWpbmYWsUP_ypWH7LJ7YdXr4XT22F4DwI5k5j37OreYq05W-I0BDbljalcw3L0llh5_UMtsvW6jYu4zEghGH9-W_EUZwMwwqfnFyUzOtzz9AOMHauBGZGcDqz5XNOngRYd-uoi6wlSltrccswRP_rWZVVVA/media?maxWidthPx=800&key=AIzaSyC8TIk0MnhD2IRSUvuND9nW3i6A344sGGI,"Golf club in West Coast, South Island, offering a peaceful playing environment. Rated 4.5/5 (55 reviews) on Google.",50,120,"['coast', 'links', 'mid']",
55,Hamurana Springs Nature Park & Golf Course,ChIJzVf9pXeCbm0RDNAX4SNQryE,"773 Hamurana Road, Hamurana 3097, New Zealand",-38.0335976,176.25871239999998,North Island,Bay of Plenty,+64 800 426 8726,http://hamurana.co.nz/#,4.2,1484,"['Monday: Closed', 'Tuesday: 9:00\u202fAM\u2009–\u20095:00\u202fPM', 'Wednesday: 9:00\u202fAM\u2009–\u20095:00\u202fPM', 'Thursday: 9:00\u202fAM\u2009–\u20095:00\u202fPM', 'Friday: 9:00\u202fAM\u2009–\u20095:00\u202fPM', 'Saturday: 8:00\u202fAM\u2009–\u20095:00\u202fPM', 'Sunday: 8:00\u202fAM\u2009–\u20095:00\u202fPM']",https://maps.google.com/?cid=2427246839206498316&g_mp=CiVnb29nbGUubWFwcy5wbGFjZXMudjEuUGxhY2VzLkdldFBsYWNlEAIYBCAA,https://places.googleapis.com/v1/places/ChIJzVf9pXeCbm0RDNAX4SNQryE/photos/AcnlKN2PdhSzDVGXM1Y3Qjk2FjzKXaCbRZ3e99jlgcthQtdtYuxY5ItqyKhYDKozFdyZxDwTQzQHaW4p92p-6WI9_r3MAukp3iYhzq9Dfzvdv_OZnrV2KSrOguJ-ewZo-9ZYURcVPXb5kU7fgo7YvKEs6WtS2QG76_8BY34lfKniat2d-iC0q5AHyR827gFv4soZ0v8gDb9r8O-HccUQKhOojCzjV8r92qwKOlMGLh_2G77EmNg53JC8B22HAXxD7jlCv57F22b5DNnkoTgPsT4Mji1VW1eC9L9FwxMiHCDWVCL7Dg/media?maxWidthPx=800&key=AIzaSyC8TIk0MnhD2IRSUvuND9nW3i6A344sGGI,Lush preserve featuring freshwater springs plus wooded trails & viewing platforms.,35,80,"['local', 'rural', 'value']",
56,Harewood Golf Club,ChIJWYahAYb0MW0ROwt2xDI_9vA,"371 McLeans Island Road, McLeans Island, Christchurch 8051, New Zealand",-43.4779129,172.52116270000002,South Island,Canterbury,+64 3 359 8843,https://www.harewoodgolf.co.nz/,4.5,175,"['Monday: 7:30\u202fAM\u2009–\u20096:00\u202fPM', 'Tuesday: 7:30\u202fAM\u2009–\u20096:00\u202fPM', 'Wednesday: 7:30\u202fAM\u2009–\u20096:00\u202fPM', 'Thursday: 7:30\u202fAM\u2009–\u20096:00\u202fPM', 'Friday: 7:30\u202fAM\u2009–\u20096:00\u202fPM', 'Saturday: 6:30\u202fAM\u2009–\u20096:00\u202fPM', 'Sunday: 6:30\u202fAM\u2009–\u20096:00\u202fPM']",https://maps.google.com/?cid=17363134900650511163&g_mp=CiVnb29nbGUubWFwcy5wbGFjZXMudjEuUGxhY2VzLkdldFBsYWNlEAIYBCAA,https://places.googleapis.com/v1/places/ChIJWYahAYb0MW0ROwt2xDI_9vA/photos/AcnlKN0Zgg53Q0gBYssfRsNsI1ST9SbJ6i00lDi2jlrrUR5_gyaZub3VvQyjWXcwKPPUJiyuRk4gIVUMYMmIW5B53ZXjH8j2zhZlHT3CGIXOCUK-c4U9_dp_N0XqBRVKBFDq9Rvn9XtbqcryZFY-14nfm9sFFyexJ3ohmG0B-I57p7LBqATBX4G3SAFUvnCH2te4VdUEbvyHZLLsC8MEQ7-F2f1pe8lkE_VP5cTZA1kRSGhNr7vi5uTAbuJKytLHZFvLz-Jh4gV-075q9664R04H8gePMAjY-vLRaKGYvDkBzu6bOA/media?maxWidthPx=800&key=AIzaSyC8TIk0MnhD2IRSUvuND9nW3i6A344sGGI,"Golf club in Canterbury, South Island, offering a peaceful playing environment. Rated 4.5/5 (175 reviews) on Google.",50,120,"['coast', 'local', 'mid']",
57,"Hastings Golf Centre - Driving Range, Golf Coaching and Golf Equipment",ChIJizNlImDKaW0RHz2TzfPWeLQ,"120 Kenilworth Road, Mayfair, Waipatu 4122, New Zealand",-39.627617099999995,176.8612616,North Island,Hawke's Bay,+64 22 083 0312,http://www.hgc.co.nz/,4.5,55,"['Monday: 10:00\u202fAM\u2009–\u20097:30\u202fPM', 'Tuesday: 10:00\u202fAM\u2009–\u20097:30\u202fPM', 'Wednesday: 10:00\u202fAM\u2009–\u20097:30\u202fPM', 'Thursday: 10:00\u202fAM\u2009–\u20097:30\u202fPM', 'Friday: 10:00\u202fAM\u2009–\u20097:30\u202fPM', 'Saturday: 9:00\u202fAM\u2009–\u20095:00\u202fPM', 'Sunday: 9:00\u202fAM\u2009–\u20095:00\u202fPM']",https://maps.google.com/?cid=13004380266646682911&g_mp=CiVnb29nbGUubWFwcy5wbGFjZXMudjEuUGxhY2VzLkdldFBsYWNlEAIYBCAA,https://places.googleapis.com/v1/places/ChIJizNlImDKaW0RHz2TzfPWeLQ/photos/AcnlKN3sWzbgS5fqS4iQuQjNBUdSdz3MBOSRJ35IaAhZwZKBxsg8k9j9jV4AnYVHXSwiPUSNGduPvAmgLVEYiLlsC5IcP_ug9tBBwQrFu_W5UIEiyjZUnkyTwCD4hgqCIbwWIeNgYTW0lb4X13CcLI8eNLHt6urie_Rsbb3N0VZ5DB7vVDZBBCNenmj3Wi8aqxlr750pZQuRf39YbEXL6supJwgPix08B_kqJKDv5Pj9ozozYRLjzkIswG29oVKMAj29CyY7vKWrz5zpwRjgbEIxnkVSKZI8vgwsXAFXqKJDKBnonjgOO5l6AVyvNEGXScgxfmNtxM_zT75iTmIXvA0KGRJtS40zRPHUOf1FYpvuEXlbWky5quFG9qnbciMxg69X9G0wAUtVN8a-ZWtS4qixAl3fhzkgPr4ID1lNksERQl4/media?maxWidthPx=800&key=AIzaSyC8TIk0MnhD2IRSUvuND9nW3i6A344sGGI,"Golf course in Hawke's Bay, North Island, offering a peaceful playing environment. Rated 4.5/5 (55 reviews) on Google.",80,180,"['coast', 'local', 'mid']",
58,Hastings Golf Club,ChIJR1BGL_rIaW0RRZiQ8J3FwxQ,"1523 Maraekakaho Road, RD5, Bridge Pa 4175, New Zealand",-39.650849699999995,176.7740512,North Island,Hawke's Bay,+64 6 879 7206,http://www.hastingsgolfclub.co.nz/,4.7,83,"['Monday: 8:00\u202fAM\u2009–\u20095:00\u202fPM', 'Tuesday: 8:00\u202fAM\u2009–\u20095:00\u202fPM', 'Wednesday: 8:00\u202fAM\u2009–\u20095:00\u202fPM', 'Thursday: 8:00\u202fAM\u2009–\u20095:00\u202fPM', 'Friday: 8:00\u202fAM\u2009–\u20095:00\u202fPM', 'Saturday: 8:00\u202fAM\u2009–\u20095:00\u202fPM', 'Sunday: 8:00\u202fAM\u2009–\u20095:00\u202fPM']",https://maps.google.com/?cid=1496256783353681989&g_mp=CiVnb29nbGUubWFwcy5wbGFjZXMudjEuUGxhY2VzLkdldFBsYWNlEAIYBCAA,https://places.googleapis.com/v1/places/ChIJR1BGL_rIaW0RRZiQ8J3FwxQ/photos/AcnlKN3Tr7vFkhh8EdsTftQkME6xnUL2kM8Ax9SeZ9Dm5WW0bEk4C96i3ebSGvjwHKE9tO7MtwnUFTb2eSlvBgT-bfyM3-brM5SGtDMWynjvE1nDfVuo3d5vNXB5KdOjCiKfT8YrhyhMwKt4d33wNyONKCG3UEIM2u39OHT0Q8OeHbZ23OcBEruMos1vu126uUJIeWtcnot78Wgyv802Z7Cx2MV1asaN8MsSvPuz68b5eNH9Ri-qM2Oa5UcxEQGbMeyFMuiCzLnbaPPSf2Dq9t0UwypfVP4O7PnfdnM9Bs63nTjhHIc1Lt5kSrqHi1Wwfp7lxxW-Ye0BitkdJ9KdO1qnZG8JiEEDqGp4PrxjcpG97IZCzSHmLvMCpTDooYQbvofYNkdQ-3XSNyl2QldaVgrVJIPTKeTp41XXv97c8bkl4FYwUCax/media?maxWidthPx=800&key=AIzaSyC8TIk0MnhD2IRSUvuND9nW3i6A344sGGI,"Golf club in Hawke's Bay, North Island, offering a peaceful playing environment. Rated 4.7/5 (83 reviews) on Google.",80,180,"['coast', 'local', 'mid']",
59,Hauraki Golf Club,ChIJtZkVePVjbW0RtcrVzX93X2A,"3566 State Highway 2, Hauraki, Mangatarata 3576, New Zealand",-37.2918014,175.3750915,North Island,Waikato,+64 7 867 3197,http://haurakigolf.co.nz/,4.7,159,"['Monday: 8:30\u202fAM\u2009–\u20094:00\u202fPM', 'Tuesday: Open 24 hours', 'Wednesday: Open 24 hours', 'Thursday: 8:30\u202fAM\u2009–\u20094:00\u202fPM', 'Friday: 8:30\u202fAM\u2009–\u20094:00\u202fPM', 'Saturday: 8:30\u202fAM\u2009–\u20094:00\u202fPM', 'Sunday: 8:30\u202fAM\u2009–\u20094:00\u202fPM']",https://maps.google.com/?cid=6944400541226486453&g_mp=CiVnb29nbGUubWFwcy5wbGFjZXMudjEuUGxhY2VzLkdldFBsYWNlEAIYBCAA,https://places.googleapis.com/v1/places/ChIJtZkVePVjbW0RtcrVzX93X2A/photos/AcnlKN0sw7HNbMeY9_MowF_joKl2gdDtzkaafsKiEzY3wPfpxUC52NkhzBhHXZLUNYYmzZ4PZKmqhCPPSULfxF9jwKj5ay3hoGehX0CveogqfLtKd-eHjDMaZ3EOWHGikMKHmoqo9kQyCYWxDJZ_cwogoa3ZHiconvFAw16RYduvWDqR8xSYmejPi8jIYAju2SsR2ZJwmz8z-MUgHMj9X5T1OdoAKE2OpK4KtyydITqkUO69ZFGpj1ZiP57wP7FwOir4k8ZVslbu9EN_0DSMe776dcnrLurJOv71bdoNrdPat7Ca4Q/media?maxWidthPx=800&key=AIzaSyC8TIk0MnhD2IRSUvuND9nW3i6A344sGGI,"Golf club in Waikato, North Island, offering a peaceful playing environment. Rated 4.7/5 (159 reviews) on Google.",50,120,"['coast', 'local', 'mid']",
60,Hawera Golf Club,ChIJ8ayvwQV2FW0RChHkjl1QXnY,"270 Fairfield Road, Hāwera 4610, New Zealand",-39.614233899999995,174.2643799,North Island,Taranaki,+64 6 278 5828,https://www.haweragolf.com/,4.6,28,"['Monday: 8:00\u202fAM\u2009–\u20098:00\u202fPM', 'Tuesday: 8:00\u202fAM\u2009–\u20098:00\u202fPM', 'Wednesday: 8:00\u202fAM\u2009–\u20098:00\u202fPM', 'Thursday: 8:00\u202fAM\u2009–\u20098:00\u202fPM', 'Friday: 8:00\u202fAM\u2009–\u20098:00\u202fPM', 'Saturday: 8:00\u202fAM\u2009–\u20098:00\u202fPM', 'Sunday: 8:00\u202fAM\u2009–\u20098:00\u202fPM']",https://maps.google.com/?cid=8529343107045789962&g_mp=CiVnb29nbGUubWFwcy5wbGFjZXMudjEuUGxhY2VzLkdldFBsYWNlEAIYBCAA,https://places.googleapis.com/v1/places/ChIJ8ayvwQV2FW0RChHkjl1QXnY/photos/AcnlKN1Epf2qta7ZYCQxtJebp9CUyAgQFSXbrsM484guxnTa0D8ion_UtXz-h5fn189ai_yWOfPRKxrc6dWCGpL1P8Qwtv69WOh3T6Tb5fpeG-xna_U69NOOvjbpFpt7kdlj_Ymat4WqUqwNwnjnHEWPZ_Eu2jGN2XCYBVfEWRmrDvk8IS6YsS2v1Go25Wn6pBcQAvS9EmLrk8owfrWrpXyj_Lc_5O9HpxDdRYEZjre70jeNaAxIDfTm_wyef8noQQSI8wU8MzRuyRYLLlR4_l9NXDiBm3YUnqoaZSFWdekb8U2teQ/media?maxWidthPx=800&key=AIzaSyC8TIk0MnhD2IRSUvuND9nW3i6A344sGGI,"Golf club in Taranaki, North Island, offering a peaceful playing environment. Rated 4.6/5 (28 reviews) on Google.",50,120,"['coast', 'local', 'mid']",
61,Hawkes Bay Golf Club,ChIJh3VcJlvIaW0RyXG90XmICnk,"114 Valentine Road, Bridge Pa 4175, New Zealand",-39.637507,176.7690313,North Island,Hawke's Bay,+64 6 879 8890,https://www.hawkesbaygolfclub.co.nz/,4.4,146,"['Monday: 7:00\u202fAM\u2009–\u20097:00\u202fPM', 'Tuesday: 7:00\u202fAM\u2009–\u20097:00\u202fPM', 'Wednesday: 7:00\u202fAM\u2009–\u20097:00\u202fPM', 'Thursday: 7:00\u202fAM\u2009–\u20097:00\u202fPM', 'Friday: 7:00\u202fAM\u2009–\u20097:00\u202fPM', 'Saturday: 7:00\u202fAM\u2009–\u20097:00\u202fPM', 'Sunday: 7:00\u202fAM\u2009–\u20097:00\u202fPM']",https://maps.google.com/?cid=8721933685147660745&g_mp=CiVnb29nbGUubWFwcy5wbGFjZXMudjEuUGxhY2VzLkdldFBsYWNlEAIYBCAA,https://places.googleapis.com/v1/places/ChIJh3VcJlvIaW0RyXG90XmICnk/photos/AcnlKN2NjWT5DFIdk5QGhfg0CnfJD8nYcbDFrX1Kzd_aqwW4PnNTvffhFHqNqG01NxzvzuIXLhh1C2LvCAnSXOJ5Nu-dp-hMjfshAE5kq95_kPAAyUckxylcYO0A6xtAFeVqb_fg8dXA3hOMcV8466_4_ebJ8w5AwKc5mmQbvlWkbkX7iEBVbf3lg7DrAxqUNzXvpOHPFX7bydDAT2tXR56TFTL6DJBX5RB9uhp9S45RFmlrDLF_KeuU-mfVbW8CTCj3mOXXg7L2dlTM73VpbELwSqxm8o1Nusx6IZHlQwQnKs3QxrSRFQ55oTLdDV4mKqJi6C-OWnZAjBeTzF4HyMEdce1CxSOdhmMkpSzelvMrRBO0QCVfqCZmHyZFASP4N3qpn886vJgC98Xa6OupDWjRz4UF8h-EJWziZBYtryQDrHkfOg/media?maxWidthPx=800&key=AIzaSyC8TIk0MnhD2IRSUvuND9nW3i6A344sGGI,"Golf club in Hawke's Bay, North Island, featuring stunning coastal views. Rated 4.4/5 (146 reviews) on Google.",35,80,"['coast', 'local', 'value']",
62,Hedgehope Golf Club,ChIJ_____78p06kRC2xX85Z5q1E,"2402 Glencoe Highway, Hedgehope 9872, New Zealand",-46.1987451,168.5622924,South Island,Southland,,,4.6,20,,https://maps.google.com/?cid=5884931027324333067&g_mp=CiVnb29nbGUubWFwcy5wbGFjZXMudjEuUGxhY2VzLkdldFBsYWNlEAIYBCAA,https://places.googleapis.com/v1/places/ChIJ_____78p06kRC2xX85Z5q1E/photos/AcnlKN0DQ7b_ECsIX6h3kHLAPhUIJTi-OCDOsST0DJs_aRVAo0wIspFZlF0XXtNsGV_I01HUIaIptL766n2fG1dQQYP_r9s2hsdUTcAIv0nIVbBxxLXAH9e3nbiKb7a0E_5ncPkjylhKwV7UWbDO7L6oRbdd39VD_PAbo58eBDiTuVJqZHcKDqgiVf4MKXwGuufg4hZROH7FnHSPeQRlgbvNYRcwBN7wRVnZ3VaqYZp5mNhrFegU6rJH5Lfxas9G4HqvgqT3vh0Dlkc7kH8WCCxOVATdDkNZIgYJljJVEZj0gDBRly9IghJyBO5b1LwJv0pi7uegrtrWtj62wjHxcgB-QwpdvYLXQCuyF6RvvSREpL7ocuvcLr7TWp9XYAYRbE7BhmUvo8DcUgiL_xWOa7HhCYJett0wTbBetXdrh6YgC3sdR00/media?maxWidthPx=800&key=AIzaSyC8TIk0MnhD2IRSUvuND9nW3i6A344sGGI,"Golf club in Southland, South Island, offering a peaceful playing environment. Rated 4.6/5 (20 reviews) on Google.",50,120,"['coast', 'local', 'mid']",
63,Hokitika Golf Club,ChIJPy1bVNUoL20Rv9cR3RSOBSQ,"206 Golf Links Road, Ruatapu 7883, New Zealand",-42.738457499999996,170.9367892,South Island,West Coast,+64 27 644 4229,https://hokitikagolf.wixsite.com/hokitikagolfclub,4.7,48,"['Monday: Open 24 hours', 'Tuesday: Open 24 hours', 'Wednesday: Open 24 hours', 'Thursday: Open 24 hours', 'Friday: Open 24 hours', 'Saturday: Open 24 hours', 'Sunday: Open 24 hours']",https://maps.google.com/?cid=2595636980508383167&g_mp=CiVnb29nbGUubWFwcy5wbGFjZXMudjEuUGxhY2VzLkdldFBsYWNlEAIYBCAA,https://places.googleapis.com/v1/places/ChIJPy1bVNUoL20Rv9cR3RSOBSQ/photos/AcnlKN3prowlK9m4twbMYmC9oC3XL2-_hJhS1-SfcoNbY42Fs2X84l59T6eiYTpcS1TMx5XNey8kEx9GlP2qMqmXi5zCkYw19MzwX9muktHf9-XVwarHuv-qoZHzdt9xVhdtft1wJevVRKwFsgyTncF4nGFVqXl6g-G0upUCoCLOIkxaDelrqCoJUxPG8L1pnZOT-1IqTCQZ5TaWUBDMleAncLP0fRzTXB8QNtxaw-lgqmSWG7LnrI0-OFzgKgXUjqi6F6DKU5eITxfvyKIRSDyLGElAlJiu3Oy41F1NeCIeShy3iA/media?maxWidthPx=800&key=AIzaSyC8TIk0MnhD2IRSUvuND9nW3i6A344sGGI,"Golf club in West Coast, South Island, offering a peaceful playing environment. Rated 4.7/5 (48 reviews) on Google.",50,120,"['coast', 'links', 'mid']",
64,Holey Moley Golf Club Wellington,ChIJLZdqRbqvOG0RPEEk_TuhqW8,"1 Willis Street, Wellington Central, Wellington 6011, New Zealand",-41.286774099999995,174.7761468,North Island,Wellington,+64 9 801 5592,https://holeymoley.co.nz/locations/wellington?utm_source=google-business&utm_medium=organic&utm_campaign=search-google-business,4.4,371,"['Monday: 10:00\u202fAM\u2009–\u200910:00\u202fPM', 'Tuesday: 10:00\u202fAM\u2009–\u200910:00\u202fPM', 'Wednesday: 10:00\u202fAM\u2009–\u200910:00\u202fPM', 'Thursday: 10:00\u202fAM\u2009–\u200910:00\u202fPM', 'Friday: 10:00\u202fAM\u2009–\u200911:00\u202fPM', 'Saturday: 10:00\u202fAM\u2009–\u200912:00\u202fAM', 'Sunday: 10:00\u202fAM\u2009–\u200910:00\u202fPM']",https://maps.google.com/?cid=8046139488296255804&g_mp=CiVnb29nbGUubWFwcy5wbGFjZXMudjEuUGxhY2VzLkdldFBsYWNlEAIYBCAA,https://places.googleapis.com/v1/places/ChIJLZdqRbqvOG0RPEEk_TuhqW8/photos/AcnlKN0bHJJm6_NIrdhNQm-e4ru0p8waCAv24rS51WHGFf8kPnUMR5FHEGo12xUx80W0_eAuR937WcPc4jdZY8u3V0_CyHUvdym2b-phtzxkxBaVC1GMwA2KBFBgPGFcM0NxwdJR6YoNxQYbvYBJwawpNgoEH7JfMXNbbQ99t1q2CQfPnp-RuRfwVowTECLrjNeotAe2I0DlMvK7tHqooxYIAUA7wzQmcVviVhoAXP2g3sVoVR2A6JBEeC5hSPSCKdNdoLs8uV2elWm7y0vBhmUjJagRFJiTmwCtMshW4orB61OOxVKMyn24tSuGIMDAl_zWY-8oBVphNS0N8YFbWTTrRF6xivA3JMuXXV0kxzV86Kle1-dtm3nhIY-bcdJ5a0m94GeHSYTXk80xy2De-LJ3qMuzgBagHa9zQCni-l_pof3oMAu7/media?maxWidthPx=800&key=AIzaSyC8TIk0MnhD2IRSUvuND9nW3i6A344sGGI,"Golf club in Wellington, North Island, offering a peaceful playing environment. Rated 4.4/5 (371 reviews) on Google.",35,80,"['coast', 'local', 'value']",
65,Hororata Golf Club,ChIJYW3GwqUJLm0R2h_rpjNCQuQ,"2597 Homebush Road, Glentunnel 7673, New Zealand",-43.4813273,171.94092949999998,South Island,Canterbury,+64 3 318 2887,https://www.hororatagolf.co.nz/,4.6,217,"['Monday: 6:30\u202fAM\u2009–\u20097:00\u202fPM', 'Tuesday: 6:30\u202fAM\u2009–\u20097:00\u202fPM', 'Wednesday: 6:30\u202fAM\u2009–\u20097:00\u202fPM', 'Thursday: 6:30\u202fAM\u2009–\u20097:00\u202fPM', 'Friday: 6:30\u202fAM\u2009–\u20097:00\u202fPM', 'Saturday: 6:30\u202fAM\u2009–\u20097:00\u202fPM', 'Sunday: 6:30\u202fAM\u2009–\u20097:00\u202fPM']",https://maps.google.com/?cid=16447781578721664986&g_mp=CiVnb29nbGUubWFwcy5wbGFjZXMudjEuUGxhY2VzLkdldFBsYWNlEAIYBCAA,https://places.googleapis.com/v1/places/ChIJYW3GwqUJLm0R2h_rpjNCQuQ/photos/AcnlKN2B2p7lAdkMhI95njc3szK0SF8YWPlgjTlnEV48o2J8e3isoGTZgwgFi-LcL13vgmlYn7xkK2N9ucMQ4d-e_7GV8-hPBZ1QmSTq2Xpg5QMb6ib1cD0EKqZ5fzeLSFJ8i8R6IjWdv8QNOnmjW354HEBw_9kN41Z_kLteZ9JERyCm2iucCaKeE47Z5LpmcBiNa8mtmubDzvAUmsNLEa9s_CJzbLUd7FZL6knk3eDippcYTZptcsEGgScoZTNAZNWZnMH7dd5Hn_Gu8imEZ4zJwIc4KnP9gpjQx6lWFD9TIlkA2T0cFb0tc-RsydxxkDBGIQd0O0FWaKZjMRvA5msI3_C-usJeFnIhebWG6CZxbZ1rHr3rvDLkFO6FODuwkQ094vGa8LYJNmhpD_Cr6RPuIkagQ1bG0iGms_VGLN3AmXyEug/media?maxWidthPx=800&key=AIzaSyC8TIk0MnhD2IRSUvuND9nW3i6A344sGGI,"Golf club in Canterbury, South Island, nestled among native bush. Rated 4.6/5 (217 reviews) on Google.",50,120,"['coast', 'local', 'mid']",
66,Horsham Downs Golf Club,ChIJv9cJyS4jbW0Ry3rTIPNYOkk,"1991 River Road, Horsham Downs 3281, New Zealand",-37.7182467,175.2237217,North Island,Waikato,+64 7 829 4709,http://www.horshamdownsgolf.co.nz/home-1,4.4,125,"['Monday: 8:00\u202fAM\u2009–\u20097:00\u202fPM', 'Tuesday: 8:00\u202fAM\u2009–\u20097:00\u202fPM', 'Wednesday: 8:00\u202fAM\u2009–\u20097:00\u202fPM', 'Thursday: 8:00\u202fAM\u2009–\u20097:00\u202fPM', 'Friday: 8:00\u202fAM\u2009–\u20097:00\u202fPM', 'Saturday: 8:00\u202fAM\u2009–\u20097:00\u202fPM', 'Sunday: 8:00\u202fAM\u2009–\u20097:00\u202fPM']",https://maps.google.com/?cid=5276627714668985035&g_mp=CiVnb29nbGUubWFwcy5wbGFjZXMudjEuUGxhY2VzLkdldFBsYWNlEAIYBCAA,https://places.googleapis.com/v1/places/ChIJv9cJyS4jbW0Ry3rTIPNYOkk/photos/AcnlKN34OqUVWGfkPg_TcM9pKqIwThoTmiog3ganYCenlMNSGGiryajm30MBPMQB7pUYjrDbOcY5lz3eE7KglmQp_EXTljU9Tx2Qr4jBbMVLQhc5sMgZ7mdHfHQKSGAVWZ0zOahnC28z4JxnPso0xv50Qh6ZAnaabf-B2SkAlalKdWM-j2gjqQx4mXKAqolrJHGR8ecUG3azffEMqEUCwi0Elp5a0C3kCrD8ortTnY1IaOIV0DL4xEDpk4i9qUrTUZbzVbz7RKXOEEabs9Lps8_4FXYUdt5MdLBpGaEZ23KsgOBb2BQnLwjTuHeA87Qvp3q47v0q2ZAQsH54ElPsjzpqciWMD_lj6J0yM9-L6JXxjiC82n3nVY6LRYqVYWtlWbqvz0txLnNKwqjCsxVPmgLW6Kk_ZS_Y0Ie43loMcbc8i8TL55GX/media?maxWidthPx=800&key=AIzaSyC8TIk0MnhD2IRSUvuND9nW3i6A344sGGI,"Golf club in Waikato, North Island, with beautiful lakeside scenery. Rated 4.4/5 (125 reviews) on Google.",35,80,"['coast', 'local', 'value']",
67,Houhora Golf Club,ChIJs2xyZAq6CW0R0OqbJGLvAA8,"Far North Road, Houhora 0484, New Zealand",-34.7704623,173.08087210000002,North Island,Northland,+64 9 409 8266,https://www.harbourgolf.co.nz/Northland-Clubs/Houhora-Golf-Club-1,4.4,25,,https://maps.google.com/?cid=1081127115368950480&g_mp=CiVnb29nbGUubWFwcy5wbGFjZXMudjEuUGxhY2VzLkdldFBsYWNlEAIYBCAA,https://places.googleapis.com/v1/places/ChIJs2xyZAq6CW0R0OqbJGLvAA8/photos/AcnlKN25L7V8yw299RTsINDmSBhFQKY1kJ6TB5YpXAAccXehq-mn2fbeBHBVjv0Y3nm_rcYAoHEhtx7LDuXTPB9vjpY4OCzzb2jdqoohkn_SHJ9oXUunzWojOSCnSeV9P4wT0kuEpNnt6VcwhEd0u0OGzcAaWzb0pLBBeWqtoW47jz26UPelk_Ye_9K1HIv-Dgvfzo8dfEMaYgWB4-nnnoKeVU6RXIVLhUr9dkIN90kSlLugporaSOXsnApOEQ4W27oUI_lBYTZ8xWwisKt_L5f1LEDJZbIg4GAiCyikJbIYXqyHirpXRPfsIqQGrajcJDUxpTFwKoeDV7qNxzAWj0ZdjoapCYG8zrUxXYZ6w7YTHRp5speuGt8ehKFwlp_l677xI4CDLcHaqpYiwED3FGO3acRQz4C0lP-7ZDDWi6b4e6Ydg0p1/media?maxWidthPx=800&key=AIzaSyC8TIk0MnhD2IRSUvuND9nW3i6A344sGGI,"Golf club in Northland, North Island, offering a peaceful playing environment. Rated 4.4/5 (25 reviews) on Google.",35,80,"['coast', 'local', 'value']",
68,Howick Golf Club,ChIJu5zbAYlKDW0RccA8OIKycD0,"32 Musick Point Road, Bucklands Beach, Auckland 2012, New Zealand",-36.8578155,174.9046189,North Island,Auckland,+64 9 535 1001,http://www.howickgolf.co.nz/,4.4,303,"['Monday: 7:30\u202fAM\u2009–\u20096:30\u202fPM', 'Tuesday: 7:30\u202fAM\u2009–\u20096:30\u202fPM', 'Wednesday: 7:30\u202fAM\u2009–\u20096:30\u202fPM', 'Thursday: 7:30\u202fAM\u2009–\u20096:30\u202fPM', 'Friday: 7:30\u202fAM\u2009–\u20096:30\u202fPM', 'Saturday: 7:00\u202fAM\u2009–\u20096:30\u202fPM', 'Sunday: 7:00\u202fAM\u2009–\u20096:30\u202fPM']",https://maps.google.com/?cid=4427234706064195697&g_mp=CiVnb29nbGUubWFwcy5wbGFjZXMudjEuUGxhY2VzLkdldFBsYWNlEAIYBCAA,https://places.googleapis.com/v1/places/ChIJu5zbAYlKDW0RccA8OIKycD0/photos/AcnlKN04_zXp7tSjJlGX3JYY94CLDz8VzpikhfFdVzbaHLaMdNrRM3xMR6EqV-HqYv9piY28qJ4l8aMu76ulORLXqqF7A5143znS7ILuqwYCqmEM5ywUsG_qaBRsouC7kjM4Ulp2ESVOhwJmnsGTdUEgeANkCBgqNZhjs3sN_6-rm966-uhPaXbpgMhXO-C8vLIf81XouIqLM61Kickzs6Bh73Qn6BJmPblbfBYrOjmaaeOXisJ8nrE-s32vwkGB-OkrPhvtMP-F0fLAfuWe1TofxO093MrCalnk_eV-DYwhY3NU2g/media?maxWidthPx=800&key=AIzaSyC8TIk0MnhD2IRSUvuND9nW3i6A344sGGI,"Golf club in Auckland, North Island, featuring stunning coastal views. Rated 4.4/5 (303 reviews) on Google.",35,80,"['coast', 'local', 'value']",
69,Hukanui Golf Club,ChIJIe8NA-49bW0R4XTXtewlllU,"1550 Gordonton Road, Taupiri 3791, New Zealand",-37.6457759,175.26281079999998,North Island,Waikato,+64 7 824 3784,https://www.hukanuigolf.co.nz/,4.5,136,"['Monday: Open 24 hours', 'Tuesday: 9:00\u202fAM\u2009–\u20095:00\u202fPM', 'Wednesday: 9:00\u202fAM\u2009–\u20095:00\u202fPM', 'Thursday: 9:00\u202fAM\u2009–\u20095:00\u202fPM', 'Friday: 9:00\u202fAM\u2009–\u20095:00\u202fPM', 'Saturday: 9:00\u202fAM\u2009–\u20095:00\u202fPM', 'Sunday: Open 24 hours']",https://maps.google.com/?cid=6167158438323778785&g_mp=CiVnb29nbGUubWFwcy5wbGFjZXMudjEuUGxhY2VzLkdldFBsYWNlEAIYBCAA,https://places.googleapis.com/v1/places/ChIJIe8NA-49bW0R4XTXtewlllU/photos/AcnlKN1mvxj6X3CvQm5tyDKZIFNEOdSWtZ2_F4ka8sOhTSzl7E8-sLq8G7P6xapnvqdyEEckxcGRCgZreeV0wmca4wdJELqnv-kMyV3sO1m4rnm-X_bImuoiiiRSe72Yp2uFYW-WRHahNZmDwioLaOc94gx4yiq8y_3pJZ0fwDieV9Ei-hV1wS4jsIgidZ5l-UrBoQVS22dcHaM1AJvsG6NGKICHB14l8SENGpvHx1Dal_swTUlenSqHwMORRanEB6_JMOOwwuPSrjRDWob1Q7r7nAMTwrb5XxpsagBAh6ds27lMczhHQ06zOx-w-TdS0_khhWOn9ACq6F7EWltnMti2xRvHnvQ-tnT5_x2m-TaAOcmAc5L1ZlbjblGm53Lw-8p0_s5McqMN7tGMD9o_BG073EMnqTjvC00U12s3dEojaCU/media?maxWidthPx=800&key=AIzaSyC8TIk0MnhD2IRSUvuND9nW3i6A344sGGI,"Golf club in Waikato, North Island, offering a peaceful playing environment. Rated 4.5/5 (136 reviews) on Google.",50,120,"['coast', 'local', 'mid']",
70,Huntly Golf Club Inc,ChIJpwg6psVHbW0RpVvLPIOEV_g,"540 Te Ohaki Road, Te Ohaki 3772, New Zealand",-37.4978443,175.1511234,North Island,Waikato,+64 7 828 8305,https://www.huntlygolfclub.co.nz/,4.3,87,,https://maps.google.com/?cid=17894917343575497637&g_mp=CiVnb29nbGUubWFwcy5wbGFjZXMudjEuUGxhY2VzLkdldFBsYWNlEAIYBCAA,https://places.googleapis.com/v1/places/ChIJpwg6psVHbW0RpVvLPIOEV_g/photos/AcnlKN3ttjG2SXbHKbg6Q2rfOmNvHgSWRvF6Iy7fOpjnBDnsMqIoTRuNsWgxfx4UJ0nvtO0jkpACwkSTPx5Uu4YY_OWtKo5ntFBvOez-ATtcuhSDHH_8shT8RbOQGSAJ7fqpl3T-whtWOyc8K3inEBFPktliruNhippg_OofqWP2b5B8fdLmG6pS8mHVKPeaC7N2FIAUaDva3gDVWqapL4rrMoK7JUK5Ljl_jiHM_br2RfZ0vDK5NHkpIb0ZPxBM4QFbXaWgeO7Qi0jQeAXhhq4OPh3HU1-oyYHs_VwsHqLtAlg1o6IkDyoQCeNiE9pINAk_LmZ3LW5iYp-MpJKihWBLhm8ofs75hkojsFOJZdgEnxroSNWuFhEVeJeAWaudxG3hulVMCo7H3UwaD23EjiHbsWO7w8J6G-LIyav03yp4ZKG8zg/media?maxWidthPx=800&key=AIzaSyC8TIk0MnhD2IRSUvuND9nW3i6A344sGGI,"Golf club in Waikato, North Island, offering a peaceful playing environment. Rated 4.3/5 (87 reviews) on Google.",35,80,"['coast', 'local', 'value']",
71,Inglewood Golf Club,ChIJ6QQV6EtTFG0Rptk9HabbU8Q,"244 Lepper Road Upper, Egmont Village 4386, New Zealand",-39.1701996,174.16738049999998,North Island,Taranaki,+64 6 756 7472,http://inglewoodgolf.co.nz/,4.8,115,,https://maps.google.com/?cid=14146892361002506662&g_mp=CiVnb29nbGUubWFwcy5wbGFjZXMudjEuUGxhY2VzLkdldFBsYWNlEAIYBCAA,https://places.googleapis.com/v1/places/ChIJ6QQV6EtTFG0Rptk9HabbU8Q/photos/AcnlKN1XH3Ow_p-zJupQYKA-MRutkpxrcHmcd08fUiPhpGWSx2Hfd5Wy7VdKu8TW-zNKkwbXsdSSxhrAE2__6H8hJUYVZYWlIx82q3S5chrdglaAFgyRDDVPbeF7eH98lBantYYcgs_WExEPR4HRlpn63oqn2nGaBh4L_-eZRwJp414SRyn8r-MVjx6ckuKM4y1YN4ai3nFIhpWuo7w7-V_5-3SaRMvKNh-VF8aiJsAMW_lItov-7bHpJ7yqdT9hhNthKDHY0tma7-pnsi8fHYiN73iwaP3NdPxFaWususd6e-Uy2WUgJMfl-GALqJgkhNkT1xnXye9EJMBMfPq4nXwu2c7VCm_3qRGqj2uFrtz1-uTslUl8xAIgeg9jyJj7UPDibJB6uyai_NtGlZqKNZSHY959KB3oGsyyyfTXvyjANJTeN4oI8dqLEIPqgKzqh3Os/media?maxWidthPx=800&key=AIzaSyC8TIk0MnhD2IRSUvuND9nW3i6A344sGGI,"Golf club in Taranaki, North Island, offering a peaceful playing environment. Rated 4.8/5 (115 reviews) on Google.",50,120,"['coast', 'local', 'mid']",
72,Invercargill Golf Club,ChIJu7mM-rLD0qkRgy-b_5SyI_c,"Dunns Road, Otatara 9879, New Zealand",-46.428256399999995,168.2836702,South Island,Southland,+64 3 213 1133,https://invercargillgolf.co.nz/,4.7,84,"['Monday: 9:00\u202fAM\u2009–\u20095:00\u202fPM', 'Tuesday: 9:00\u202fAM\u2009–\u20095:00\u202fPM', 'Wednesday: 9:00\u202fAM\u2009–\u20095:00\u202fPM', 'Thursday: 9:00\u202fAM\u2009–\u20095:00\u202fPM', 'Friday: 9:00\u202fAM\u2009–\u20095:00\u202fPM', 'Saturday: 8:00\u202fAM\u2009–\u20095:00\u202fPM', 'Sunday: 8:00\u202fAM\u2009–\u20095:00\u202fPM']",https://maps.google.com/?cid=17808273704566337411&g_mp=CiVnb29nbGUubWFwcy5wbGFjZXMudjEuUGxhY2VzLkdldFBsYWNlEAIYBCAA,https://places.googleapis.com/v1/places/ChIJu7mM-rLD0qkRgy-b_5SyI_c/photos/AcnlKN23ZOnXx_wjnsoadHz97pI7CQbN0yqKUXE0ASovfOczAG2AOeV8N5EzQb-Mwaz33S8xllLDKHrT6HN8up6_X8z9EwrCzOHRoMtnNiBToFbip7vPnnUyKty0Qq29HBqEXKPTRKg3dS09xoRJojfFTraTVzqeepI2amnUiHZIWlMbc_lOdUHpztCh_xIDOxN-Br6-QqWk2HEp_yAtjZpW7tiCWAoR57fSiQszG-EqUYbaq42e7dPWsCgBBxHXNyoCQmS0lpg3Dv_BJNk5gCnAV84T70By-UJXcApd-3NGWU5yFNHk-Fwv1lgLmaH29kDJx2cwZyGaC9karQoE2zz5FoOQHbOZt4eHzypQZNg5RUPO-sNA76ETqLKSsX7cxWxuynixCd6o2pRNSar8V7EjBqg5ubNwDIsGNCECGMFC1gc/media?maxWidthPx=800&key=AIzaSyC8TIk0MnhD2IRSUvuND9nW3i6A344sGGI,"Golf club in Southland, South Island, offering a peaceful playing environment. Rated 4.7/5 (84 reviews) on Google.",50,120,"['coast', 'local', 'mid']",
73,JK's World of Golf,ChIJqUwCY-xPDW0RgKvVAFAhLfU,"10 Nixon Road, Māngere, Auckland 2022, New Zealand",-36.994011199999996,174.79394739999998,North Island,Auckland,+64 9 275 6080,http://www.jksworldofgolf.co.nz/,4.4,371,"['Monday: Open 24 hours', 'Tuesday: Open 24 hours', 'Wednesday: Open 24 hours', 'Thursday: Open 24 hours', 'Friday: Open 24 hours', 'Saturday: Open 24 hours', 'Sunday: Open 24 hours']",https://maps.google.com/?cid=17666813540739427200&g_mp=CiVnb29nbGUubWFwcy5wbGFjZXMudjEuUGxhY2VzLkdldFBsYWNlEAIYBCAA,https://places.googleapis.com/v1/places/ChIJqUwCY-xPDW0RgKvVAFAhLfU/photos/AcnlKN3qBGcJqYVdAsnWjzPJeV33iUolM4IRFsYzKYJYfwYWNtMedWaBjporRZfSUOF2UqbORKzaPqo2D7oXvM-MeR_cJ3QnzLZVIqvFMrppoPH3XyF1RMtJrc5xses0rgypsxo3_Tq5DDiewyQ0-mJbqubZ_KOayM77I30a5a3sJ6Iw-blfm_xZT5JJ2O2LS0iiGRQIS2lodvns_9X9UodQHNomy54Ve1n97Xrd5AyM3QnLf5lT2n0ZNcNNcJsqSqh40q8Rp7yPxvKfSYpgBudeteUvdUHK5futo7xcIniqoJp4eQ/media?maxWidthPx=800&key=AIzaSyC8TIk0MnhD2IRSUvuND9nW3i6A344sGGI,"Golf course in Auckland, North Island, offering a peaceful playing environment. Rated 4.4/5 (371 reviews) on Google.",35,80,"['coast', 'local', 'value']",
74,Judgeford Golf Club,ChIJ730WznmqQG0REOubJGLvAA8,"328 Paremata Haywards Road, Judgeford 5381, New Zealand",-41.12076580000001,174.9438859,North Island,Wellington,+64 4 235 7633,http://www.judgefordgolf.co.nz/,4.5,313,"['Monday: 7:30\u202fAM\u2009–\u20094:00\u202fPM', 'Tuesday: 7:30\u202fAM\u2009–\u20094:00\u202fPM', 'Wednesday: 7:30\u202fAM\u2009–\u20094:00\u202fPM', 'Thursday: 7:30\u202fAM\u2009–\u20094:00\u202fPM', 'Friday: 7:30\u202fAM\u2009–\u20094:00\u202fPM', 'Saturday: 7:30\u202fAM\u2009–\u20094:00\u202fPM', 'Sunday: 12:30\u2009–\u20094:00\u202fPM']",https://maps.google.com/?cid=1081127115368950544&g_mp=CiVnb29nbGUubWFwcy5wbGFjZXMudjEuUGxhY2VzLkdldFBsYWNlEAIYBCAA,https://places.googleapis.com/v1/places/ChIJ730WznmqQG0REOubJGLvAA8/photos/AcnlKN3Ge3_VaUFQUUTieOcmIhTbPrTFsmi-hKAVaBrSbq3X3AUKFTw-_XCHGfW6-oPjbQ1hQX3YeDDTAymMLwHLs2yzv2DdezhZH6kKP_hvN2VxwPHWj-TWyveav3ODpmALpkN0gmwYNshbDCA-JO_KR17YaFgDsmeDmeodoxTPEvLOExVo1qD26q_epPHkWemTwuBbVitvfTZXgWS2S_p__2nV-7xu211mrhnZY60r8DzAzASIRXO3kAQ336tad0rbTf8ob-xYGj-sZJMuND5NonC90EQOAKbFHXR5L2FI-BpYAg/media?maxWidthPx=800&key=AIzaSyC8TIk0MnhD2IRSUvuND9nW3i6A344sGGI,"Golf club in Wellington, North Island, offering a peaceful playing environment. Rated 4.5/5 (313 reviews) on Google.",50,120,"['coast', 'local', 'mid']",
75,Kaiapoi Golf Club,ChIJQYmjfZuRMW0Rsp9kEKp8XM8,"373 Williams Street, Kaiapoi 7630, New Zealand",-43.3717384,172.6625956,South Island,Canterbury,+64 3 327 7320,http://www.kaiapoigolf.co.nz/,4.4,114,,https://maps.google.com/?cid=14941954733569777586&g_mp=CiVnb29nbGUubWFwcy5wbGFjZXMudjEuUGxhY2VzLkdldFBsYWNlEAIYBCAA,https://places.googleapis.com/v1/places/ChIJQYmjfZuRMW0Rsp9kEKp8XM8/photos/AcnlKN00PLkeoRbkdr40ZVsKU1kBSQ_lLiJH0L2gS_6qE-ewQKEQPUeKJu0_YxalBCFKLy9cNdzObFg2djmdLzFpz_mQSiqUf9qFotl4Q6Qv-3UYD_urHZu1z0OwYSz9z8SOls5jXuYdr5AAwD7oO-gSCrQ383a0IiksQNa1YXZvpvmC7KCovahBPrToqhSivsGtHYPEAdEW6QdMx89Id6p9iAJHoFHPDxBnPLsMqCeyPWMBar_-qSOTKXK220R8-_2a1Er2TkI7GRJWen5m_L-dM5qw2Glx77iUkUnNq1e5Q5F3mxXyEh-mTTQK8JwCLHeW5H13sntJTGdJVrHbRxUtxH9tdtfWsolFm29RIpdBzdMJLl-J6ygAeGM3Fxez5tBZE0432wp017BWCgfolYO-3W1PENkZMjrvve_q62q0JpESWCxAcaNe5kVDXb5ASQ/media?maxWidthPx=800&key=AIzaSyC8TIk0MnhD2IRSUvuND9nW3i6A344sGGI,"Golf club in Canterbury, South Island, offering a peaceful playing environment. Rated 4.4/5 (114 reviews) on Google.",35,80,"['coast', 'local', 'value']",
76,Kaitaia Golf Club,ChIJw7LNJX4OCW0RKQn7U7_nWTQ,"Takahe Road, Ahipara 0481, New Zealand",-35.1580418,173.1600886,North Island,Northland,+64 9 409 4833,https://kaitaiagolfclub.co.nz/,4.7,33,"['Monday: Open 24 hours', 'Tuesday: Open 24 hours', 'Wednesday: Open 24 hours', 'Thursday: Open 24 hours', 'Friday: Open 24 hours', 'Saturday: Open 24 hours', 'Sunday: Open 24 hours']",https://maps.google.com/?cid=3772300971833231657&g_mp=CiVnb29nbGUubWFwcy5wbGFjZXMudjEuUGxhY2VzLkdldFBsYWNlEAIYBCAA,https://places.googleapis.com/v1/places/ChIJw7LNJX4OCW0RKQn7U7_nWTQ/photos/AcnlKN2z1HrnbsvGQ0wODR6IuaqFsUTdadNoO4laB9Yl0txnHZsfNnwUd9B5WFrIPorYnxNp0ciWDUXR2g1m3lfSrR4NksBV9eq0GdK8uTsR9PhWbU9T4SmmcwVPIejOSXmNsbVHjR2QXuXEE6JtuPmIItALwxOj95Jx7hpXpSH-BPavyhAyS3k-srh8BR0T-0I7bD3A49pTcnxLqmzwAJesf6xqO2vsJohkgbe4OnRXHyv3IuhjJfA18pwY5Dnh7ARotJ8iezBUBVfJaHGyb58YkREr9w3-cWuKT1QRR6u_gO3ISF3hMHwhN6CUj_s2nOlf9-GZ3qMNcLnv9trB_zJn3Yt2tl-HhARrhjDIVTjQaTA5hkYODX1Q9gNMNkRqAatX0ZqtVBUVACjyIRsQp4ZQvUma2ZfcWoJ1dEnIKXvXglvsZ1oy488uGC76WQwLVewP/media?maxWidthPx=800&key=AIzaSyC8TIk0MnhD2IRSUvuND9nW3i6A344sGGI,"Golf club in Northland, North Island, offering a peaceful playing environment. Rated 4.7/5 (33 reviews) on Google.",50,120,"['coast', 'local', 'mid']",
77,Kaitake Golf Club,ChIJQ6CeJI5KFG0RZrrWn-7zn6k,"1340 South Road, Kaitake 4314, New Zealand",-39.1310414,173.946268,North Island,Taranaki,+64 6 752 7665,http://www.kaitakegolf.co.nz/,4.5,63,"['Monday: Open 24 hours', 'Tuesday: Open 24 hours', 'Wednesday: Open 24 hours', 'Thursday: Open 24 hours', 'Friday: Open 24 hours', 'Saturday: Open 24 hours', 'Sunday: Open 24 hours']",https://maps.google.com/?cid=12222756119916231270&g_mp=CiVnb29nbGUubWFwcy5wbGFjZXMudjEuUGxhY2VzLkdldFBsYWNlEAIYBCAA,https://places.googleapis.com/v1/places/ChIJQ6CeJI5KFG0RZrrWn-7zn6k/photos/AcnlKN0KyHV7mAqxFXZQ0ELP_1C6hwObuaTiOp_O7zhhXdhsLL7-VtomlqEKZSgKI3H9R-zRgAvbMtKcTwW7__0jZ0ncOqwitYdmAgyxyJYWnPZR7Fr7qElLMXe6qpbIoE1PVCmd6b7qXcCQXp3yIZWXhAOUm_mM8XI5CYm2WomDmljxqFOaSIIbngGdlTAvlBVHgXwVgvJiDHEefbWBlmAMRW-CPasNQOuoQCw4jeu_PViogY1jUvPeCdgV37YB99qAFfrmsVjSlEgv90eoIvcn9ez6_WceHsrtxQw4k01PKs155-zkl5M2fFHofdPk1Ihcb-cvfvT3OQoWfTNYHx2EZDzOWiMSrE1ZlrcXahwEHLH14ZqQomajIhf7YLqYipwVRuxtEMBUUZo-ZJeyH4U-g-LY66yRGb05mkc2J0-9mzE/media?maxWidthPx=800&key=AIzaSyC8TIk0MnhD2IRSUvuND9nW3i6A344sGGI,"Golf club in Taranaki, North Island, offering a peaceful playing environment. Rated 4.5/5 (63 reviews) on Google.",50,120,"['coast', 'local', 'mid']",
78,Kaituna Golf Course,ChIJM4oB3RA5Mm0RoMjXB-6x4aM,"Jones Road, Birdlings Flat 7591, New Zealand",-43.8121986,172.6769597,South Island,Canterbury,+64 27 266 3037,http://www.canterburygolf.co.nz/clubs/kaituna-golf-club/,4.5,20,"['Monday: 9:00\u202fAM\u2009–\u20095:00\u202fPM', 'Tuesday: 9:00\u202fAM\u2009–\u20095:00\u202fPM', 'Wednesday: 9:00\u202fAM\u2009–\u20095:00\u202fPM', 'Thursday: 9:00\u202fAM\u2009–\u20095:00\u202fPM', 'Friday: 9:00\u202fAM\u2009–\u20095:00\u202fPM', 'Saturday: 9:00\u202fAM\u2009–\u20095:00\u202fPM', 'Sunday: 9:00\u202fAM\u2009–\u20095:00\u202fPM']",https://maps.google.com/?cid=11808915333834066080&g_mp=CiVnb29nbGUubWFwcy5wbGFjZXMudjEuUGxhY2VzLkdldFBsYWNlEAIYBCAA,https://places.googleapis.com/v1/places/ChIJM4oB3RA5Mm0RoMjXB-6x4aM/photos/AcnlKN32pS8n2C92tMAgif3TTTA0JLJ1HNwoVwNfH0YC3ZAlIIb9rj3eX3RMGx9S6QtoTpskMIzMd5Lqkhiad3hyAeWNmLu8W9hS5hp2CzaOPV1V0d1noBpK5u4UMuaUQUN9eT1913YtNxV0E1u55uQHQ-YR4D_zSvpj4TMBb5K_pF1iog1641q9DlUthpH63X18-CRvi2pUyWzg8xP-9L8z1BBH1t_P8jH22k363UOJ51JFSzUiQOoyIhxRTbfKyh15d5IUuzYzwMvGk6ev35HuX_HDgrLI2DaMJZDMab8AvIlyMklas1-hNXqNrukzjsX9Xa-OOLKkDh1WnZXqGG03MKZSmZHEQtdEjFHQ-QGZ0_26sHsXN_zYW9PYl0e6y7PWZY_qJPLgviOmr9CeuVk8MX651kB_jrcKDlH3bLmlhsY54NMb/media?maxWidthPx=800&key=AIzaSyC8TIk0MnhD2IRSUvuND9nW3i6A344sGGI,"Golf course in Canterbury, South Island, offering a peaceful playing environment. Rated 4.5/5 (20 reviews) on Google.",50,120,"['coast', 'local', 'mid']",
79,Karamea Golf Club,ChIJT4rs8NyzJG0RvmK6pZHki5E,"Kohaihai Road, Karamea 7893, New Zealand",-41.231527,172.1069277,South Island,West Coast,+64 3 782 6624,,5,2,,https://maps.google.com/?cid=10487727471464178366&g_mp=CiVnb29nbGUubWFwcy5wbGFjZXMudjEuUGxhY2VzLkdldFBsYWNlEAIYBCAA,https://places.googleapis.com/v1/places/ChIJT4rs8NyzJG0RvmK6pZHki5E/photos/AcnlKN1q2dx6rlJvGMra4Og7xnG4FY3O8ysi-hWIgFcqy_wLBsjvNE5AcGKTPUN9JMkW6v0YjzVElxcTUuneWJzx2RmKIQLIKJihxLwSWssO6l0_aS2-VKX0UpG4Yn3YJuHXs4FFqf54fHJ3ozqCfOqdSs4jlImUFAZpgTu33boslGox9HG2ntBvknjL5AIa_sYAMYgiLzALm0jpLepTo3gvSeQ653zOXXRDaweI2EBtt2bwRLNr1yBjPiK6mhuDHCBdcy-LAp1KCep2FD_LHbEOLef1R0BUOYqJ9LVJL4Yk8p5fELGIeQZU7sfwuSvNn4nwK56L0zoVMbunaWZWBRhuGuOU91FCBUbhRX_S-82jBClH3jxywFTlhP7Aj7PeU-IiEMvo4GMoYrsxzCqRTJxcBTeuCRe7UeocPwhbR3d9ZQKYWg/media?maxWidthPx=800&key=AIzaSyC8TIk0MnhD2IRSUvuND9nW3i6A344sGGI,"Golf club in West Coast, South Island, offering a peaceful playing environment. Rated 5/5 (2 reviews) on Google.",50,120,"['coast', 'local', 'mid']",
80,Karamu Golf Club,ChIJa7DE2LrKaW0RldkcpfTaLVY,"248 State Highway 2 Mangateretere, Hastings 4180, New Zealand",-39.6209092,176.8889677,North Island,Hawke's Bay,,,4.4,45,"['Monday: 7:00\u202fAM\u2009–\u20095:00\u202fPM', 'Tuesday: 7:00\u202fAM\u2009–\u20095:00\u202fPM', 'Wednesday: 7:00\u202fAM\u2009–\u20095:00\u202fPM', 'Thursday: 7:00\u202fAM\u2009–\u20095:00\u202fPM', 'Friday: 7:00\u202fAM\u2009–\u20095:00\u202fPM', 'Saturday: 7:00\u202fAM\u2009–\u200910:00\u202fPM', 'Sunday: 7:00\u202fAM\u2009–\u20095:00\u202fPM']",https://maps.google.com/?cid=6209860205490788757&g_mp=CiVnb29nbGUubWFwcy5wbGFjZXMudjEuUGxhY2VzLkdldFBsYWNlEAIYBCAA,https://places.googleapis.com/v1/places/ChIJa7DE2LrKaW0RldkcpfTaLVY/photos/AcnlKN0zj1qTgEPMuBu-EnLvhwx8E_AikOl_tJ8hR68fjK_YKEtrttnJYiNUV1r6jXFLcWpCM4WOcAz--sjn4J3_gvScSgBQiAvQtYomcmJh1DnVR3kUl9MCtCBejQzcWmjj4odvgXSL3zPejNYGIGRuk31EMbgPRsInYnjLECaMKuWA1qYQntMuIZUMRVWpAkIRK_XHpDtiKYnaUqZJPM1LZ7gWbdr0ufIgNvVUJHNQ2sDhFuDD1Xe-lavyPqRcRf67iToUVNbFEW8_KrbyRv3YD0wGI3jfUy9eo6xxrZS4MKxFyQ/media?maxWidthPx=800&key=AIzaSyC8TIk0MnhD2IRSUvuND9nW3i6A344sGGI,"Golf club in Hawke's Bay, North Island, offering a peaceful playing environment. Rated 4.4/5 (45 reviews) on Google.",35,80,"['coast', 'local', 'value']",
81,Karori Golf Club,ChIJLf4tSi23OG0R9kq0s7QYKOc,"280 South Makara Road, Mākara, Wellington 6972, New Zealand",-41.2888926,174.6899774,North Island,Wellington,+64 4 476 7337,http://www.karorigolf.co.nz/,4.6,99,"['Monday: 9:00\u202fAM\u2009–\u20095:00\u202fPM', 'Tuesday: 9:00\u202fAM\u2009–\u20095:00\u202fPM', 'Wednesday: 9:00\u202fAM\u2009–\u20095:00\u202fPM', 'Thursday: 9:00\u202fAM\u2009–\u20095:00\u202fPM', 'Friday: 9:00\u202fAM\u2009–\u20095:00\u202fPM', 'Saturday: 9:00\u202fAM\u2009–\u20095:00\u202fPM', 'Sunday: 9:00\u202fAM\u2009–\u20095:00\u202fPM']",https://maps.google.com/?cid=16656590386217896694&g_mp=CiVnb29nbGUubWFwcy5wbGFjZXMudjEuUGxhY2VzLkdldFBsYWNlEAIYBCAA,https://places.googleapis.com/v1/places/ChIJLf4tSi23OG0R9kq0s7QYKOc/photos/AcnlKN2fUdn6TKHHt3x9v74XshdG-zZ6s2Q72KQD0DrbMLqMYurSiAPYfPiL2ct7VWw7VR9niV3swMCEcdUxNL-0rqX0C_Zfr269WeozV5vW51gcdXokxB49bd5d6Um5qwMr7QDWTGUCCAcKZ9yR29KpO4IiUhlG7WWFLVS_jkWo_YhFZvWuCVH2M9HJJylIX7a3sdpadubk-_S4wPV3muVJeZ6tom_Q5XtlxzgY6VEup90LMGEuQW2In614l_5fElgGNXB8gKQ0nMCkg5rj80KLKoa9uc3gZfBD-hfQbg23qfS_DnxXB1PmjxcVXB-4h1bKLaOnx4PqX-JuWgOKIc7Fx_aIzGv_Go97d8_qPrIVlhCyAw_01klag35BA-U2y6sD3loMV4qbPSiAV1CEr79revCTbscfuOEy7GZPHtjWlLKHWsG_/media?maxWidthPx=800&key=AIzaSyC8TIk0MnhD2IRSUvuND9nW3i6A344sGGI,"Golf club in Wellington, North Island, offering a peaceful playing environment. Rated 4.6/5 (99 reviews) on Google.",50,120,"['coast', 'local', 'mid']",
82,Kauri Cliffs Golf Course,ChIJFYQ_jG7LC20REXt8ihVazw8,"Tepene Tablelands Road, Matauri Bay 0478, New Zealand",-35.0766385,173.9225095,North Island,Northland,+64 9 407 0060,http://www.kauricliffs.com/?fbclid=IwAR2dt9zLFTCfj-DuHvdBwcJiLCKLi7OLHkSQkrQQY8a_Guml2ge2tr-XwpM,4.6,38,"['Monday: 9:00\u202fAM\u2009–\u20095:00\u202fPM', 'Tuesday: 9:00\u202fAM\u2009–\u20095:00\u202fPM', 'Wednesday: 9:00\u202fAM\u2009–\u20095:00\u202fPM', 'Thursday: 9:00\u202fAM\u2009–\u20095:00\u202fPM', 'Friday: 9:00\u202fAM\u2009–\u20095:00\u202fPM', 'Saturday: 9:00\u202fAM\u2009–\u20095:00\u202fPM', 'Sunday: 9:00\u202fAM\u2009–\u20095:00\u202fPM']",https://maps.google.com/?cid=1139228279312251665&g_mp=CiVnb29nbGUubWFwcy5wbGFjZXMudjEuUGxhY2VzLkdldFBsYWNlEAIYBCAA,https://places.googleapis.com/v1/places/ChIJFYQ_jG7LC20REXt8ihVazw8/photos/AcnlKN3XxSXFQGdJqGuQPGBGE8MMKU-Gg--fUj--jI9V9piavDbksHMiftcL-YenkI544vAnjmCMkSvw3ZyboEsG9JazsMzK02mLrmZyhUBzaCg2jyEPxeZWrjyN3ti4jEHzFo6VfrDOCfbiMSNw55zF2Ml0_-B7IUNzyuPgcu7AoqsqGfnnjye3-lQB1hGaJXdFMIwJoY4WkfZfZH4JTzSHg2KmRkJSw7aZznKiZdCD0F7NXi0j_R_sobeTXv_51nxuplQKMKKU4FM8fJiXcd-kFI8ldMhM9DS2ZwoPU4JabiMrnGbhl8kbDgmPqsnwOwV2BP0JCvkz8CZ1KjtM8hwsg9cof1AdwLJb6Ve-vQXSR3WXpleZPHX8wSz9o63tZdhWIIZqC5HL_aJR6lITg5goLujM-g4WRre5raBcznSbGRmRIg/media?maxWidthPx=800&key=AIzaSyC8TIk0MnhD2IRSUvuND9nW3i6A344sGGI,"Golf course in Northland, North Island, featuring stunning coastal views. Rated 4.6/5 (38 reviews) on Google.",50,120,"['coast', 'local', 'mid']",
83,Kauri Cliffs Golf Course,ChIJwQ-YKozLC20RCG2UnaYiQGQ,"Unnamed Road, Matauri Bay 0478, New Zealand",-35.0691576,173.9206906,North Island,Northland,+64 9 407 0060,https://www.robertsonlodges.com/the-lodges/kauri-cliffs/explore,4.7,53,"['Monday: 8:00\u202fAM\u2009–\u20096:30\u202fPM', 'Tuesday: 8:00\u202fAM\u2009–\u20096:30\u202fPM', 'Wednesday: 8:00\u202fAM\u2009–\u20096:30\u202fPM', 'Thursday: 8:00\u202fAM\u2009–\u20096:30\u202fPM', 'Friday: 8:00\u202fAM\u2009–\u20096:30\u202fPM', 'Saturday: 8:00\u202fAM\u2009–\u20096:30\u202fPM', 'Sunday: 8:00\u202fAM\u2009–\u20096:30\u202fPM']",https://maps.google.com/?cid=7223811901305941256&g_mp=CiVnb29nbGUubWFwcy5wbGFjZXMudjEuUGxhY2VzLkdldFBsYWNlEAIYBCAA,https://places.googleapis.com/v1/places/ChIJwQ-YKozLC20RCG2UnaYiQGQ/photos/AcnlKN1ObIuD967BtVtHyLnX9VmVd4iyO2rWPveRsPUUp-a2XBAdeQ_701Yluq9XBVAaHfDStP4IYjF9x4v3lUCB1dpcUgeEGqGrn_FZgxGTm7djF2SevFJ7Az0Ke9CWdCYq0GegS5w8kwOxmI2Yf_KP8TDK2fzN5d5WsrHupJYMGRVYfepCbZHDHUtEsoY-kVenga9TUHwEFd0kHOFCTY8YlolsGNygNHOedEfcILxFEWHTQTTLEXfUa4uu6e0e4dblzM8n4AM8mQFSvYKO8ekLSfWeekQF06wTkBDslo9F-K20fJJHaqff8OrSeoJHG78wYBpy0Hrn7c3OpKhqP7jBrVWh4PLrxn9EL3b1B71iXT65l8kBT9SueH8ix84r7x7CIYrqNV-DhYmh0kXle0hqpBcfi6XfB8aMB72cR7A/media?maxWidthPx=800&key=AIzaSyC8TIk0MnhD2IRSUvuND9nW3i6A344sGGI,"Golf course in Northland, North Island, featuring stunning coastal views. Rated 4.7/5 (53 reviews) on Google.",50,120,"['coast', 'local', 'mid']",
84,LOFT18 Mount,ChIJG4pwWYzfbW0RINB2rWZTn2I,"10/19 Rerewai Place, Mount Maunganui 3116, New Zealand",-37.656041099999996,176.1974866,North Island,Bay of Plenty,,http://loft18.co.nz/,5,22,,https://maps.google.com/?cid=7106490437475946528&g_mp=CiVnb29nbGUubWFwcy5wbGFjZXMudjEuUGxhY2VzLkdldFBsYWNlEAIYBCAA,https://places.googleapis.com/v1/places/ChIJG4pwWYzfbW0RINB2rWZTn2I/photos/AcnlKN1pLwAshpbbeVKzdKP_58Pr49TSgjPtDASz1LtmVFrL4cK6rGVUuQTP9yykyhgsxy5XdZvxe0mgqU0F-MN2WcLqx6eb8bAPJ1wp5OYIPV9WSvQTvqbXQK1vEBJXxuOPD_rXTt62VNrsxHwlEoKb9QBnYqaFhArnlzbU2oi2z6J2CiYYf30ikds--Dz0yG9L7OXPlJFUr7nH9_Ldi4KyVtCtVC0obVXeiPb3gwSplAR3uL-sBtgAswaVlnoXyJnL0XishWLhCLKDPRD2oi1YT9iVxw_jwweBGBQ3K20N2DbSCQ/media?maxWidthPx=800&key=AIzaSyC8TIk0MnhD2IRSUvuND9nW3i6A344sGGI,"Golf course in Bay of Plenty, North Island, set against a scenic mountain backdrop. Rated 5/5 (22 reviews) on Google.",80,180,"['coast', 'local', 'mid']",
85,Lake View Golf Club,ChIJE90kfWsnbG0RA3Ft7lFnRQU,"704 State Highway 5, Hamurana 3072, New Zealand",-38.069562999999995,176.14745779999998,North Island,Bay of Plenty,+64 7 357 2341,http://lakeviewgolf.co.nz/,4.7,99,"['Monday: 8:00\u202fAM\u2009–\u20095:00\u202fPM', 'Tuesday: 8:00\u202fAM\u2009–\u20095:00\u202fPM', 'Wednesday: 8:00\u202fAM\u2009–\u20095:00\u202fPM', 'Thursday: 8:00\u202fAM\u2009–\u20095:00\u202fPM', 'Friday: 8:00\u202fAM\u2009–\u20095:00\u202fPM', 'Saturday: 8:00\u202fAM\u2009–\u20095:00\u202fPM', 'Sunday: 8:00\u202fAM\u2009–\u20095:00\u202fPM']",https://maps.google.com/?cid=379823345172836611&g_mp=CiVnb29nbGUubWFwcy5wbGFjZXMudjEuUGxhY2VzLkdldFBsYWNlEAIYBCAA,https://places.googleapis.com/v1/places/ChIJE90kfWsnbG0RA3Ft7lFnRQU/photos/AcnlKN0VVI2RPqLZqddv7FEQFuIK6pkoxruiF7RC7GwOdcCIucZ0AjHlErRHioDzyHb7mnNLIhMTDqpt6ikG9GK-sN7BLYp5r1pV4FmR_6pBA9KMKmoLvDoXIe_zjkiltzptwGD9EFKAus__N6qXuvYVVaufsZgm7f6kJmRZXkPtCc9szBllXQmTCLTiOMFvtfOrtShovFemOTv_RV-MCV2miVif95zEq1LguQa2fOS5BUTo4NlAgtOMksT2GxmVLxSJTK-DOsDHxd0ZKZlxH5gxUoluTkAgXgHEayPj-mzAeN3UHAguDRVRFVcDR2oQo0Ab-eMVjBOXMuhysUYBgJzuKMCG3wkK19hCbmi48jbTdj3LfilW50WCXJvi6_uBI-lO3rt2i2tjzFpEissJ4O6cCLEHvdUgNm4Ynbuu-FkRVjgn6hQ/media?maxWidthPx=800&key=AIzaSyC8TIk0MnhD2IRSUvuND9nW3i6A344sGGI,"Golf club in Bay of Plenty, North Island, with beautiful lakeside scenery. Rated 4.7/5 (99 reviews) on Google.",80,180,"['coast', 'local', 'mid']",
86,Mahia Golf Club,ChIJobiJn1tHZm0RLSGrAndLVH0,"293 Ormond Drive, Māhia 4198, New Zealand",-39.065884,177.86223900000002,North Island,Hawke's Bay,+64 6 837 5700,,4.7,29,,https://maps.google.com/?cid=9030926127302648109&g_mp=CiVnb29nbGUubWFwcy5wbGFjZXMudjEuUGxhY2VzLkdldFBsYWNlEAIYBCAA,https://places.googleapis.com/v1/places/ChIJobiJn1tHZm0RLSGrAndLVH0/photos/AcnlKN1NEhrzg_yFEC7dGNI52Nc8drO36Gw1iiHPb8nX3ViWTewVLOUmoy4cp6nqnB_h4V-UpzNtGG4990kf1lXabfVBfUKbZJp5sMwt9Q9LropaBEFwJz9NidjwTtJdcgMf6WG6It924a8bnk9LH78xRKjkunwj9aJ5tARfWmpRoYuhJhEm4MzjDWxoZ7iEFgsMGSa-cMvlgnhdPd6app5nAqS6svzZ3HibJX6X45t5pX0pE0QoGLs15vRvUztmrRaFKiIIBeLDC02Be7mVL60TNyl93LHIMzOnqInuionVXINPdNM8WV3KoksbgTvZb7YKXIZG3cuoLpG5VBBEYIpxoI7q-_eF6VyuKCHZBBrxkV0TCvn2U7ii5hs8eHAAbszry0WyLnsoeWI0qL2lB0a0RglB0xnpSmBsvcouSSNNf7KDvQ/media?maxWidthPx=800&key=AIzaSyC8TIk0MnhD2IRSUvuND9nW3i6A344sGGI,"Golf club in Hawke's Bay, North Island, offering a peaceful playing environment. Rated 4.7/5 (29 reviews) on Google.",80,180,"['coast', 'local', 'mid']",
87,Manaia Golf Club,ChIJM_Wdj7KZFW0RiU4VdiYU3o8,"Manaia 4678, New Zealand",-39.5476247,174.13576569999998,North Island,Taranaki,+64 6 274 8325,https://www.taranakigolf.co.nz/clubs/manaia/,4.4,39,,https://maps.google.com/?cid=10366745547675881097&g_mp=CiVnb29nbGUubWFwcy5wbGFjZXMudjEuUGxhY2VzLkdldFBsYWNlEAIYBCAA,https://places.googleapis.com/v1/places/ChIJM_Wdj7KZFW0RiU4VdiYU3o8/photos/AcnlKN1r4mMY2iF-T1S2I3ylC3PNQD1LrgnDkBh3b3DQU3-FEnOWxsRO_1dj-LhyYX0a1ixXODFm7hQcyQ0osfXOldMMSnF7isp5bIeE-PvcTtqLBO5Da68FHpQo2ol8qfPFKzfWR6Y7WRjM6OQExOPXKRzwrDV3jw6WsCdF3SfdbupkSRcJQg80nr4NZfZdhZI-t-eTWEdHGtHMmQo7R3hrGZXQoLO0dFXPDipP-UzEEKtxjJZ5Qh7uE7xE1qoRPjGoJeNjWZL7Jpvirj5E34d0ABW08CvXe67yL3m00iYiCHlNbamd6QLSodJKYPKthEBKpWb5HHi58Yi6d-ruXZcd-ZWeNY-JVJhKTiYJQbmV1J11yNYrDfmOpRrUQOgSj3qchMVdTYv33HjW7y_CWrh8ySGvX5KpX3rLBlMMFQOyvYeUupeQuW9iMS0VuJZgsPeR/media?maxWidthPx=800&key=AIzaSyC8TIk0MnhD2IRSUvuND9nW3i6A344sGGI,"Golf club in Taranaki, North Island, offering a peaceful playing environment. Rated 4.4/5 (39 reviews) on Google.",35,80,"['coast', 'local', 'value']",
88,Manawatu Golf Club,ChIJdV25JY2yQW0RseJpmojiYEE,"19 Centennial Drive, Hokowhitu, Palmerston North 4410, New Zealand",-40.3704928,175.6353399,North Island,Manawatu-Wanganui,+64 6 357 8793,https://www.manawatugolfclub.com/,4.6,351,"['Monday: 8:00\u202fAM\u2009–\u20095:00\u202fPM', 'Tuesday: 8:00\u202fAM\u2009–\u20095:00\u202fPM', 'Wednesday: 8:00\u202fAM\u2009–\u20095:00\u202fPM', 'Thursday: 8:00\u202fAM\u2009–\u20095:00\u202fPM', 'Friday: 8:00\u202fAM\u2009–\u20095:00\u202fPM', 'Saturday: 7:00\u202fAM\u2009–\u20095:00\u202fPM', 'Sunday: 7:00\u202fAM\u2009–\u20095:00\u202fPM']",https://maps.google.com/?cid=4711014286563599025&g_mp=CiVnb29nbGUubWFwcy5wbGFjZXMudjEuUGxhY2VzLkdldFBsYWNlEAIYBCAA,https://places.googleapis.com/v1/places/ChIJdV25JY2yQW0RseJpmojiYEE/photos/AcnlKN0a24v4Vu9Q99wXi5NWelEJ3OoeSdnTkFzEkNRASM-GLru0_uZFp5065UdXL9v10zVJ77dA9JxYCNByaemmq7xUD1BDHWiHSb4AlEj4v91b3Tv3OsLq9tBOPw7O72XY0tO3ZdcDYF5GAaqbAc_tzj4otyBH8nK7LZiq1zO5WFJSiKZw9iAjZ_x-c72KM2HwJ7uhbPaC3cG25NgW6esQ111BCsbnmEUEl8Ab8htuBoFKuL2cFbXOoOoIMUt8A09Pfykd5JJluX4J6fJ6YH08Qy32VfbsbK-gabATsoUoqasuFt0TGHFsuHgla2wK93Xl68SpnVlyFWR201lFfyPY9w0gap5maECbeth4d5Q8AU9vbtP2cZfb8Cxws_U4YISR7Ot90tMxslhO-eYHrndMPo4Y0ThFy4GH2cRIkU5WD3s/media?maxWidthPx=800&key=AIzaSyC8TIk0MnhD2IRSUvuND9nW3i6A344sGGI,"Golf club in Manawatu-Wanganui, North Island, offering a peaceful playing environment. Rated 4.6/5 (351 reviews) on Google.",50,120,"['coast', 'local', 'mid']",
89,Mangawhai Golf Club,ChIJnyWaPRiVDG0R81dK-ei3d04,"221 Molesworth Drive, 219 Molesworth Drive, Mangawhai Heads 0505, New Zealand",-36.0988082,174.5859832,North Island,Northland,+64 9 431 4807,http://www.mangawhaigolf.co.nz/,4.5,233,,https://maps.google.com/?cid=5654190068429641715&g_mp=CiVnb29nbGUubWFwcy5wbGFjZXMudjEuUGxhY2VzLkdldFBsYWNlEAIYBCAA,https://places.googleapis.com/v1/places/ChIJnyWaPRiVDG0R81dK-ei3d04/photos/AcnlKN3fMgba0QrGelNVCZNZP7FU_3QuXKdVgVGt-Mj3d2Y4C5g8KrPyn_4Bqa3OAJhgcN8yIkjvVg3EnGO3p191Gwc8Xcr4ez7hqKwLc38cdVrQJfR3rhfRNMog1ABJQ2TqLBnn8bGMlYfBAmuEKS4fFU5C0mJbtnFqCxZ6_ITeXNm58q01Oo-_LotxsGKGJe5NvRmv95MlQQjCHlc1sPrzCvg0HhcXu-B7t73_Zx4YT6OE7Ao-_ylPCt6IfEjJIXBs2DdWCz8TUszLQwKRDAwq7RGGTJ82IpHOkqLAN4zPoyiDxwBNBvqVjaAG0CSQ3aXjrf79mbukmjoDX5gjiaJDd_CDpk1r-2NZP8m59M3vnA0nXKM4DyExihMy5mGkhpRgmTFPMQA7yC6Lh2DzygbOSJhKW_IkDewxFQECJAJwg8CbJ-Wt/media?maxWidthPx=800&key=AIzaSyC8TIk0MnhD2IRSUvuND9nW3i6A344sGGI,"Golf club in Northland, North Island, offering a peaceful playing environment. Rated 4.5/5 (233 reviews) on Google.",50,120,"['coast', 'local', 'mid']",
90,Manor Park Golf Sanctuary,ChIJLbk9Od-qQG0R9di5eOm4tQE,"Golf Road, Manor Park, Lower Hutt 5019, New Zealand",-41.1540226,174.9840448,North Island,Wellington,+64 4 563 8558,http://www.manorparkgolf.co.nz/,4.5,179,"['Monday: 8:30\u202fAM\u2009–\u20096:00\u202fPM', 'Tuesday: 8:30\u202fAM\u2009–\u20096:00\u202fPM', 'Wednesday: 8:30\u202fAM\u2009–\u20096:00\u202fPM', 'Thursday: 8:30\u202fAM\u2009–\u20096:00\u202fPM', 'Friday: 8:30\u202fAM\u2009–\u20096:00\u202fPM', 'Saturday: 6:00\u202fAM\u2009–\u20096:00\u202fPM', 'Sunday: 6:00\u202fAM\u2009–\u20096:00\u202fPM']",https://maps.google.com/?cid=123207877714893045&g_mp=CiVnb29nbGUubWFwcy5wbGFjZXMudjEuUGxhY2VzLkdldFBsYWNlEAIYBCAA,https://places.googleapis.com/v1/places/ChIJLbk9Od-qQG0R9di5eOm4tQE/photos/AcnlKN1J8rX-zxUDs4dOOcO92E69b7EMmExZ3ohqaRn3qh1ETsBo8RJuwIylv-41eZNae5wpvqodE22FhpSGB_81Dy24p3EA6bSw6hsVyHt0d2piZPPztLMxrawcYgsClAOQMNmm4vvQQVMmUUxxUvtk6V5CbTRqKbQvJ3oZux6DXP9hDvEG1eWllglJvqePqkD-UZxoq7RoWuQ2Bl1x8CMw36sZc_FGv3q1Bk9I0Ww4i6iogn-_hRvVKpupeNDIepJblThfaS1K_CS1cvcXe5p1nWDTbC4GbMyDMTL2EGHub8t1UPLptCd42fbBtDF5HTWBtP0VIsExHx1LSmxTT1-RwoD22GffTOltLKLLZUmJOflNabRt_Hd_GKJb3nzg_6ZlTIlMC5UysihWnpF8JBBKswnusV55Kg5nO-vcBgIua7bv8cUW/media?maxWidthPx=800&key=AIzaSyC8TIk0MnhD2IRSUvuND9nW3i6A344sGGI,"Golf course in Wellington, North Island, offering a peaceful playing environment. Rated 4.5/5 (179 reviews) on Google.",50,120,"['coast', 'local', 'mid']",
91,Manukorihi Golf Club,ChIJ_RILsPhXFG0R9UBw0XemUEw,"Wills Road, Tikorangi 4383, New Zealand",-39.014275999999995,174.264046,North Island,Taranaki,+64 6 754 7497,https://www.manukorihigc.com/,4.7,81,,https://maps.google.com/?cid=5499078178564489461&g_mp=CiVnb29nbGUubWFwcy5wbGFjZXMudjEuUGxhY2VzLkdldFBsYWNlEAIYBCAA,https://places.googleapis.com/v1/places/ChIJ_RILsPhXFG0R9UBw0XemUEw/photos/AcnlKN2W7ujCiWk1RCEpYK-AVzpva4BlwPBN7OOMswpDq2nGYcf41a2pv5MaDXx5ZRcDYLChCmE1WBHfWXZv8gU7hdoBovdB5z5tamxZ_fzNQgu7S7KwjOB3TzMU-K_B7kb25NmIJtvQIz4UOmfq4KRs8Q4Oa_-kic7u8HEo3zO6wo4TBoHrwlJOcJboQXIp2eEqUOiCyBeiQGzMdqMVO_7--lHJMHpJDrv8OyiIzDcdO69ed7XcZTGN5AuxLxQpA9fIFb4pL4XHW12I5hSteVGlrjoaNTO8GVkJYVhLkcwbQRzS4tjSLkpdzGLLlIWpvXpRtBSTuKVhyI9QaBgrAzqqJExtSYFdVmhvPibVipPUaV7sNgfb8fiLi9SvbqCc-LmKss3-4Ejh_oZ9f64FX7D4QC-lPJrdpnlg9BhHT35dOfevg0DXVAxf1EfGu0yd7Fgq/media?maxWidthPx=800&key=AIzaSyC8TIk0MnhD2IRSUvuND9nW3i6A344sGGI,"Golf club in Taranaki, North Island, offering a peaceful playing environment. Rated 4.7/5 (81 reviews) on Google.",50,120,"['coast', 'local', 'mid']",
92,Maraenui Golf Club,ChIJEUsKptBMaG0RWR-8SRJgedM,"285 Te Awa Avenue, Awatoto, Napier 4110, New Zealand",-39.5354047,176.9177047,North Island,Hawke's Bay,+64 6 835 8273,http://www.maraenuigolf.co.nz/,4.4,151,"['Monday: 9:00\u202fAM\u2009–\u20095:00\u202fPM', 'Tuesday: 9:00\u202fAM\u2009–\u20095:00\u202fPM', 'Wednesday: 9:00\u202fAM\u2009–\u20095:00\u202fPM', 'Thursday: 9:00\u202fAM\u2009–\u20095:00\u202fPM', 'Friday: 9:00\u202fAM\u2009–\u20095:00\u202fPM', 'Saturday: 8:00\u202fAM\u2009–\u20095:00\u202fPM', 'Sunday: 8:00\u202fAM\u2009–\u20095:00\u202fPM']",https://maps.google.com/?cid=15238316445847527257&g_mp=CiVnb29nbGUubWFwcy5wbGFjZXMudjEuUGxhY2VzLkdldFBsYWNlEAIYBCAA,https://places.googleapis.com/v1/places/ChIJEUsKptBMaG0RWR-8SRJgedM/photos/AcnlKN2Omg7jdSHJT1tGWcXJJ7PbdIa3MAnzaAyHeSpgyCoXRJWTA16qSRe9F86E0he4CLiCqNCVuSSpCs7WaxKCr9mbU0kH4VWZ36lLWv_K2SMfpSoKDVf8dizYU3zvwPt22qvki4xYd5OSDTJFiLJwxn-vm1wfxaiRo3t5ZDE2Jb2QZic_wf2xNejf3RoGMcJNBV_GQgH0kLWD3zt_gO9aYDbnq4w5yuKyf6QyleuQf5kP5CQpK0OVihRi5pu8s0nTLMuRDEvk5gk2ePeOL5KFAs_iDB7nSUoQAIY9yvxbvBjPbQ/media?maxWidthPx=800&key=AIzaSyC8TIk0MnhD2IRSUvuND9nW3i6A344sGGI,"Golf club in Hawke's Bay, North Island, offering a peaceful playing environment. Rated 4.4/5 (151 reviews) on Google.",35,80,"['coast', 'local', 'value']",
93,Marlborough Golf Club,ChIJyZD4IWhsOW0RCSs0sJeytBA,"74 Paynters Road, Fairhall 7272, New Zealand",-41.5374651,173.8782092,South Island,Marlborough,+64 3 578 0884,https://www.marlboroughgolf.co.nz/programme?ComeFromCat=1287,4.5,92,"['Monday: 8:00\u202fAM\u2009–\u20095:00\u202fPM', 'Tuesday: 8:00\u202fAM\u2009–\u20095:00\u202fPM', 'Wednesday: 8:00\u202fAM\u2009–\u20095:00\u202fPM', 'Thursday: 8:00\u202fAM\u2009–\u20095:00\u202fPM', 'Friday: 8:00\u202fAM\u2009–\u20095:00\u202fPM', 'Saturday: 8:00\u202fAM\u2009–\u20095:00\u202fPM', 'Sunday: 8:00\u202fAM\u2009–\u20095:00\u202fPM']",https://maps.google.com/?cid=1203783364980779785&g_mp=CiVnb29nbGUubWFwcy5wbGFjZXMudjEuUGxhY2VzLkdldFBsYWNlEAIYBCAA,https://places.googleapis.com/v1/places/ChIJyZD4IWhsOW0RCSs0sJeytBA/photos/AcnlKN24OV8bqIr5nX_0uCZ9swUC_cr1ZMTlsenBYGqD_jGcp4vK9EROKsMxfq_QDSBOGhEqBwhWP_AaSCVAV4g4iomI0Hl0ACq5Zi8eifkw6pSeppzLvP6Su8UsKCe_VuUXG0j-4V9Xd7JudWcFZ3-tidrcnK7_2g7T-51-zr287iKzp6ARAZsdce_2gATDvyDN-DWFQkU8RwfxA-D-y6eSWvqD7pM3XwfICKYxLpEjWFKBQERhXKwgrMaR26bR7fc7vLuasFNverSzV5LNcY_w6etM7pGk3akbNON3kNhEEBn16gEhI7TcwarIIyCglacY6SbGJxvcSM2a1wmCSbyB_IAwXTTc7-NZDaB2CRizrcuyrO-Vy7y_Pm3VTMRGyCY6nuf44aGEXuq9TaLCmPCIJ9WwtPHgO-PjLshOhx0OPsjh3buQ/media?maxWidthPx=800&key=AIzaSyC8TIk0MnhD2IRSUvuND9nW3i6A344sGGI,"Golf club in Marlborough, South Island, offering a peaceful playing environment. Rated 4.5/5 (92 reviews) on Google.",50,120,"['coast', 'local', 'mid']",
94,Mataura Golf Club,ChIJ2ePZBR_ULKgRiVfOK1Om6-E,"Mataura Golf Course 248 Craig Road, Mataura 9774, New Zealand",-46.2151725,168.80982129999998,South Island,Southland,+64 3 203 8913,http://www.matauragolfclub.co.nz/,4.7,34,,https://maps.google.com/?cid=16279288154208229257&g_mp=CiVnb29nbGUubWFwcy5wbGFjZXMudjEuUGxhY2VzLkdldFBsYWNlEAIYBCAA,https://places.googleapis.com/v1/places/ChIJ2ePZBR_ULKgRiVfOK1Om6-E/photos/AcnlKN0BM7U9F13nrYk92CEIsSs99F9I0fJkW8Nqe54qfrhpSi9rVzj7vesy9xaNaCOwm_mM11SwofqcYBe4GQnPgesXJoSKR9vwpkA-2LV-MtQtpNoin8dTlJGGn-BVYOLXRDWgLS3JOOeqHRZFMK-X65AU3n6uvovGZhvHwIcLDEjle0Akjj7kO-TOM6vTP7pRa_3PiHVxQ0RXykaCP9DL34MkJUGdk_4dQDwwQs4OHf0a_ALsHkhdhlvEwqqDCzjrmk7fYMca7No6B7otjvJGPxxVv4D5VIdJj0VR53Q6eses-PcP9oxQhhkWOwgmVakzGfjU__-vSlEzRXvX9yi-v3UCvBbBfClMKkCz68OIfyggguz0-qYnU7J7PsH5_IkYKMzGA6t-4K5ZTXNLU7t5_vvO2uA10lhR5XDvJ6YYRIRtI9U/media?maxWidthPx=800&key=AIzaSyC8TIk0MnhD2IRSUvuND9nW3i6A344sGGI,"Golf club in Southland, South Island, offering a peaceful playing environment. Rated 4.7/5 (34 reviews) on Google.",50,120,"['coast', 'local', 'mid']",
95,Maungakiekie Golf Club,ChIJzUlt-oFGDW0ROaj_i_8-0g0,"5 Anita Avenue, Mount Roskill, Auckland 1041, New Zealand",-36.9199905,174.7308502,North Island,Auckland,+64 9 621 0090,https://www.maungakiekiegolf.co.nz/,4.4,296,,https://maps.google.com/?cid=995927734888671289&g_mp=CiVnb29nbGUubWFwcy5wbGFjZXMudjEuUGxhY2VzLkdldFBsYWNlEAIYBCAA,https://places.googleapis.com/v1/places/ChIJzUlt-oFGDW0ROaj_i_8-0g0/photos/AcnlKN0dbWuzIAOg29L8J2kj_bTVMD3rSbrWg7Mw6qMV9yrOmK8BPD26J9XkU1wT_NW2UgH836V7XipZ_l775IJC8o82-9z7rwVrMHzbMny7uEK_CGDZd-ThGVMzADhIBD_9_WqvgfCQnb0RlrlK3IqEnDUko2vdQyalRrKtthb90T8qTa3GonRvVcKx1yjKAe0s-gygJ4VVebrJn5gC9yLg9MKI0sO6gM3XCloBtlSccSD0IbQw947e7CiVBEb1laZVmMgtNCafzxAdOwzJzUkWbV7XFeFK94XXWpukQ3dTaK8cVsro8v9PjUfJUan_T2pb_baIgXSwdXtrcWsoECCYYtElwkEN8CWCRxQQ7GB7gw750hJb2T_eIQw2l0-bNWk5bFFOuEcIxI2FKnw_UctxTnoAM4-7ek05SpkkB8ZsiFlWLQ/media?maxWidthPx=800&key=AIzaSyC8TIk0MnhD2IRSUvuND9nW3i6A344sGGI,"Golf club in Auckland, North Island, set against a scenic mountain backdrop. Rated 4.4/5 (296 reviews) on Google.",35,80,"['coast', 'local', 'value']",
96,Millbrook Resort,ChIJEWnzX4Qd1akRNTa12T1mz1Y,"1124 Malaghans Road, Arrowtown 9371, New Zealand",-44.9487343,168.81436689999998,South Island,Southland,+64 3 441 7000,https://www.millbrook.co.nz/?utm_source=gmb&utm_medium=organic&utm_campaign=SEO,4.6,565,"['Monday: Open 24 hours', 'Tuesday: Open 24 hours', 'Wednesday: Open 24 hours', 'Thursday: Open 24 hours', 'Friday: Open 24 hours', 'Saturday: Open 24 hours', 'Sunday: Open 24 hours']",https://maps.google.com/?cid=6255330823272478261&g_mp=CiVnb29nbGUubWFwcy5wbGFjZXMudjEuUGxhY2VzLkdldFBsYWNlEAIYBCAA,https://places.googleapis.com/v1/places/ChIJEWnzX4Qd1akRNTa12T1mz1Y/photos/AcnlKN0uRH6G_rkOU8ndIowvqONH4cBouHzNQqzknCubBQnxqBQPtbgV5OdyjZm_PkahS_YoLFo7LDxIL2YsX4T_ilBRTzx298VWRF5b2ebwNN5W70AbPLU8zxRfYdQF-IYPAhVpgizIdSHCPDezunJ9IEbXoEhGImGbubBpohU3-yw6QEEG1nlAkTgiFDPTQ4fDgajWUibnt9DOcvpp2rl9TPyTJjL3h22xJEIllm_jVk1muioC5fCZVjyd0YQ_tSJrFftk2WTQcl9_ZubaasxX3bs_Kd0qeDpN3f2HYeyCEuYnfg/media?maxWidthPx=800&key=AIzaSyC8TIk0MnhD2IRSUvuND9nW3i6A344sGGI,"Upscale retreat with indoor & outdoor pools, 2 golf courses & a spa, plus dining.",150,400,"['premium', 'resort', 'rural']",
97,Miramar Golf Club,ChIJs76Tu3ilOG0RUOubJGLvAA8,"1 Stewart Duff Drive, Miramar, Wellington 6022, New Zealand",-41.3294655,174.8148447,North Island,Wellington,+64 4 801 7649,http://www.miramargolfclub.co.nz/,4.3,161,"['Monday: 7:00\u202fAM\u2009–\u20095:00\u202fPM', 'Tuesday: 7:00\u202fAM\u2009–\u20095:00\u202fPM', 'Wednesday: 7:00\u202fAM\u2009–\u20095:00\u202fPM', 'Thursday: 7:00\u202fAM\u2009–\u20095:00\u202fPM', 'Friday: 7:00\u202fAM\u2009–\u20095:00\u202fPM', 'Saturday: 7:00\u202fAM\u2009–\u20095:00\u202fPM', 'Sunday: 7:00\u202fAM\u2009–\u20095:00\u202fPM']",https://maps.google.com/?cid=1081127115368950608&g_mp=CiVnb29nbGUubWFwcy5wbGFjZXMudjEuUGxhY2VzLkdldFBsYWNlEAIYBCAA,https://places.googleapis.com/v1/places/ChIJs76Tu3ilOG0RUOubJGLvAA8/photos/AcnlKN2jrI7c62pOtOzk_kZ_clpJjwLJp2wYSf9euW37CngBrg5ShF3OVy9o_lQ-QEqDnYWfJsBRelCz3m9Jpg8PtuOsQ0P0oJfKdibI0PK1KzvrVUEceTffnsu2BPze0EYZ7EvTkhn0AFSDv9XpgiMwXTEiZnoavr679OtpZEhhlNvebqCGL0MYRs0iiN12dDWzfW-mPCW0Q6ZhqBlgh1R2cdCjmnq42KqalyN54kbmh4vMomtrPMASWjy2eUEJLwEJKkX4N3EZ-TNWXHkI3ABrHNZk78MW7FZ7xNbOd4YdvsNDFfBkDFybDUEn7biLT6VUXVC8_Dklk3EDqisBmfRWEwDoizodOUXLpCM14ybG6vCzpQV0jczNsbt21dCNeXoG5vDbuIwHux9957CEdcJczi0CM-dhhoSl-5Hv_L1Leww/media?maxWidthPx=800&key=AIzaSyC8TIk0MnhD2IRSUvuND9nW3i6A344sGGI,"Golf club in Wellington, North Island, offering a peaceful playing environment. Rated 4.3/5 (161 reviews) on Google.",35,80,"['coast', 'local', 'value']",
98,Mornington Golf Club,ChIJM9eYGVWlOG0R-YTtaSE17Fs,"80 Stanley Street, Berhampore, Wellington 6023, New Zealand",-41.3238449,174.7724456,North Island,Wellington,+64 4 389 6816,http://www.morningtongolf.co.nz/,4.5,72,,https://maps.google.com/?cid=6623727569582523641&g_mp=CiVnb29nbGUubWFwcy5wbGFjZXMudjEuUGxhY2VzLkdldFBsYWNlEAIYBCAA,https://places.googleapis.com/v1/places/ChIJM9eYGVWlOG0R-YTtaSE17Fs/photos/AcnlKN0Y2VbEUUx5VC77tzIZ_3FM8K3TK5XZF8P3HxWkkyRJOwj4mdd2OgoWbYj5-rTRkoXusH_iOPIZUb_EBYCmBhkCZZQxvNHaw4YYqyXw8_Qnf6ekcQKYJqC3Jt9bl5DJ4yy7oyTrD4QARHC0Awit-zHIFz6yz2jU3-uyCN1Tpfjgq11CCd__FaC0ztjIm9mk13TcYttTHrgqTOMoQP1dmAjfDVeRQxH2RX0Swx79WjOn-KlN2Bn14Ncs80mswlo0kVgZq8HlNDV-X4dU3Ydj6RVRwzKH_1S_VX7TXdODJM7rAeMy_Q3dtbblNXWZiBcsD9VtHNRLRPxg3AoVRoNPtw6T5TpNWfi9FZIqBH7Bs_DCOGLNskSsE15eGta9MS9TSHmULg430bU2RsMEla60JxBJw2xfcajs2se-C3l5rphKDG5L/media?maxWidthPx=800&key=AIzaSyC8TIk0MnhD2IRSUvuND9nW3i6A344sGGI,"Golf club in Wellington, North Island, offering a peaceful playing environment. Rated 4.5/5 (72 reviews) on Google.",50,120,"['coast', 'local', 'mid']",
99,Morrinsville Golf Club,ChIJZWaXFuALbW0Ruunrlfj7lCY,"Links Road, Morrinsville 3374, New Zealand",-37.6401939,175.5361785,North Island,Waikato,+64 7 889 6696,http://morrinsvillegolf.co.nz/,4.6,109,"['Monday: 9:00\u202fAM\u2009–\u20093:30\u202fPM', 'Tuesday: 9:00\u202fAM\u2009–\u20093:30\u202fPM', 'Wednesday: 9:00\u202fAM\u2009–\u20093:30\u202fPM', 'Thursday: 9:00\u202fAM\u2009–\u20093:30\u202fPM', 'Friday: 9:00\u202fAM\u2009–\u20093:30\u202fPM', 'Saturday: 9:00\u202fAM\u2009–\u20095:00\u202fPM', 'Sunday: 9:00\u202fAM\u2009–\u20095:00\u202fPM']",https://maps.google.com/?cid=2780123915080165818&g_mp=CiVnb29nbGUubWFwcy5wbGFjZXMudjEuUGxhY2VzLkdldFBsYWNlEAIYBCAA,https://places.googleapis.com/v1/places/ChIJZWaXFuALbW0Ruunrlfj7lCY/photos/AcnlKN0O6wLIXkdrKt9yECZR8S6uSTL06gz86JJzct3mIlRvMR0F0zYRnOybqxzUJL9xKEO-a_JYKv9gMz1vCBgw9Yptplf7XdgXazP093sDNheXd56mFZJR-Vf-tw5SXxt-F-vqeNNvA7DvtG8vM2seVJDxHVdULi7xwYtHkowMwHB22pWiNuyERFrDc5GGIxU5BLNLKLgCHQdxtV7T9zCRIhTTJ8BmXZOPq77vNPLT4OV62Wck50FR0s85egJdUQiQ94HXOYhd4Xzu86pt04tKsx2HmDRPlsyjoNiflJbDZqJ3lpaQ20Jj6F5I3yVR9_NgiHMdQFr9GXXm-kIct_xDNIf0TTbrMlDybxPH2MYhxO8jg7sfrugWZ9bU8oxvXC6gQn9rCwcBXvtH0FK3UoNvNZYLy6hD_K8JEkdfnrT70Eos_CAQ/media?maxWidthPx=800&key=AIzaSyC8TIk0MnhD2IRSUvuND9nW3i6A344sGGI,"Golf club in Waikato, North Island, offering a peaceful playing environment. Rated 4.6/5 (109 reviews) on Google.",50,120,"['coast', 'links', 'mid']",
100,Mossburn Golf Club,ChIJKzRcT7t-06kRucd49D6r6Kg,"60 Cumberland Street, Mossburn 9792, New Zealand",-45.6644017,168.237945,South Island,Southland,+64 3 931 0082,,4.9,7,,https://maps.google.com/?cid=12171166279846643641&g_mp=CiVnb29nbGUubWFwcy5wbGFjZXMudjEuUGxhY2VzLkdldFBsYWNlEAIYBCAA,https://places.googleapis.com/v1/places/ChIJKzRcT7t-06kRucd49D6r6Kg/photos/AcnlKN1FiDgCX55BdJaRfqw5w2QGA2K46xXUm6BiX5CjEbNh2KKI9Xr8MWCHxh9K-9G3CHeu-IAj7cV4-mSy_1tbI_yanTWfifbfhRWRX_8Mxy_p7qd4gvRqRVMxLvmiSzGi-SokYfn-YdBpqSOzPYWkV_nDeC_6uTY_zBjFAQfMQGOfWV7DWNERTDCyc7nheOLkND5ikzfBbr6BlFG_Ur-qB2EhngyZjznFVC4TcPe82bx_UR2T8R5CJk4sWY5DV4FPpyD4VU3WeBquQnwFDzJrfZvKMFkeiJ8TH7IvifgXHiifg-NRpxgFyaJWlfOdFsyiBIBlMDsq0tmxDWorIvouFTtyaeC3_QxdXYxdIP6xMnweN3IpTDuiHwrB_Ao3GKOCFMfsvbunrgnYc42pGCYZO2RLgl5WBPvFdYm835Xi3ED5pg/media?maxWidthPx=800&key=AIzaSyC8TIk0MnhD2IRSUvuND9nW3i6A344sGGI,"Golf club in Southland, South Island, offering a peaceful playing environment. Rated 4.9/5 (7 reviews) on Google.",50,120,"['coast', 'local', 'mid']",
101,Motueka Golf Club,ChIJXdiNEuOGO20RXK9blClf5Ac,"50 Harbour Road, Motueka 7120, New Zealand",-41.1138864,173.02668040000003,South Island,Tasman,+64 3 528 8998,https://motuekagolf.co.nz/,4.7,137,"['Monday: 9:00\u202fAM\u2009–\u20093:30\u202fPM', 'Tuesday: 9:00\u202fAM\u2009–\u20093:30\u202fPM', 'Wednesday: 9:00\u202fAM\u2009–\u20093:30\u202fPM', 'Thursday: 9:00\u202fAM\u2009–\u20093:30\u202fPM', 'Friday: 9:00\u202fAM\u2009–\u20093:30\u202fPM', 'Saturday: 9:00\u202fAM\u2009–\u20093:30\u202fPM', 'Sunday: 9:00\u202fAM\u2009–\u20093:30\u202fPM']",https://maps.google.com/?cid=568684085142859612&g_mp=CiVnb29nbGUubWFwcy5wbGFjZXMudjEuUGxhY2VzLkdldFBsYWNlEAIYBCAA,https://places.googleapis.com/v1/places/ChIJXdiNEuOGO20RXK9blClf5Ac/photos/AcnlKN1mByCGT9JLFh94Tco_jkn9uw11muPjO5weN0dXFuCt-AvBhqgclULTdxdU4nZbmDzqCQYtoNSxfqpAj7H0yuiW2oxbxYD6KC6LLLpAsG8BEyuEyw7Wsf6SUbBHKie1sj2von-xdmwTOCwb2ret-aUR4fUVaW3pdC4_7z28GsdeVe33ovBpRReeEtFcURWY4mNve2frsSPMrSr2IrME4UAMvat78PcM2TP-POGtUiGkBlqYefzEMe5rVdMYs4S8AseIJr81v8ENHhgiFbwrVKg_0LJ7R5b1aVNLKC0R5xELOG8ZmOWVce4LIsSheYBUbbt9JgmZ697_GQ1kh1ARavBF-kcJ022X1CwVeEMBS1nMdEJlB8wvvrFZd5H9ISXf7zrsn4fET6jwOeWVLHqM6umF84zFb3xXesfpvyL3lOSoWbKt/media?maxWidthPx=800&key=AIzaSyC8TIk0MnhD2IRSUvuND9nW3i6A344sGGI,"Golf club in Tasman, South Island, featuring stunning coastal views. Rated 4.7/5 (137 reviews) on Google.",50,120,"['coast', 'local', 'mid']",
102,Mount Driving Range,ChIJOzc1nO3fbW0RVEwbGoVVDro,"15 Fairway Avenue, Mount Maunganui 3116, New Zealand",-37.661912799999996,176.21355069999998,North Island,Bay of Plenty,+64 7 572 7044,https://mountdrivingrange.co.nz/,4.6,14,"['Monday: 10:00\u202fAM\u2009–\u20095:00\u202fPM', 'Tuesday: 10:00\u202fAM\u2009–\u20098:00\u202fPM', 'Wednesday: 10:00\u202fAM\u2009–\u20098:00\u202fPM', 'Thursday: 10:00\u202fAM\u2009–\u20098:00\u202fPM', 'Friday: 10:00\u202fAM\u2009–\u20098:00\u202fPM', 'Saturday: 10:00\u202fAM\u2009–\u20098:00\u202fPM', 'Sunday: 10:00\u202fAM\u2009–\u20096:00\u202fPM']",https://maps.google.com/?cid=13406747170885553236&g_mp=CiVnb29nbGUubWFwcy5wbGFjZXMudjEuUGxhY2VzLkdldFBsYWNlEAIYBCAA,https://places.googleapis.com/v1/places/ChIJOzc1nO3fbW0RVEwbGoVVDro/photos/AcnlKN15ibsWCkhKp9fGGTl19B3wZgIWG3vSlb_T9WzV0p2NHNImSSeVRSZL5b7UgYJNdxshawvgdsxctXe121da7mnbXgTGS9Y4UZCVMRjadh1b6utXLiXHljFQgO2ne9j7Ij0o4gCxzNLd5xqLQR88xX6RBl8rLtCNtKajOEPAz4T_REPNeqYOl94nsS7mooEziUl4I5OfX4lP4eZfI0xBVPg1WLzBiN_Gwx93Lyx6hORcD3u7wyWM9BVC51gD67d9sNucM_uP95oAsgkxjKf3jTlTDGa99jWQQgdVbt3Tn3xnUg/media?maxWidthPx=800&key=AIzaSyC8TIk0MnhD2IRSUvuND9nW3i6A344sGGI,"Golf course in Bay of Plenty, North Island, set against a scenic mountain backdrop. Rated 4.6/5 (14 reviews) on Google.",80,180,"['coast', 'local', 'mid']",
103,Mount Maunganui Golf Club,ChIJibe21tTebW0RLDW9ooN8nzI,"15 Fairway Avenue, Mount Maunganui 3116, New Zealand",-37.6626025,176.2131584,North Island,Bay of Plenty,+64 7 572 7044,http://www.mountgolf.co.nz/,4.4,95,"['Monday: 8:00\u202fAM\u2009–\u20096:30\u202fPM', 'Tuesday: 8:00\u202fAM\u2009–\u20097:00\u202fPM', 'Wednesday: 8:00\u202fAM\u2009–\u20097:00\u202fPM', 'Thursday: 8:00\u202fAM\u2009–\u20096:30\u202fPM', 'Friday: 8:00\u202fAM\u2009–\u20097:00\u202fPM', 'Saturday: 8:00\u202fAM\u2009–\u20097:00\u202fPM', 'Sunday: 8:00\u202fAM\u2009–\u20097:00\u202fPM']",https://maps.google.com/?cid=3647771128006260012&g_mp=CiVnb29nbGUubWFwcy5wbGFjZXMudjEuUGxhY2VzLkdldFBsYWNlEAIYBCAA,https://places.googleapis.com/v1/places/ChIJibe21tTebW0RLDW9ooN8nzI/photos/AcnlKN3ynO3ci1ZldE5v2PosPMNksut_ePHXRG5QFiv8BROZy-ymhvCwaoxT99tF78GlcSzyvVVviZcn-bp8u6groRgPhUjUBgNud4iIweIU-KLFDw9k8_VkSkKNUF-YDDTSJ94Npute_gvhq1Y6UPHrOLhn-Grl4LSHYmyOCdyG3iGfnkT-Y0KrKDcg_qD6QqrbMQaJmDkgUy9yU_mqPeVXBC-OLgtuJdB3iMz1j65h9ocv4DHWanBm8GsPkcqoCQKwWbhe5XovsryZuPZ4cwWMmjN5E6pYC7DU_oSxS1cPKcLrqQ/media?maxWidthPx=800&key=AIzaSyC8TIk0MnhD2IRSUvuND9nW3i6A344sGGI,"Golf club in Bay of Plenty, North Island, set against a scenic mountain backdrop. Rated 4.4/5 (95 reviews) on Google.",35,80,"['coast', 'local', 'value']",
104,Muriwai Golf Club,ChIJkWVheE4NDW0RcLacJGLvAA8,"101 Coast Road, Muriwai 0881, New Zealand",-36.819334999999995,174.4267022,North Island,Auckland,+64 9 411 8454,http://www.muriwaigolfclub.co.nz/,4.6,410,"['Monday: 7:30\u202fAM\u2009–\u20095:00\u202fPM', 'Tuesday: 7:30\u202fAM\u2009–\u20095:00\u202fPM', 'Wednesday: 7:30\u202fAM\u2009–\u20095:00\u202fPM', 'Thursday: 7:30\u202fAM\u2009–\u20095:00\u202fPM', 'Friday: 7:30\u202fAM\u2009–\u20095:00\u202fPM', 'Saturday: 7:30\u202fAM\u2009–\u20095:00\u202fPM', 'Sunday: 7:30\u202fAM\u2009–\u20095:00\u202fPM']",https://maps.google.com/?cid=1081127115369002608&g_mp=CiVnb29nbGUubWFwcy5wbGFjZXMudjEuUGxhY2VzLkdldFBsYWNlEAIYBCAA,https://places.googleapis.com/v1/places/ChIJkWVheE4NDW0RcLacJGLvAA8/photos/AcnlKN2LVhhW19Ru1yWOylyxRRs8WMkgKu5lJ7kNfvWItnV37XK2hcWFC8Nj_1LgjSvTO6fcpIdUlEt_MCVe7sByqJuPDsUgKzR5w7ZKIWtnWFl9VJ12CgCnNuYUOnCqx78rqUsT9EFG8eeJEJXzeVogqXphxcbL6dGS1zR12t6hKEY5gOxanumRYElC7EarSGrPHYs3NlpMSsiwmKAh410shuJUsN_76YY9SrESqwywoOSclx7WozX_nlZpEXVEGZwRzvwNDCizb8uDBLZ6HEJRK-hKsUc4JfvqMmxh5W9dVPExB3pUkEZIkhgIivb-jcaxWRyRH5J3Rom3WF-oKr_H2rpKBNON2kHCUj_Q0aK01LGbj8q7KYsjA8kS1g7EwSkh_Y8rRLKsQZRpBSiG9Mp9bNl71bspSig1eCB_B60BMaiHg3bEcNdg-E_MbpDD8n13/media?maxWidthPx=800&key=AIzaSyC8TIk0MnhD2IRSUvuND9nW3i6A344sGGI,"Golf club in Auckland, North Island, featuring stunning coastal views. Rated 4.6/5 (410 reviews) on Google.",50,120,"['coast', 'local', 'mid']",
105,Napier Golf Club Pro Shop - Andrew Henare Golf,ChIJc9si9x61aW0RbcYDAnEahxw,"1215 Korokipo Road, Waiohiki 4183, New Zealand",-39.56104,176.8297,North Island,Hawke's Bay,+64 6 844 7970,https://ahgolf.co.nz/,4,4,"['Monday: 7:15\u202fAM\u2009–\u20095:00\u202fPM', 'Tuesday: 8:00\u202fAM\u2009–\u20095:30\u202fPM', 'Wednesday: 7:15\u202fAM\u2009–\u20095:30\u202fPM', 'Thursday: 7:15\u202fAM\u2009–\u20095:00\u202fPM', 'Friday: 7:15\u202fAM\u2009–\u20095:00\u202fPM', 'Saturday: 7:15\u202fAM\u2009–\u20095:00\u202fPM', 'Sunday: 7:15\u202fAM\u2009–\u20095:00\u202fPM']",https://maps.google.com/?cid=2055640827585349229&g_mp=CiVnb29nbGUubWFwcy5wbGFjZXMudjEuUGxhY2VzLkdldFBsYWNlEAIYBCAA,https://places.googleapis.com/v1/places/ChIJc9si9x61aW0RbcYDAnEahxw/photos/AcnlKN3b5If3zS5HA4kyunDRQTTxGGlM9WgLQMFOI0ITjdoOJCTsTt-7nJJgz-3VAOb9bzlndv0W8ux1wfG3c0bJuw08HWwVunsZzjizyb7QBOc0PxWSj8cJyBCeLC9ckFOHn1vjob1zq9uXzKRHgjSULEAknSF5pfQmSCkaMFLJF5wgjD5sDsT2dxyNlSXMO3dJSt3bGjFNVGuv4n-3xoP7LjO2FVdkeeWDa9U3PGatDHRHxsShNPrbomd-Z_M1EKsVq23GTSci86hHhem9HZFNgejlswDEEBao5Pzp1ZsVqwfTzw/media?maxWidthPx=800&key=AIzaSyC8TIk0MnhD2IRSUvuND9nW3i6A344sGGI,"Golf club in Hawke's Bay, North Island, offering a peaceful playing environment. Rated 4/5 (4 reviews) on Google.",35,80,"['coast', 'local', 'value']",
106,Napier Golf Club Waiohiki,ChIJp0g6KDC0aW0RC3iFeZXIkuo,"Waiohiki 4183, New Zealand",-39.5607166,176.8311774,North Island,Hawke's Bay,+64 6 844 7913,https://www.napiergolf.co.nz/,4.5,157,,https://maps.google.com/?cid=16902792895789365259&g_mp=CiVnb29nbGUubWFwcy5wbGFjZXMudjEuUGxhY2VzLkdldFBsYWNlEAIYBCAA,https://places.googleapis.com/v1/places/ChIJp0g6KDC0aW0RC3iFeZXIkuo/photos/AcnlKN1zHN-puajaMC5tPvrb1amMHMBl40h9itprscIL3KMnyCLZJat4qLpz3kpaKoJEM8By1YFyDoX1sCEt45Lx1-vPNfK1ExdD1L4OFtWPcGkI-SPclVCjOOqBn2M0kk2SlHzviyq0vCVQs_CWOTjvSmG4BRyn1t6xL6EA7CoRm5LIfzdzygv_DT7rE6WjyXUlqIgQqHqvPI5eLYcHisJl4SYPx6jdEV-C4HdlNIXjkIEANYoj-kj9Ep1srQZ7OjvBkUJebJwASWurFrAqsyCqV_bNQ6DOP61n5nEpPFtPCyBXJw/media?maxWidthPx=800&key=AIzaSyC8TIk0MnhD2IRSUvuND9nW3i6A344sGGI,"Golf club in Hawke's Bay, North Island, offering a peaceful playing environment. Rated 4.5/5 (157 reviews) on Google.",80,180,"['coast', 'local', 'mid']",
107,Nelson Golf Club,ChIJxUPzMCOTO20RR1WDOFZdZDE,"38 Bolt Road, Tāhunanui, Nelson 7011, New Zealand",-41.2920344,173.23272459999998,South Island,Nelson,+64 3 548 5029,http://www.nelsongolf.co.nz/,4.5,159,"['Monday: 8:30\u202fAM\u2009–\u20095:00\u202fPM', 'Tuesday: 8:30\u202fAM\u2009–\u20095:00\u202fPM', 'Wednesday: 8:30\u202fAM\u2009–\u20095:00\u202fPM', 'Thursday: 8:30\u202fAM\u2009–\u20095:00\u202fPM', 'Friday: 8:30\u202fAM\u2009–\u20095:00\u202fPM', 'Saturday: 8:30\u202fAM\u2009–\u20095:00\u202fPM', 'Sunday: 8:00\u202fAM\u2009–\u20095:00\u202fPM']",https://maps.google.com/?cid=3559072230426236231&g_mp=CiVnb29nbGUubWFwcy5wbGFjZXMudjEuUGxhY2VzLkdldFBsYWNlEAIYBCAA,https://places.googleapis.com/v1/places/ChIJxUPzMCOTO20RR1WDOFZdZDE/photos/AcnlKN0vdzd3i4b43A4ny8TsQEW32HgY1xcbWsoD3gFi5bmpE0dJmZqaiVpMztknD_4U2E-kegDwbhgWEym1ZTa7LrQrm7lTe7a7UdtejPOsmpzQvzmJ_QAnORILKSvvE-IC4ySLw-VGH5bH5tBux1xuAVtFRhH59FXjTMq1MEQAXT3TOFvX4ZP5V3u2SkTdIL6JsDVKFhw_F8AKFcqrggToEV-K5tzvb5J9LW-BkKZMjH6awcVbO3UirJPk1DJaP4T8ZMLVVGbz3fS0wC0dNORp0vutgeG6KnzqskleAh2wlBok6IdIJASnqg07EBoS-7aagLRPwgKlqo8rVn6NhxDrejm8xTX1KRPr3CfGp7Qfv6XtgU2q3ijVMddv1_05_VG_dD6iej0i24kgDRr6wPCdg2tdALsSmEbB99GaoDVssc0GhYzV/media?maxWidthPx=800&key=AIzaSyC8TIk0MnhD2IRSUvuND9nW3i6A344sGGI,"Golf club in Nelson, South Island, offering a peaceful playing environment. Rated 4.5/5 (159 reviews) on Google.",50,120,"['coast', 'local', 'mid']",
108,New Plymouth Golf Club (Ngamotu Links),ChIJqaQKBzhQFG0R0FOdJGLvAA8,"24 Golf Course Lane, Bell Block, New Plymouth 4312, New Zealand",-39.0403595,174.1245384,North Island,Taranaki,+64 6 755 1349,http://www.newplymouthgolf.co.nz/,4.5,205,"['Monday: 8:00\u202fAM\u2009–\u20095:00\u202fPM', 'Tuesday: 8:00\u202fAM\u2009–\u20095:00\u202fPM', 'Wednesday: 8:00\u202fAM\u2009–\u20095:00\u202fPM', 'Thursday: 8:00\u202fAM\u2009–\u20095:00\u202fPM', 'Friday: 8:00\u202fAM\u2009–\u20095:00\u202fPM', 'Saturday: 8:00\u202fAM\u2009–\u20095:00\u202fPM', 'Sunday: 8:00\u202fAM\u2009–\u20095:00\u202fPM']",https://maps.google.com/?cid=1081127115369042896&g_mp=CiVnb29nbGUubWFwcy5wbGFjZXMudjEuUGxhY2VzLkdldFBsYWNlEAIYBCAA,https://places.googleapis.com/v1/places/ChIJqaQKBzhQFG0R0FOdJGLvAA8/photos/AcnlKN0goe_Uf9eCC_2qRGMENXqIMJBiym2FlooKr2Eclz47YDYkiwkUwUNRA6jmq315fs55TLzZsjrtEvKIwTHz8wHRSPUKqW8wvJHK9m3UmPqW9CwNZxT0cCCn9EniIG5b6sLIhO6Dni6ojLRgKvZc7lBWSVAHAyJ9uHOqv4x0NVCR7Qh-oAZm1Lh-GsX9L8i3H8XElojMBgaXFcByKnd7JPtGcStKPwrvhulQ5UnQ_0wJcgGsXJ2YzTpbvmctmCWYwSmMRydlAno_FPh8kezGTDw58o8cTSN6HGPSoDxbHbQFwiGYumEebMP7UXkTJAQw0qsoLh8IM8hHK8I2xcNSQDY3XI_lVnCnF5_FuFqUAUD-u_thF04gEnxrFyFT6D_FQk9GGcjwlfJ46_uL4kcHc0oT6M-mrdK5fYqBSkGNglCZig/media?maxWidthPx=800&key=AIzaSyC8TIk0MnhD2IRSUvuND9nW3i6A344sGGI,"Links-style in Taranaki, North Island, offering a peaceful playing environment. Rated 4.5/5 (205 reviews) on Google.",80,200,"['coast', 'links', 'mid']",
109,New Plymouth Golf Club Cafe,ChIJjX64-XdRFG0RIW-i1565k7Q,"24 Golf Course Lane, Fitzroy, New Plymouth 4312, New Zealand",-39.0413006,174.12511229999998,North Island,Taranaki,+64 6 755 1349,http://www.newplymouthgolf.co.nz/catering-and-functions,4.3,57,"['Monday: Closed', 'Tuesday: 7:30\u202fAM\u2009–\u20095:30\u202fPM', 'Wednesday: 7:30\u202fAM\u2009–\u20095:30\u202fPM', 'Thursday: 7:30\u202fAM\u2009–\u20095:30\u202fPM', 'Friday: 7:30\u202fAM\u2009–\u20095:30\u202fPM', 'Saturday: 9:00\u202fAM\u2009–\u20095:30\u202fPM', 'Sunday: 9:00\u202fAM\u2009–\u20095:30\u202fPM']",https://maps.google.com/?cid=13011947840277212961&g_mp=CiVnb29nbGUubWFwcy5wbGFjZXMudjEuUGxhY2VzLkdldFBsYWNlEAIYBCAA,https://places.googleapis.com/v1/places/ChIJjX64-XdRFG0RIW-i1565k7Q/photos/AcnlKN0jRVrt76y2b2GyzGKmTHailtZiEa5Hq8Go_u6lIwfLPUJQ-tirbQmmMx9A3baYxHcONPGHIsMlxa7J-YJc70n9_n0rtthvcBujctUckK22AP2tuMfUSNrXVnu0slw-5SHzhWSQvyV5Cqnh_UAI-CssJoqW4K-_7gTRAtjNtDaP-j7eCcck0ZOlseycGyG2YzBCql7sIHHk8EfPgKbTcDBfSJZuknwzS_59ISuGNUrG2QjRDwVDAVuqB0CrjbkqAqMppZlFGfNfkuS4OgK_yxfbpOmE3dlfM6d18AgDOfevx7jJQZ2aTCwjfsjnvC60f_LeTOnUNDD4uorWvatyQ8wfz2Wc52GvEMiFFlw6gNR47RprkJs6QdTBt9EqVm2qViTAbCosZHRYgDttNjysdgJdbbyqeRx1GFecLrLW8Pc/media?maxWidthPx=800&key=AIzaSyC8TIk0MnhD2IRSUvuND9nW3i6A344sGGI,"Golf club in Taranaki, North Island, offering a peaceful playing environment. Rated 4.3/5 (57 reviews) on Google.",20,30,"['coast', 'local', 'value']",
110,Ngaruawahia Golf Club,ChIJt7stfmk7bW0Rmz3K64L8fks,"RD 8, 5925 Great South Road, NGARUAWAHIA, Hamilton 3288, New Zealand",-37.6860211,175.1738345,North Island,Waikato,+64 7 824 8006,https://www.golfwaikato.co.nz/,4.5,245,,https://maps.google.com/?cid=5440063039141985691&g_mp=CiVnb29nbGUubWFwcy5wbGFjZXMudjEuUGxhY2VzLkdldFBsYWNlEAIYBCAA,https://places.googleapis.com/v1/places/ChIJt7stfmk7bW0Rmz3K64L8fks/photos/AcnlKN2rn01zYyyZMLZHMEhwoXrPXdaL9z9nKtdSALFeEs9HoGN0zupqirlDfSBTqCcq-6qLnPSNMdpmyN5kYzZ-bfMg_Pl90RUle3o9Zy6pgp2s4WfaHRR0TekbIc4XxOaEGWEesyIiCYzyWo5Hc-1fx3Lgc6vIaXJD5X6iHOxXhq5V5OBhqueeO82M3BUt0_WaRVxDSyC1lwmawPwnkKfxtqkEDWm2FVBDiHR65CGQvTfklbefkBWfXfX_DbGpxGsbuUWIh0rs_z6-SD_S7d9sV8KxD9TW28y4GP9O-4dAW385VY6D7FLdyGcNeOVWwONarthS5rpirGUUsSM6qtpnl7YQXhr6g7xLiR4BKjsiGWLIAF8oaMe0fPTQRyV86B37hoWeK5AqKOG58WTWeHknjKu-SklinffVyPDb2c9aQ1qRkcjx/media?maxWidthPx=800&key=AIzaSyC8TIk0MnhD2IRSUvuND9nW3i6A344sGGI,"Golf club in Waikato, North Island, offering a peaceful playing environment. Rated 4.5/5 (245 reviews) on Google.",50,120,"['coast', 'local', 'mid']",
111,Ngāhinapōuri Golf Club,ChIJiz0vUrXYbG0RP5TNUWIHIxg,"24 Reid Road, Ngāhinapōuri 3882, New Zealand",-37.8989756,175.2027492,North Island,Waikato,+64 7 825 2760,http://www.countrygolf.co.nz/,4.8,83,"['Monday: 6:00\u202fAM\u2009–\u20099:00\u202fPM', 'Tuesday: 6:00\u202fAM\u2009–\u20099:00\u202fPM', 'Wednesday: 6:00\u202fAM\u2009–\u20099:00\u202fPM', 'Thursday: 6:00\u202fAM\u2009–\u20093:30\u202fPM', 'Friday: 6:00\u202fAM\u2009–\u20099:00\u202fPM', 'Saturday: 6:00\u2009–\u200910:00\u202fAM, 3:00\u2009–\u20099:00\u202fPM', 'Sunday: 6:00\u202fAM\u2009–\u20099:00\u202fPM']",https://maps.google.com/?cid=1739241999955760191&g_mp=CiVnb29nbGUubWFwcy5wbGFjZXMudjEuUGxhY2VzLkdldFBsYWNlEAIYBCAA,https://places.googleapis.com/v1/places/ChIJiz0vUrXYbG0RP5TNUWIHIxg/photos/AcnlKN2PsHgczaSSjBERNUKRoax3kJmDiAQ_NggydrCOfLuQMoecSlcDI6WIfniNJgvzbFU_M2Pz221s8cJ_nIGoNL42ENJp7D_7fxtBPGiWsBzgOPbSCZat_wwNrYQ9idQWSyJIW6fxwruHK6yuZEpu4Gt8sYNuyayheaOicbpu0ByYhDCKdmsXfzRaT83sF7z-PIh3Owy99GP03szmEk2AWWbuAvFnGFEotrck0AyiH-IeIc2Xxv3fTLYABXBcfGbWV-bB1ejVxXViREpUE9Raki9nRKIdbR8JQeo89U2hasdWOSI-u1OAt1DSYP1JCnpus-P4hpVaPnXLeevsESYY_2iG6JTCY1ws6t6Z1-MRXcuvu0AsX9NmXagnhsKVNI6yEkjFff8OXLgv741MOHgiiDF_o0AOINcHNTOMpAu9Y2KLIA/media?maxWidthPx=800&key=AIzaSyC8TIk0MnhD2IRSUvuND9nW3i6A344sGGI,"Golf club in Waikato, North Island, offering a peaceful playing environment. Rated 4.8/5 (83 reviews) on Google.",50,120,"['coast', 'local', 'mid']",
112,Nopera Golf Course,ChIJ4QaORa41OW0RIvC_H_3vk-M,"Nopera Bay Golf Club 6771 Kenepuru Road, Nopera 7282, New Zealand",-41.1710336,173.96767150000002,South Island,Marlborough,,https://www.facebook.com/noperagolf/,5,12,"['Monday: Open 24 hours', 'Tuesday: Open 24 hours', 'Wednesday: Open 24 hours', 'Thursday: Open 24 hours', 'Friday: Open 24 hours', 'Saturday: Open 24 hours', 'Sunday: Open 24 hours']",https://maps.google.com/?cid=16398714538624544802&g_mp=CiVnb29nbGUubWFwcy5wbGFjZXMudjEuUGxhY2VzLkdldFBsYWNlEAIYBCAA,https://places.googleapis.com/v1/places/ChIJ4QaORa41OW0RIvC_H_3vk-M/photos/AcnlKN0vvnTDbDB9VZwxiBuj-iIL1Y1s1J0m5RZbka1WDZeWZ25FjtGi491rh4xJ5WIwe_3hCA9xbDveHTqgQRp0lkorb2rG5JFmFDjAOFBVlNP8-pR0Y7fq81E9SueAjMhQJyLBmjaycH9_9cwKvUw6OzNKsf26W-T1JY6CuU6jS-EgLF0Wi9q6V7AWklpWxg27oRWcfP4E8JiRRJ8Xxc3f6WLr0IjUJlagYlf7V_Fy1GpSXr7vu0oDdVJ1jEDsQ-QZVBuBztj1IHl3T5-z5C4ix9dbPgqhQb7gWOJdX6Bhx16R6zSBKT3Ve86eNnh-2nBf7pQ8c8_LRpFNCGHVXRkC1LMqxhL1JzOqHrUQLnXHv2VblrvmEPJhPgGpbxUmLwl7QhLd61N8YOi3y7dQkQWZp8xFm8YtWydKAWgNBJ7s2VJJGtQ/media?maxWidthPx=800&key=AIzaSyC8TIk0MnhD2IRSUvuND9nW3i6A344sGGI,"Golf course in Marlborough, South Island, featuring stunning coastal views. Rated 5/5 (12 reviews) on Google.",50,120,"['coast', 'local', 'mid']",
113,North Otago Golf Club,ChIJU1gPiqOZKagRdO3Qy37Ovck,"Beach Road, Awamoa 9495, New Zealand",-45.12014,170.9566802,South Island,Otago,+64 3 434 6169,https://www.facebook.com/profile.php?id=100063544391488,4.6,37,,https://maps.google.com/?cid=14537002216202497396&g_mp=CiVnb29nbGUubWFwcy5wbGFjZXMudjEuUGxhY2VzLkdldFBsYWNlEAIYBCAA,https://places.googleapis.com/v1/places/ChIJU1gPiqOZKagRdO3Qy37Ovck/photos/AcnlKN0joSFHSrOHHdxn-lX8_LXiH3f0XFeMO51tNqupU8uRQ3cwGeZEsFVN-OAJZWt1BuaW48g3xNvnKrBmToHgTbsbTLxbwd5W8dGn8NHjIMzKw46vRqHgdo8408gvxTezYJ-QgfRyKepHwoZf6cbLgT0uEwL9k5NX9LStLA3Ah00PJ7BTv3QqGYr2LH9A5iCYbfMh8_jxzi5drFDnUrBfPkaVaRbQIZosFYtJ2vOvcsZEHrddGGk9FZPc46fjnyt42UcnjOvitFeH4TazY-oT_gW2KKasTydptV92pWM_ydQCz_kfnOC1czshoG5zIfNjJur-zAN0fMPptQxzQdDCd94fL0S_GKUhoDWPl3diNAfSl3BT42bdea82kfk1KBwod7XomKcDy1azAdSVliJwAjgYx7TRKhDGVMHloZXNG66eEGUR3JUAN6iaTLLMDK0F/media?maxWidthPx=800&key=AIzaSyC8TIk0MnhD2IRSUvuND9nW3i6A344sGGI,"Golf club in Otago, South Island, featuring stunning coastal views. Rated 4.6/5 (37 reviews) on Google.",80,180,"['coast', 'local', 'mid']",
114,North Shore Golf Club,ChIJv6paagE8DW0R4OqbJGLvAA8,"51 Appleby Road, Albany, Auckland 0632, New Zealand",-36.749197699999996,174.6860466,North Island,Auckland,+64 9 415 9924,http://www.northshoregolfclub.co.nz/,4.5,266,"['Monday: 8:00\u202fAM\u2009–\u20096:00\u202fPM', 'Tuesday: 8:00\u202fAM\u2009–\u20096:00\u202fPM', 'Wednesday: 8:00\u202fAM\u2009–\u20096:00\u202fPM', 'Thursday: 8:00\u202fAM\u2009–\u20096:00\u202fPM', 'Friday: 8:00\u202fAM\u2009–\u20096:00\u202fPM', 'Saturday: 8:00\u202fAM\u2009–\u20096:00\u202fPM', 'Sunday: 8:00\u202fAM\u2009–\u20096:00\u202fPM']",https://maps.google.com/?cid=1081127115368950496&g_mp=CiVnb29nbGUubWFwcy5wbGFjZXMudjEuUGxhY2VzLkdldFBsYWNlEAIYBCAA,https://places.googleapis.com/v1/places/ChIJv6paagE8DW0R4OqbJGLvAA8/photos/AcnlKN18lfGiQveD2Be7-eUXv6Gx8uOr-4vc4vo4Ri4GYYVorxYmjCMPWHvxdZYNaXQqd98-qcTBaP8u32eYK83DFEghMaj4I5ONg6VhxuRuRXPRWujfnNOoY0Bjkc0IfYIF5-gbqmYVkcNLZwS74jr_3Qa7rf-hLtyFRzNMoXUxav5gKm7tcEAj-5qAvZXGvqmq4ZmCprh0gRW4n0ltCRLGUVk2MYI5I_e2GT7Eojlr9P7TrSGCYNSs8ZMTa44v_uhKvsnyAXRQJ6W7aAVx7ud356Otsn1aGsmer8zoIajh67Qd136CIxAEPl9yh9YjDWGNwFgjjvfFIFtHSIOFYnccMLPoYqvRyehb6xB_UWQ2HUaLMkPmosj8bvsoiH5xXZNnTUE29LZWI5jTwyLE9bCDfYB41qDv9cWcMAW0TRrB3Z6GVZUm/media?maxWidthPx=800&key=AIzaSyC8TIk0MnhD2IRSUvuND9nW3i6A344sGGI,"Golf club in Auckland, North Island, featuring stunning coastal views. Rated 4.5/5 (266 reviews) on Google.",50,120,"['coast', 'local', 'mid']",
115,Northern Wairoa Golf Club,ChIJPbCrUH4ODG0Rot3IihkMOIg,"Baylys Coast Road, Dargaville 0377, New Zealand",-35.954138400000005,173.7589931,North Island,Northland,+64 9 439 6599,https://www.northernwairoagolf.co.nz/,4.8,92,,https://maps.google.com/?cid=9815608691696131490&g_mp=CiVnb29nbGUubWFwcy5wbGFjZXMudjEuUGxhY2VzLkdldFBsYWNlEAIYBCAA,https://places.googleapis.com/v1/places/ChIJPbCrUH4ODG0Rot3IihkMOIg/photos/AcnlKN07TwU_MUJ_yewBM888ATYZxT2ou7rxKhe7TdIrLzqv5D5aRA1SRUyiiSvqwVw8hrbvbqo0MG03FViukI9FjwJ3Z_8HsKGF1HrYrkhU4Zpj3hK6fZXFkQvu-bYcMFsRq1sHx6h5sot2mx0jJg7ku6Qjg5Sne8nbE7X-u2IIZ1b2xiFiVXFSja5fQ_7L_aC82GU4PIqlxfHGLLQHsvidjVM7MQGs8C30pIFNZbo1CxgsCZ83a2WpUIpyQ2-lF6CG3KAqJie48gpbGMscuRwRYoZUhOa1vrEpQ7D8XcXoepkEhasFyuVYpo8rOwmFMRrozlv_WmvpTPqZ9RL2bEOntBvmo5voamXjhVG4_zE68d6FMVSByr0KtqQheK0mt9oxQtdevjjwqRTH7mKSCWjk0ISzNtUHLLBpOIRYyIBKJCg2Uy1O/media?maxWidthPx=800&key=AIzaSyC8TIk0MnhD2IRSUvuND9nW3i6A344sGGI,"Golf club in Northland, North Island, featuring stunning coastal views. Rated 4.8/5 (92 reviews) on Google.",50,120,"['coast', 'local', 'mid']",
116,Northland Golf Club,ChIJVVVVVVVVOm0RBpiEfIM1Zmg,"160A Pipiwai Road, Te Kamo, Ngararatunua 0176, New Zealand",-35.673806899999995,174.28210249999998,North Island,Northland,+64 9 435 0042,http://www.northlandgolfclub.co.nz/,4.5,146,"['Monday: 8:00\u202fAM\u2009–\u20095:00\u202fPM', 'Tuesday: 8:00\u202fAM\u2009–\u20095:00\u202fPM', 'Wednesday: 8:00\u202fAM\u2009–\u20095:00\u202fPM', 'Thursday: 8:00\u202fAM\u2009–\u20095:00\u202fPM', 'Friday: 8:00\u202fAM\u2009–\u20095:00\u202fPM', 'Saturday: 8:00\u202fAM\u2009–\u20095:00\u202fPM', 'Sunday: 8:00\u202fAM\u2009–\u20095:00\u202fPM']",https://maps.google.com/?cid=7522759066415044614&g_mp=CiVnb29nbGUubWFwcy5wbGFjZXMudjEuUGxhY2VzLkdldFBsYWNlEAIYBCAA,https://places.googleapis.com/v1/places/ChIJVVVVVVVVOm0RBpiEfIM1Zmg/photos/AcnlKN3PfbawKVwej7fhNRr12jH6OXokbuDh9vQhAxPCLQA2gGH9uRp1Xfu6tipVHnnpoyAGbxuIO5LOUcegl84ybrESwwvtGZxbllFQtxzvIXXsNZxV8m08_Gk8Ktr3k_fa5qc7r5zNexFWsivUX0MEPvAUguIRYhhzgeBMytYGlbhQefBJQEXOEMr8PdzFHTQHuYLroIjOQzk88PzJlPNcVNTcuF_LyJmMJMDcSvYkILmTtuX_qcGd7fLxYSYETd7in1jn8RqkhmnfZGpK8oPU0tKJCMqY2kKEhr8Sgpc3kakNjH2gKg1_KEASq7iqYatqvhciWMpEMUGoe2-mKpb4hqmQ0Cxt_9RxbC0fs_-GKXNRi6nQxYNSKslVRyG7h_Q9Tyiu9pjsc8hBYjWeWspV5DFM_DRYjTnuo9y__TpndG8M52Dg/media?maxWidthPx=800&key=AIzaSyC8TIk0MnhD2IRSUvuND9nW3i6A344sGGI,"Golf club in Northland, North Island, offering a peaceful playing environment. Rated 4.5/5 (146 reviews) on Google.",50,120,"['coast', 'local', 'mid']",
117,Ohariu Valley Golf Club,ChIJaeS-t3GtOG0RF1rzSPttxRg,"714 Ohariu Valley Road, Ohariu, Wellington 6037, New Zealand",-41.193050299999996,174.7858123,North Island,Wellington,,https://ohariugolf.org.nz/,4.7,36,,https://maps.google.com/?cid=1784953753350396439&g_mp=CiVnb29nbGUubWFwcy5wbGFjZXMudjEuUGxhY2VzLkdldFBsYWNlEAIYBCAA,https://places.googleapis.com/v1/places/ChIJaeS-t3GtOG0RF1rzSPttxRg/photos/AcnlKN2JmiVj6FcqHovcZTuzFUkqZnhYr7vXEza1hK-RpWMjwWXwAcNywsj91WMIFsxORVSiUqsZbMqkMAuVwCMr5288zIkT6kbvwZvxN9KFeuVT-lfXJOF7zjqF_M-8fIf6qhckQgmcuXtEl8Ayn7B86a7OuBW4YqSe-soVlCgvuf7i8Uyhv6qMY15RhF9LnokzYd2SEgZJrdRjt4VXAafjB1ueZFTezavffmg0IA59PjLSFAjXD1d1GPsf8775g5Y-TiacDMA5O3iTAGkz3lrjZbk_z6rTiyK3g_V_mesd-qIdRJRV7gylhUKkDzekS-WM1j1Tgc8iugmA6V3Di-uy_JKTwgz24NKXSCwXYIW7weC-x3MTOfSpxWaGlT_mGeeuP2BvYHT5CDXtMFQAI0xhA4Rn1QQS23XcTEukVLC4DG0/media?maxWidthPx=800&key=AIzaSyC8TIk0MnhD2IRSUvuND9nW3i6A344sGGI,"Golf club in Wellington, North Island, offering a peaceful playing environment. Rated 4.7/5 (36 reviews) on Google.",50,120,"['coast', 'local', 'mid']",
118,Ohope Beach Golf Links,ChIJ3xDLzFQIb20RX3byO9ghfDY,"541 Harbour Road, Ōhope 3121, New Zealand",-37.9877124,177.13225,North Island,Bay of Plenty,+64 7 312 4486,http://www.ohopegolf.co.nz/,4.5,95,"['Monday: 7:00\u202fAM\u2009–\u20097:00\u202fPM', 'Tuesday: 7:00\u202fAM\u2009–\u20097:00\u202fPM', 'Wednesday: 7:00\u202fAM\u2009–\u20097:00\u202fPM', 'Thursday: 7:00\u202fAM\u2009–\u20097:00\u202fPM', 'Friday: 7:00\u202fAM\u2009–\u20097:00\u202fPM', 'Saturday: 7:00\u202fAM\u2009–\u20097:00\u202fPM', 'Sunday: 7:00\u202fAM\u2009–\u20097:00\u202fPM']",https://maps.google.com/?cid=3926050187762628191&g_mp=CiVnb29nbGUubWFwcy5wbGFjZXMudjEuUGxhY2VzLkdldFBsYWNlEAIYBCAA,https://places.googleapis.com/v1/places/ChIJ3xDLzFQIb20RX3byO9ghfDY/photos/AcnlKN3SGpoaYXoE-c68aZWqGJkAigDNxiXHqhziQra_ia-FpEILZCAvBXswKDIN9pj5dQOKctnRBDKYP4UUs4BC32cvtXPTqniQKTNvcIZb611MgA6ODIJj5RVqsnsLEWQOeurfVghd2YpLzbBey_SRBSywmUMDqHNIG9kqtngCUiiHx6KMd1kzBiS_Stphz4VLlyWtf0jnV4Jt5GUICWMyn5BDcyv5cSHGgnEvW3M9KcZrdGzRX04xNVuClNvLumx91dpCGGq58wnPCJY2-pdPIURKhpR_aIXPsxoIW9jNvjdMsruHIDoy0sn9ZDSds1667v6jHBC0WA7q32ySY6gDCCRFGUBMU7RbBSh6qm9tH0grl3cNzlP3gax-vfRhn7T5FZ6s9PIX8L7A9A7E1_8qgzHEGGU_8FIEsegL0Jn2SKUn0Q/media?maxWidthPx=800&key=AIzaSyC8TIk0MnhD2IRSUvuND9nW3i6A344sGGI,"Links-style in Bay of Plenty, North Island, featuring stunning coastal views. Rated 4.5/5 (95 reviews) on Google.",120,300,"['coast', 'links', 'premium']",
119,Okaihau Golf Club,ChIJ9UvSozbEC20RTmGssUDKTF8,"660 Waiare Road, Ōkaihau 0475, New Zealand",-35.283131,173.8302464,North Island,Northland,+64 9 401 9223,https://www.facebook.com/Okaihaugolfcourse/,4.7,41,,https://maps.google.com/?cid=6867085911040745806&g_mp=CiVnb29nbGUubWFwcy5wbGFjZXMudjEuUGxhY2VzLkdldFBsYWNlEAIYBCAA,https://places.googleapis.com/v1/places/ChIJ9UvSozbEC20RTmGssUDKTF8/photos/AcnlKN3dHJpX7IoqMAV-y2OAMDIPYCQ_4_TIibSYNuq0ctA2H7ckTbYdySoFwLiTba4Zk0DTW6nYX0DTHffpH3DIiqtmQ8indFu4AbzccF59PQUlzda1_1rMVdCqOE7ZJmtipoe9IZqXZ9Cy_r4GFjt4p-D88ckAwQ2f_gfDliBhY-o1qREzH5CpMSYzCmhhj_Q9ZDo4YESThg79xdRTBSpslYfo30bfRGBzCn4sI5aVfEcutBRbxV8mvINIPg7RG2GGGhfkBrjPE7FPn3jVoAY4EJYHPCJApLUrmqS8bWHqVI44J2Xc2yDQv5BOgkdDbmDE10Cq_bZ2aNKCYJXkQ89vxrw6oKW2LzRGkf2sXx298fx78leJlyLKE95goO9w-6rlGzCbitAwpyZtJ1v8QrOzhZVAJgy0jiiaxYYEmEnh_l3Zy33Y/media?maxWidthPx=800&key=AIzaSyC8TIk0MnhD2IRSUvuND9nW3i6A344sGGI,"Golf club in Northland, North Island, offering a peaceful playing environment. Rated 4.7/5 (41 reviews) on Google.",50,120,"['coast', 'local', 'mid']",
120,Omakau Golf Club,ChIJEaO5oLrhKqgRtagq6OqCpoQ,"23 Alton Street, Omakau 9376, New Zealand",-45.0985474,169.5924222,South Island,Otago,+64 3 447 3814,http://www.omakaugolf.co.nz/,4.8,22,,https://maps.google.com/?cid=9558471204569524405&g_mp=CiVnb29nbGUubWFwcy5wbGFjZXMudjEuUGxhY2VzLkdldFBsYWNlEAIYBCAA,https://places.googleapis.com/v1/places/ChIJEaO5oLrhKqgRtagq6OqCpoQ/photos/AcnlKN3bm-N-f5yrb7bkPXbavAd4jKrA2Z1kVdJ7VBK88bA0FRT1meMg6kVhtcmATDcWmoLwrGYyOJi7PR0SAfQApTjrpgFd5po9rm4XBJAg0bqeOBnRRwrTk6ssaTeP0z1T8GqlvJlBGzyE1fg54Z6hMeQDDY93Z1zldcrQo1MCETM2wOqgmNKHdy1p6BacUxZ1OJq1yHEsgPkVAlEeud2bvWuZUMWv0Zk3OWrgUpaL87DXWtyKmpr7gM9HCNOFvl_WxIzDP2VmFsLsNQ-kOVw0nDZuWg2NZFWlLs765VlYyhPVqOSkA9ZXU73zPDKEYrRCRkjg8vaFA0u267r9_Wki_55nJouO4O7M9xbe9pwDt4CebPT9R35QN86-RajE-RXpXhCRD-7110cnSwjVob8wbkSwreK5oLs9xid79NyFANpaeQ/media?maxWidthPx=800&key=AIzaSyC8TIk0MnhD2IRSUvuND9nW3i6A344sGGI,"Golf club in Otago, South Island, offering a peaceful playing environment. Rated 4.8/5 (22 reviews) on Google.",80,180,"['coast', 'local', 'mid']",
121,Omanu Golf Club,ChIJjY-joCDZbW0RBde4_KhhgZU,"98 Matapihi Road, Mount Maunganui 3116, New Zealand",-37.6768966,176.21128779999998,North Island,Bay of Plenty,+64 7 575 5957,http://www.omanugolf.co.nz/,4.5,309,"['Monday: 7:00\u202fAM\u2009–\u20095:00\u202fPM', 'Tuesday: 7:30\u202fAM\u2009–\u20095:00\u202fPM', 'Wednesday: 7:30\u202fAM\u2009–\u20095:00\u202fPM', 'Thursday: 7:30\u202fAM\u2009–\u20095:00\u202fPM', 'Friday: 7:00\u202fAM\u2009–\u20095:00\u202fPM', 'Saturday: 7:00\u202fAM\u2009–\u20095:00\u202fPM', 'Sunday: 7:30\u202fAM\u2009–\u20095:00\u202fPM']",https://maps.google.com/?cid=10772999162069309189&g_mp=CiVnb29nbGUubWFwcy5wbGFjZXMudjEuUGxhY2VzLkdldFBsYWNlEAIYBCAA,https://places.googleapis.com/v1/places/ChIJjY-joCDZbW0RBde4_KhhgZU/photos/AcnlKN2wLRr763dT8U9j_JddMXz7TuscLVhydpbwWBh4MYw2GmdsnQJ--TksPwd4FVtEVAS_1AN0EtjDw0dMHdpRaaS1YvSRzyWqswFRj2ur7PRkYzRHKXbYBjkbvon02Ko4ZnfwyqK3Booe9h6KWBugtpafUCWkKwXZp_6JCSF4Da801IMDmDOFUyY_9k-e2HwZ_xd-L4SF0zmfHM_8LYdd1ZAPO1QFS6O9VHP5pikLBaxGL6SJdvoZUSpeT0qbJsDWzml3cjbo7nL-gZOzgAsC1bOzt5YfzaXzKq32U0yodZvroQ/media?maxWidthPx=800&key=AIzaSyC8TIk0MnhD2IRSUvuND9nW3i6A344sGGI,"Golf club in Bay of Plenty, North Island, set against a scenic mountain backdrop. Rated 4.5/5 (309 reviews) on Google.",80,180,"['coast', 'local', 'mid']",
122,Omokoroa Golf Club,ChIJE26V6e7DbW0RJicGxiMBzmE,"67 Links View Drive, Ōmokoroa 3114, New Zealand",-37.642022399999995,176.0262594,North Island,Bay of Plenty,+64 7 548 0384,http://www.omokoroagolf.co.nz/,4.5,174,"['Monday: 7:00\u202fAM\u2009–\u20095:30\u202fPM', 'Tuesday: 7:00\u202fAM\u2009–\u20095:30\u202fPM', 'Wednesday: 7:00\u202fAM\u2009–\u20095:30\u202fPM', 'Thursday: 7:00\u202fAM\u2009–\u20095:30\u202fPM', 'Friday: 7:00\u202fAM\u2009–\u20095:30\u202fPM', 'Saturday: 7:00\u202fAM\u2009–\u20095:30\u202fPM', 'Sunday: 7:00\u202fAM\u2009–\u20095:30\u202fPM']",https://maps.google.com/?cid=7047571720039180070&g_mp=CiVnb29nbGUubWFwcy5wbGFjZXMudjEuUGxhY2VzLkdldFBsYWNlEAIYBCAA,https://places.googleapis.com/v1/places/ChIJE26V6e7DbW0RJicGxiMBzmE/photos/AcnlKN3880-pEdPW7v3-y-QzDYXQMKNiTdXC4mORge7JUKgejg1mAPVLvz2yAfwCIYban5gFcRTlaHazQgq2BSECb4TZpqwIdbe_heaa-ZorI5j4o873o4I_2p7hmXiGl8V3CDVfcbAbeYVpBBeodhKFAMh1yLL08zhkmoCrjoC-X8ug9NrNCQrDruqe6E0hDDpNh_LEE1kjDVmt3Gcv-hhpNROPoCiY868JZlu0JWRCbsWjJ3ORDEb4UhszF4l8CFFcezABLw0f_U4tU3wdrUweItFVX3jh62huwFLIFy1-cK8GLyXSMcBLWp6r4Im9vXXsBdXiktD3-UTri-sxreQKzU_9QlUCN3P9d2QURHwOq2MnArrXf5V62uH9u0nQLCYRrmTjeTr8gDbnxNGTWG11t2msw7i9oF6PutfHqawXSYJJpg/media?maxWidthPx=800&key=AIzaSyC8TIk0MnhD2IRSUvuND9nW3i6A344sGGI,"Golf club in Bay of Plenty, North Island, offering a peaceful playing environment. Rated 4.5/5 (174 reviews) on Google.",80,180,"['coast', 'links', 'mid']",
123,Opunake Golf Club,ChIJZSpaOWjBFW0R_A7vDs7KoZM,"235 Namu Road, Ōpunake 4681, New Zealand",-39.4251412,173.8568076,North Island,Taranaki,+64 6 761 8070,https://www.taranakigolf.co.nz/clubs/opunake/,4.1,14,,https://maps.google.com/?cid=10638006781188443900&g_mp=CiVnb29nbGUubWFwcy5wbGFjZXMudjEuUGxhY2VzLkdldFBsYWNlEAIYBCAA,https://places.googleapis.com/v1/places/ChIJZSpaOWjBFW0R_A7vDs7KoZM/photos/AcnlKN011ZIrXxysaxc_d_naH-gyfdl2K63gz2DZ5w4gQfGconwE3FuX_mBuYJWE27qNEUoZozHdk5ApyJ3uhiz6cDIKc7RwMCfhZt_pB0Up16FAGMLSv_X8hTMITlsB6Usb0_X3kwmfXXUHOqwvbjABG1Y1icQPkwc0mIq5CsytCflmF3zsDZrbgJN3DzusJTr6t0HkirEGDc65q8819hEw6GQnAsFxEDvbZS1TCV_IEDqca1wufsmQgAgZkZMce37SRtfv_WJWGkq2gegxfrLwVTXDqGB4Y1eaI8NKSBF1KcdaQLbfCrowl6nJd-oQGggYEoD8PLf2xjZRWJ-METUh9pRjsxjLfmh31zyP1TVClwtYFNFMtbRyyWPDgh4Vg_YfcmtDRGzviSeOConMYpIg7YMXPiHdjY75e8_gOCWvPTiXGg/media?maxWidthPx=800&key=AIzaSyC8TIk0MnhD2IRSUvuND9nW3i6A344sGGI,"Golf club in Taranaki, North Island, offering a peaceful playing environment. Rated 4.1/5 (14 reviews) on Google.",35,80,"['coast', 'local', 'value']",
124,Orlando Country,ChIJXfxnnmlNQG0Rp6fNndMTqz4,"748 Rangitikei Line, Newbury, Palmerston North 4475, New Zealand",-40.323766,175.5875781,North Island,Manawatu-Wanganui,,https://www.orlandocountry.co/,4.5,674,"['Monday: 8:30\u202fAM\u2009–\u20095:00\u202fPM', 'Tuesday: 8:30\u202fAM\u2009–\u20095:00\u202fPM', 'Wednesday: 8:30\u202fAM\u2009–\u20095:00\u202fPM', 'Thursday: 8:30\u202fAM\u2009–\u20095:00\u202fPM', 'Friday: 8:30\u202fAM\u2009–\u20095:00\u202fPM', 'Saturday: 8:30\u202fAM\u2009–\u20095:00\u202fPM', 'Sunday: 8:30\u202fAM\u2009–\u20095:00\u202fPM']",https://maps.google.com/?cid=4515724850975582119&g_mp=CiVnb29nbGUubWFwcy5wbGFjZXMudjEuUGxhY2VzLkdldFBsYWNlEAIYBCAA,https://places.googleapis.com/v1/places/ChIJXfxnnmlNQG0Rp6fNndMTqz4/photos/AcnlKN1p_x2C8hbeA9DaWOqe14n50NrODPn-5QHcWfPTDdmXbBx_V0QHTgxInusghXdl-N09HY4w3XDOPijneu6aws942t8vmMrAOjNT_Wc9FUe1sB79_fAljLI7YMxlCHqYyXOKJTqWTeGHIYQkO2Nh_UWMARenQ8l2XPgC-e76-WSRLSJGzgWWnp7JauZzbNiaxhzFycqomXqXycYTmsqlUOyK51h6_nAat-4vPvw7VZsr8QHBoMGxZ0HURVp_GHz-rIog1Bzh8GKXglMyilk01eQMsjCxUyWs00DlDl6IDTJicg/media?maxWidthPx=800&key=AIzaSyC8TIk0MnhD2IRSUvuND9nW3i6A344sGGI,"Golf course in Manawatu-Wanganui, North Island, offering a peaceful playing environment. Rated 4.5/5 (674 reviews) on Google.",50,120,"['coast', 'local', 'mid']",
125,Otago Golf Club,ChIJoX5YgYKrLqgRM4pz6eGA4tE,"125 Balmacewen Road, Maori Hill, Dunedin 9010, New Zealand",-45.8519009,170.4912339,South Island,Otago,+64 3 467 2096,http://www.otagogolfclub.co.nz/,4.6,114,"['Monday: 8:00\u202fAM\u2009–\u20095:00\u202fPM', 'Tuesday: 8:00\u202fAM\u2009–\u20095:00\u202fPM', 'Wednesday: 8:00\u202fAM\u2009–\u20095:00\u202fPM', 'Thursday: 8:00\u202fAM\u2009–\u20095:00\u202fPM', 'Friday: 8:00\u202fAM\u2009–\u20095:00\u202fPM', 'Saturday: 8:00\u202fAM\u2009–\u20095:00\u202fPM', 'Sunday: 8:00\u202fAM\u2009–\u20095:00\u202fPM']",https://maps.google.com/?cid=15123792206436207155&g_mp=CiVnb29nbGUubWFwcy5wbGFjZXMudjEuUGxhY2VzLkdldFBsYWNlEAIYBCAA,https://places.googleapis.com/v1/places/ChIJoX5YgYKrLqgRM4pz6eGA4tE/photos/AcnlKN0E7BzIl5ZobfZ7z9VDq80nDPB5x_S89fQpf5op4y9kwIVAmcg-thr2a2wh209UOmAP6hhFoTWWqVHk29avZ8ErH1SLZT1eIyn2eGiO55eFH27dEjchgc_BMnD9ALTiHzf-2cx__lxCZ0jOsoPX9Z1w2nqqGiL-BNh0VN6CfZnHnqQXPNg8RTdOkXwRrIFkhwWLwEFtzbWHCO7QZKNja1K9ZYtD9wgdngLAg86ZN401wUeGmS4msiUedGos2w66oKu33o7oLTzD9FsHO-HvRFSNDYL40aC12Hh2cXSPrDsLAgShr4MIhZDJ0OL_ydDvHrhOeU2eVSV21S58qMOA-eciwto8RCKsbzhyqfsh5KAnsH1wsgvqIhwNnqHqCywIwA7-IoakL8BOn0E-CUvR-NpSWnSK_QlsmmKXwCbhUQMCN0GOJVj5ArKKB5juySTT/media?maxWidthPx=800&key=AIzaSyC8TIk0MnhD2IRSUvuND9nW3i6A344sGGI,"Golf club in Otago, South Island, set against a scenic mountain backdrop. Rated 4.6/5 (114 reviews) on Google.",80,180,"['coast', 'local', 'mid']",
126,Otautau Golf Club,ChIJFxAn7_EA06kRJkJ7q7W4ghs,"55 Slaughterhouse Road, Otautau 9682, New Zealand",-46.1434058,167.98172639999999,South Island,Southland,,,4.5,4,,https://maps.google.com/?cid=1982349876402012710&g_mp=CiVnb29nbGUubWFwcy5wbGFjZXMudjEuUGxhY2VzLkdldFBsYWNlEAIYBCAA,https://places.googleapis.com/v1/places/ChIJFxAn7_EA06kRJkJ7q7W4ghs/photos/AcnlKN3bDOwtqLzAXc3Z_z1a-HgqcUh1FLRyhBgt3TzUSeSqh0j95QQSaJZTz_djHoLKHT7XLbX7cUJsqDn_zKZl9dCKaQ_IkAv3UAyr-PMvl18QC5WPOQeZiO4cJ2GAmFOV4Hk3Hlb-A9dqE4olER8V860Zlbz79ErEzYEY90qWfMrxFDa0oMqAbGYOaxuy8kTBOhX_kQwEATOiXYj1L38UtBtGjnspQnGbVkoSMNi1PthtneBG-LjeiEZdTT3brh-l0IDfEZWyS2z1q1Y0SuHtPP4CjLSNKBcnq0Lwzf1KE3SEr6yk-Tteq4DkUsrM17o-nMdncoHwzolwoUFQ-n3K-58IFrlJqRz8lQtZKc--hSbwKTPRtS1fOan_Gj-FV4g7iTIgIyo3SBpxB9gnrQ4GNaEz0_VhH78q206mLW1TusC86w/media?maxWidthPx=800&key=AIzaSyC8TIk0MnhD2IRSUvuND9nW3i6A344sGGI,"Golf club in Southland, South Island, offering a peaceful playing environment. Rated 4.5/5 (4 reviews) on Google.",50,120,"['coast', 'local', 'mid']",
127,Otumoetai Golf Club,ChIJ9VyS7IzbbW0Rxn6G8zg3tTo,"25 Bureta Road, Otūmoetai, Bureta 3110, New Zealand",-37.667583,176.1525534,North Island,Bay of Plenty,+64 7 576 9739,http://www.otumoetaigolf.co.nz/,4.2,103,"['Monday: 8:00\u202fAM\u2009–\u20095:00\u202fPM', 'Tuesday: 8:00\u202fAM\u2009–\u20095:00\u202fPM', 'Wednesday: 8:00\u202fAM\u2009–\u20095:00\u202fPM', 'Thursday: 8:00\u202fAM\u2009–\u20095:00\u202fPM', 'Friday: 8:00\u202fAM\u2009–\u20095:00\u202fPM', 'Saturday: 8:00\u202fAM\u2009–\u20095:00\u202fPM', 'Sunday: 8:00\u202fAM\u2009–\u20095:00\u202fPM']",https://maps.google.com/?cid=4230348142727823046&g_mp=CiVnb29nbGUubWFwcy5wbGFjZXMudjEuUGxhY2VzLkdldFBsYWNlEAIYBCAA,https://places.googleapis.com/v1/places/ChIJ9VyS7IzbbW0Rxn6G8zg3tTo/photos/AcnlKN2ttOcjYpFjFlxqE_LNvaX1XjnKg_2VfnTV-nodR1M1o_GIhIxYPwV5OimL6Et4wDJLY6hihGVaqkUn368BEcW7dQ_u6uoyqOeE7G0d6fnst4N7nke5zjuFgs_wOa4AZ7K1WVidF4p5ZZwC-BG4m96SwLvNwI-FisOel0kSzmEiQYyzH7dLywm3X_GD2J38IG2Mlp3BsozsulOSjkTqva-MEqzwPsbuL8Kw6MMoOKd8G-NEyHN3MR8E2Q-wdoPzBfQVRhg7xJFB65cIwMmsvdImIFu7ZTsmH8YSLW127z2yNw44r0ueEz4a8fBte3SDeMepAtQae3Xb0_lq7Iz5B_yQTq65BkwEn2Uilo6EksGNKSn_bXJVdmS1iehLf9zThRluwBRhBqfRtpy9vEZhYFCs0hmuyXaDwzVUPT1SBPUfVrkv/media?maxWidthPx=800&key=AIzaSyC8TIk0MnhD2IRSUvuND9nW3i6A344sGGI,"Golf club in Bay of Plenty, North Island, offering a peaceful playing environment. Rated 4.2/5 (103 reviews) on Google.",35,80,"['coast', 'local', 'value']",
128,Pakuranga Golf Club,ChIJ2bCxvG9LDW0R9BSO0yyjmGI,"199 Botany Road, Golflands, Auckland 2013, New Zealand",-36.9193941,174.9120399,North Island,Auckland,+64 9 534 3818,http://www.pakurangagolf.co.nz/,4.5,296,"['Monday: 7:30\u202fAM\u2009–\u20097:00\u202fPM', 'Tuesday: 7:30\u202fAM\u2009–\u20097:00\u202fPM', 'Wednesday: 7:30\u202fAM\u2009–\u20097:00\u202fPM', 'Thursday: 7:30\u202fAM\u2009–\u20098:30\u202fPM', 'Friday: 7:30\u202fAM\u2009–\u20097:00\u202fPM', 'Saturday: 7:30\u202fAM\u2009–\u20097:00\u202fPM', 'Sunday: 7:30\u202fAM\u2009–\u20097:00\u202fPM']",https://maps.google.com/?cid=7104607825100150004&g_mp=CiVnb29nbGUubWFwcy5wbGFjZXMudjEuUGxhY2VzLkdldFBsYWNlEAIYBCAA,https://places.googleapis.com/v1/places/ChIJ2bCxvG9LDW0R9BSO0yyjmGI/photos/AcnlKN0ZyckrhM1XnMjYGmhkXEWoc9PboXDOIxvMWrHYFdlkOXrk_5LwKiqNK-2VhXQIpsB5rBvXjQ-qjBG0EPh_RXqXtoMo0PSIUy0wo_001T9mgP-K48DtGMKbJm-mg8k_eq7WiPhcyT_wo1sb0i7gANbXUdVmEExoYraY0OQKBySJi7WtRWhrO2Ft1AVKcZMNL_eOWzPl8hBTo_Ua7wkYv0DX4WCwR9q-kfAG73bMiOgYCzx8syf2dStDrg1U78PxMZQ252h7Ugq2jyBl6qQLwyBvmoEBp5f2InEXhAX8egg/media?maxWidthPx=800&key=AIzaSyC8TIk0MnhD2IRSUvuND9nW3i6A344sGGI,"Golf club in Auckland, North Island, offering a peaceful playing environment. Rated 4.5/5 (296 reviews) on Google.",50,120,"['coast', 'local', 'mid']",
129,Palmerston North Golf Club,ChIJWwyLZgCzQW0RWjuSnYDX5kg,"Brightwater Terrace, Terrace End, Palmerston North 4410, New Zealand",-40.352544099999996,175.6440539,North Island,Manawatu-Wanganui,+64 6 351 0700,http://www.pngolf.co.nz/,4.5,148,,https://maps.google.com/?cid=5253122962773654362&g_mp=CiVnb29nbGUubWFwcy5wbGFjZXMudjEuUGxhY2VzLkdldFBsYWNlEAIYBCAA,https://places.googleapis.com/v1/places/ChIJWwyLZgCzQW0RWjuSnYDX5kg/photos/AcnlKN2kr5xSsYQTHGoRtg4x8bYuaa1X79-CWQlZkLT920AclfUZ3NR20kKKG5OzWMY0bVImTYvVv8TxSjNPhz1VDkKWiSMG23WP8jGf4NLiQlT25fkUZfEgmRLgarvixRmCY4Ajj_pXCm-n9CXP_QEuGV64Ewbxx6EAVTU7R_1yjQYqwStjKE4xofEY1DcgCHPCYD6jistB89O2DTbtBmaJ5ODeN70eqlTQebB1thkmq6kOdkxLiBJdvCIu56PtMjKSZgQUp_SrOCFWHQ47mMZMCOfu7SDE-FM2bca45sHatdUAa3fPL7ZWXkwCshOs1oJ5_h7yPr3alD_NaQZKtVnn4-pddyiTnZAnZb8nFWE-dR67_9Zcc4UlStdAjZuTY73f-NoCo2xOxAJXTo5YOym8gwW2vX28fUVLWsQI0J2svlov4ut-/media?maxWidthPx=800&key=AIzaSyC8TIk0MnhD2IRSUvuND9nW3i6A344sGGI,"Golf club in Manawatu-Wanganui, North Island, offering a peaceful playing environment. Rated 4.5/5 (148 reviews) on Google.",50,120,"['coast', 'local', 'mid']",
130,Paparoa Golf Club,ChIJZQL5vMaLDG0RTy0uAij3FOE,"91 Golf Course Road, Maungaturoto 0589, New Zealand",-36.0594149,174.3267876,North Island,Northland,+64 22 678 1474,,4.6,15,"['Monday: Open 24 hours', 'Tuesday: Open 24 hours', 'Wednesday: Open 24 hours', 'Thursday: Open 24 hours', 'Friday: Open 24 hours', 'Saturday: Open 24 hours', 'Sunday: Open 24 hours']",https://maps.google.com/?cid=16218859909275331919&g_mp=CiVnb29nbGUubWFwcy5wbGFjZXMudjEuUGxhY2VzLkdldFBsYWNlEAIYBCAA,https://places.googleapis.com/v1/places/ChIJZQL5vMaLDG0RTy0uAij3FOE/photos/AcnlKN2QTBiao0nji1r4D8uYsPZej7u9bPCpCNx7PwhznSce9gEtB9npwnQXOvzz6CnStQ_pgZdljyW6xYKro7TEwXXxKMmwqxai4FV4AaVGLj2DzuZrxu2Ht5-pA7gO4-jyBWeUCzl5d28onjI2d86lB8mdw0uWL_77Jmhi0yM8MKna2uWSVFmLOtUjJUU9yx0kIfCSnDfRO4QzBxukHGo2Nv-sd2vVjKh1kgcLZduRKRpxzIkja7R7mwONGltJGb7ZLIrZiwFog7aNXuJJW4dPjF_bZkOwu_LXY6qfFqeqPlnVeqBYKqbcoqn_AzUP0vW9sfR6jZYjoOaTTppdyv6JBB2wLEBIgm7wnkdxkUEn2S6ofyZFyERdtlb0x8GrU8PCr46W_XXPLs0A0Vh-rksW4Ra_TsxbfpZLiaPO6XaENBMzUJBC/media?maxWidthPx=800&key=AIzaSyC8TIk0MnhD2IRSUvuND9nW3i6A344sGGI,"Golf club in Northland, North Island, offering a peaceful playing environment. Rated 4.6/5 (15 reviews) on Google.",50,120,"['coast', 'local', 'mid']",
131,Paraparaumu Beach Golf Club,ChIJAc4VOAChQG0R_p1sa5_T6Z0,"376 Kapiti Road, Paraparaumu Beach 5252, New Zealand",-40.8923553,174.98368299999998,North Island,Wellington,+64 4 902 8200,http://www.paraparaumubeachgolfclub.co.nz/,4.7,304,"['Monday: 7:00\u202fAM\u2009–\u20095:30\u202fPM', 'Tuesday: 7:00\u202fAM\u2009–\u20095:30\u202fPM', 'Wednesday: 7:00\u202fAM\u2009–\u20095:30\u202fPM', 'Thursday: 7:00\u202fAM\u2009–\u20095:30\u202fPM', 'Friday: 7:00\u202fAM\u2009–\u20095:30\u202fPM', 'Saturday: 7:00\u202fAM\u2009–\u20095:30\u202fPM', 'Sunday: 6:45\u202fAM\u2009–\u20095:30\u202fPM']",https://maps.google.com/?cid=11378858615183810046&g_mp=CiVnb29nbGUubWFwcy5wbGFjZXMudjEuUGxhY2VzLkdldFBsYWNlEAIYBCAA,https://places.googleapis.com/v1/places/ChIJAc4VOAChQG0R_p1sa5_T6Z0/photos/AcnlKN2PrRxccqSatjj9ZPt2Z9Herz0dH3eHvMqoZwBRWdfwzq2t5XOsj0amihD_j9MfX6PzWFrQA2CqHC0dT4GwyHEPQMHRjTX4Z2AlYPyI3bdyDZo2v-AWUe7gTHO5eM4LKv7kcyiMupi_ECSmcKSEF4gaX4RL_hyqBqlyPuhXoAPZ-qP0bCpn_IRppJU9lefaTUaIakb_GkfOMUDTNFuT4EM-YPJgTfKzU-lip6VHPFHTkOgRMSsmIyBHKHBgv7bsCC67-S4R2uSQr_E5S2sEZm-KbZc7TY2VjdiJ2nP9yMc-pg/media?maxWidthPx=800&key=AIzaSyC8TIk0MnhD2IRSUvuND9nW3i6A344sGGI,"Golf club in Wellington, North Island, featuring stunning coastal views. Rated 4.7/5 (304 reviews) on Google.",50,120,"['coast', 'local', 'mid']",
132,Patutahi Golf Club,ChIJt5wfkIt1Zm0RwO2bJGLvAA8,"175 Wharekopae Road, Pātūtahi, Gisborne 4072, New Zealand",-38.6389888,177.91080159999999,North Island,Gisborne,+64 6 862 7789,,4.6,50,,https://maps.google.com/?cid=1081127115368951232&g_mp=CiVnb29nbGUubWFwcy5wbGFjZXMudjEuUGxhY2VzLkdldFBsYWNlEAIYBCAA,https://places.googleapis.com/v1/places/ChIJt5wfkIt1Zm0RwO2bJGLvAA8/photos/AcnlKN2mp7bSRDUbjRo_8CX-SSZj5rdj8lqWUy2K0dayVHjQKa4DbAg2ML9CFvuWLXrPp_eHuOQh5aD4WGfFydms2hFQq36MSFGA7_BgJQfFPLB8sPcOJgMIY7Y8BDL83Rt2XPrxgzPXLFURV_ceXIv7YEoT3m-5QC384DtV9HIS2BlDj9vyQX2unwz9P2Yt1QaZzwVfD1_gQlHqXq3ZRFyGMaunvxhWYMx2PJ5bD_9xXk4sobkxgUd9NtLuxnMuMZIG7rgHDg4X9H9y1pO-ddf338Xde6D_QJtRWMwgI7xpnvzgmhEabR7nImqHm9Xx-GVjUnMAm8DibzwXLUlOxJ6Y3raRPwGCykiIYRWswm1qINhLiX6ht31dULjjyWM-zzYS8Rn2A--QbWJPLkD3QEkiy2A5xF1FlZY4_H3NWHmlA4e07Q/media?maxWidthPx=800&key=AIzaSyC8TIk0MnhD2IRSUvuND9nW3i6A344sGGI,"Golf club in Gisborne, North Island, offering a peaceful playing environment. Rated 4.6/5 (50 reviews) on Google.",50,120,"['coast', 'local', 'mid']",
133,Pegasus Golf & Sports Club,ChIJhYhbrdqWMW0Rcu6qbhCijfw,"8 Mapleham Drive, Pegasus 7648, New Zealand",-43.3131105,172.6830181,South Island,Canterbury,+64 3 920 3300,http://www.pegasus-golfclub.co.nz/,4.3,93,"['Monday: 8:00\u202fAM\u2009–\u20095:00\u202fPM', 'Tuesday: 8:00\u202fAM\u2009–\u20095:00\u202fPM', 'Wednesday: 8:00\u202fAM\u2009–\u20095:00\u202fPM', 'Thursday: 8:00\u202fAM\u2009–\u20098:00\u202fPM', 'Friday: 8:00\u202fAM\u2009–\u20098:00\u202fPM', 'Saturday: 8:00\u202fAM\u2009–\u20098:00\u202fPM', 'Sunday: 8:00\u202fAM\u2009–\u20096:00\u202fPM']",https://maps.google.com/?cid=18198379860733914738&g_mp=CiVnb29nbGUubWFwcy5wbGFjZXMudjEuUGxhY2VzLkdldFBsYWNlEAIYBCAA,https://places.googleapis.com/v1/places/ChIJhYhbrdqWMW0Rcu6qbhCijfw/photos/AcnlKN2b0XyPzqQP48CzYwYEF0WvYlR6_OVOUkN8eG9ZGdgw1nR9rG2dZIPL6qcoYFsCV500oI1u27SMqkzoaMaQ2ULp6mOKUkBhQGsbzCYzyNqJxDA6gPnJsI7PoilNw-hy106lXVEUpslbqoR5vgnJGtwav_56p9gemGSJg_IAp5F0gcdkCUST7HZkNQEaslQ09M7PUWkGjx_3wkmUy_u_PYAAiBoKfSgND9tdsQu_bOAAmpIf0gJVtdNxp3OeB_an7xAfnGS8-0PIsdRq_W1RNJprS9mZPtbdO18EhVjLmSlW0cc6gpXSTMshPHncUBBFlf0apKJZFLanJtT6eh3qvYx-82CM_B7htQHQ6jPZ1QRAB0UdQC31elXV-K_FjcZtdJWtrkOPYdx0SmkbGMmifPW1E2JXevZgDE9RcXOBSvKbCrxG/media?maxWidthPx=800&key=AIzaSyC8TIk0MnhD2IRSUvuND9nW3i6A344sGGI,"Golf club in Canterbury, South Island, offering a peaceful playing environment. Rated 4.3/5 (93 reviews) on Google.",35,80,"['coast', 'local', 'value']",
134,Pirongia Golf Club,ChIJ1TPvkxHcbG0ReQ5lTLdS7Os,"31 Kakaramea Road, Pirongia 3876, New Zealand",-37.9792493,175.19645319999998,North Island,Waikato,+64 7 871 9640,http://pirongiagolfclub.co.nz/,4.5,109,"['Monday: 7:00\u202fAM\u2009–\u20098:30\u202fPM', 'Tuesday: 7:00\u202fAM\u2009–\u20098:30\u202fPM', 'Wednesday: 7:00\u202fAM\u2009–\u20098:30\u202fPM', 'Thursday: 7:00\u202fAM\u2009–\u20098:30\u202fPM', 'Friday: 7:00\u202fAM\u2009–\u20098:30\u202fPM', 'Saturday: 7:00\u202fAM\u2009–\u20098:30\u202fPM', 'Sunday: 7:00\u202fAM\u2009–\u20098:30\u202fPM']",https://maps.google.com/?cid=17000053640630963833&g_mp=CiVnb29nbGUubWFwcy5wbGFjZXMudjEuUGxhY2VzLkdldFBsYWNlEAIYBCAA,https://places.googleapis.com/v1/places/ChIJ1TPvkxHcbG0ReQ5lTLdS7Os/photos/AcnlKN1tWP4Jk8u2o2BwuQ0U36YxS6Om_NSqEB5jnvEuwQHwiZQd6o3qTzFSE8sKGgZzdLoAc3QgwfvCjz9IOeq7tFa4LxkbgK7gwMwkI2Lw8ad6nGjr8t-kHO1DBpSOQgvqQZXCmMoB5efvxasUIkaz3HnXYUbnZld508cpjbLCSQEujMPJkFhmEuSsAH9gkExjeP1lwikcMREB6LXmDwQl_0TkfjqHCT4Nyh21ib8CMdsTfYJpR4jRhR-rJJvrjdY6jzdTnM_5AV_81qfz5X_-OMkfhcaoVdkFnEVYyEfozJC3b8pxQdDdD08AgMsyWQnD7xc6ilJKddl80hldcndSk2dnhyhyHn-H33HLZEaztgfk4R5ItdanRTZqki7RIb8mJEDJRywVIZI72i9hhqt-CqKi9AGOBRxcUYMuEyzl5lyBHA/media?maxWidthPx=800&key=AIzaSyC8TIk0MnhD2IRSUvuND9nW3i6A344sGGI,"Golf club in Waikato, North Island, offering a peaceful playing environment. Rated 4.5/5 (109 reviews) on Google.",50,120,"['coast', 'local', 'mid']",
135,Pleasant Point Golf Club,ChIJzfOm-DeTLG0R59Twj1pSaEA,"Butlers Road, Pleasant Point 7974, New Zealand",-44.26311460000001,171.15328209999998,South Island,West Coast,+64 20 424 1949,https://www.pleasantpointgolf.co.nz/,4.6,58,"['Monday: 7:00\u202fAM\u2009–\u20099:30\u202fPM', 'Tuesday: 7:00\u202fAM\u2009–\u20099:30\u202fPM', 'Wednesday: 7:00\u202fAM\u2009–\u20099:30\u202fPM', 'Thursday: 7:00\u202fAM\u2009–\u20099:30\u202fPM', 'Friday: 7:00\u202fAM\u2009–\u20099:30\u202fPM', 'Saturday: 7:00\u202fAM\u2009–\u20099:30\u202fPM', 'Sunday: 7:00\u202fAM\u2009–\u20099:30\u202fPM']",https://maps.google.com/?cid=4641049964920755431&g_mp=CiVnb29nbGUubWFwcy5wbGFjZXMudjEuUGxhY2VzLkdldFBsYWNlEAIYBCAA,https://places.googleapis.com/v1/places/ChIJzfOm-DeTLG0R59Twj1pSaEA/photos/AcnlKN1i0zhVTtFCg4q3lC9WvPynE7B5zGYzWhSt_mRyDHi84n9B0WjlK6m03IF0JlJu4WPrkLbXKq5ghSpQiUGGdysaYaOAdjEE2sKowIkXw8UnzWjnsIt296SH9zJ3GqPtr5Hq3lFpj5lnlwyB_FdZcFKbs1rtkNZHQXNfoKSwoC3tg37o_AgSFay29jCZIgZif2BnR-ZmDd0QZse-TQDN0X0gsKXK4YHcID5krPM5M9PPK3wOKs5XQKlsrPGVQDsxxLliFUdHnqyPvIKqrMmCt9AJPa0GcA4zVQRGv_ACZ6INmg/media?maxWidthPx=800&key=AIzaSyC8TIk0MnhD2IRSUvuND9nW3i6A344sGGI,"Golf club in West Coast, South Island, offering a peaceful playing environment. Rated 4.6/5 (58 reviews) on Google.",50,120,"['coast', 'local', 'mid']",
136,Porangahau Country Club,ChIJDYCRkipCQm0R_7BvxtPeRSs,"627 Beach Road, Pōrangahau 4293, New Zealand",-40.298373,176.6619524,North Island,Hawke's Bay,+64 6 855 5029,https://www.sporty.co.nz/ptc,4.8,34,"['Monday: Closed', 'Tuesday: Closed', 'Wednesday: Closed', 'Thursday: Closed', 'Friday: 5:00\u202fAM\u2009–\u200911:30\u202fPM', 'Saturday: Closed', 'Sunday: 4:00\u2009–\u20098:30\u202fPM']",https://maps.google.com/?cid=3118143318172610815&g_mp=CiVnb29nbGUubWFwcy5wbGFjZXMudjEuUGxhY2VzLkdldFBsYWNlEAIYBCAA,https://places.googleapis.com/v1/places/ChIJDYCRkipCQm0R_7BvxtPeRSs/photos/AcnlKN01g4u5rfW_n32B474E5rzjjTbnB1m8-jZrEQcmQlSKPF035lvNvQio6Lo7NWFqebNYDi9-DyXp955ryzrTCnoFlBDnC1uvWF81a8JDH3ppa0e0LkXAEDfNyCIW2rtu3tze3Y3x7erv62IKn3dVLsEJ_GrfNJKfQZhOd2zRdnXMnB1Y5fjbtig6-saYfVsCbY3vkId8NizQJKc--8skc0YmgphaeyPmdUVuKfXbiBdzEBMfdhUQAeabaOSWwZ98QMcW3Grn4P9VMT4RGcJVTI9ow3SrIH479fB-QpBGlD7k_Hy6-VO6Zzmt60zgN0XLc0G-W-J4P9h8JMPsVbz1TLvv7HplLG4-F91CxzRuFLtckYydXdYPFBHZtqNL9duDh6JdAQC8GycjMRtFxbeV6HU_h4ZPJFWJbntF9kSRrH3Dsg/media?maxWidthPx=800&key=AIzaSyC8TIk0MnhD2IRSUvuND9nW3i6A344sGGI,"Country club in Hawke's Bay, North Island, featuring stunning coastal views. Rated 4.8/5 (34 reviews) on Google.",80,180,"['coast', 'local', 'mid']",
137,Porangahau Golf Club,ChIJIbnPBypCQm0R5sVFPKY6oPE,"Pōrangahau 4293, New Zealand",-40.2986564,176.6622314,North Island,Hawke's Bay,,http://www.porangahaucountryclub.co.nz/,4.5,15,,https://maps.google.com/?cid=17410980645064525286&g_mp=CiVnb29nbGUubWFwcy5wbGFjZXMudjEuUGxhY2VzLkdldFBsYWNlEAIYBCAA,https://places.googleapis.com/v1/places/ChIJIbnPBypCQm0R5sVFPKY6oPE/photos/AcnlKN3MbiIYJfHakQiD-l6s6Mbl1l1wX9s5qkUVdaU8ylviq69sn4xdtKrFlbXKHFhOispFvsQVih1WBWaAjP5IBX6mGa4VKaxVQ8JwDoBx_szeHDaMAvJ9nGP8Mq5qehIv0ZjF6tN9uriOi4vAo3Mc3we6D8LyENbbFcyJGsjTsGUAsjSOlcGIF9H4iIiZs8SJ_5VwM1YOQdBpP4M8PlFSO3Rba3IVwqG8CvgRUaGpPIm3sJJgPA8GtCoSIwGhzmbaZhlP8rHQozSecQDf-PYi2ps-Pw9aZNWdetNx4jWjDigvM2UfeDdf-IyLBEpz9BphsUC2vs4K4TUWt9AVtY_Ycoh3JGrpdUCRRVh46bKzmddRYy6WUo0uLE0otGQrqPdlbc6hIW9zHWieXv1OANk1BR2W4cozDZVvUYdHs0U_SiA6B5RP/media?maxWidthPx=800&key=AIzaSyC8TIk0MnhD2IRSUvuND9nW3i6A344sGGI,"Golf club in Hawke's Bay, North Island, offering a peaceful playing environment. Rated 4.5/5 (15 reviews) on Google.",80,180,"['coast', 'local', 'mid']",
138,Port Chalmers Golf Club,ChIJ0aEVeaRSKagRE-8CsMRGO08,"121 Reservoir Road, Sawyers Bay, Dunedin 9023, New Zealand",-45.80857700000001,170.60194099999998,South Island,Otago,+64 3 472 8404,http://www.portchalmersgolf.co.nz/,4.8,49,"['Monday: 8:00\u202fAM\u2009–\u20098:00\u202fPM', 'Tuesday: 8:00\u202fAM\u2009–\u20098:00\u202fPM', 'Wednesday: 8:00\u202fAM\u2009–\u20098:00\u202fPM', 'Thursday: 8:00\u202fAM\u2009–\u20098:00\u202fPM', 'Friday: 8:00\u202fAM\u2009–\u20098:00\u202fPM', 'Saturday: 4:00\u2009–\u20098:00\u202fPM', 'Sunday: 8:00\u202fAM\u2009–\u20098:00\u202fPM']",https://maps.google.com/?cid=5709234763202752275&g_mp=CiVnb29nbGUubWFwcy5wbGFjZXMudjEuUGxhY2VzLkdldFBsYWNlEAIYBCAA,https://places.googleapis.com/v1/places/ChIJ0aEVeaRSKagRE-8CsMRGO08/photos/AcnlKN1aUiG4bxXAyXEhLVGyKgGgDfHIr-kKSOqa1lvpg3gvhZloFYEI_vwgM62_8GXd18U_C3ZnB2XfbTtr5ettHPv_oR6Nor8GTzcnJwsRQct8l4_KaL-Mmr33Woekb8LpgNzGBz01UnsdOU0Kd4GdSI1lVGOLHv-XJKzHjlYJPMqXPYSCEAfMwEvC1IBUel4zk8UWJdt77Ps9uDHPH7C2_L5ebb1dEwmu8Ios4jcgnT-Fj6hyOkDHnG4C9h8UfeLabUiMk_-ANubcAd5bJZF_so53_Ynk31kNn4NkOSefIu1JLEozYPVy_LYSd_6CVPB0mo4DKRGnDO7R8ST4ODt--D1Lolw176z-5P_wDyKtEOk4zCbJrbNFrZrX1YO-C8ZyWVaNwoQK4Xx_z4PlFAMDTK21F_0j7gvhhVeRdVeTT2RWMeM/media?maxWidthPx=800&key=AIzaSyC8TIk0MnhD2IRSUvuND9nW3i6A344sGGI,"Golf club in Otago, South Island, featuring stunning coastal views. Rated 4.8/5 (49 reviews) on Google.",80,180,"['coast', 'local', 'mid']",
139,Prime Golf Invercargill,ChIJU5xID1fF0qkR3kBEqjgxEFA,"201 Dee Street, Invercargill 9810, New Zealand",-46.4071299,168.3477336,South Island,Southland,+64 274 283 676,https://www.primegolf.co.nz/,5,42,"['Monday: Closed', 'Tuesday: 4:00\u2009–\u20098:00\u202fPM', 'Wednesday: 12:00\u2009–\u20098:00\u202fPM', 'Thursday: 12:00\u2009–\u20098:00\u202fPM', 'Friday: 12:00\u2009–\u200910:00\u202fPM', 'Saturday: 10:00\u202fAM\u2009–\u200910:00\u202fPM', 'Sunday: 10:00\u202fAM\u2009–\u20096:00\u202fPM']",https://maps.google.com/?cid=5769165242106134750&g_mp=CiVnb29nbGUubWFwcy5wbGFjZXMudjEuUGxhY2VzLkdldFBsYWNlEAIYBCAA,https://places.googleapis.com/v1/places/ChIJU5xID1fF0qkR3kBEqjgxEFA/photos/AcnlKN0ysZwhak8B0D0tYVhOjz9ePDFdYEmNTFOnyQ9Eb6FmrN52FQzvXyj3cd4MMg0gjuyQ7K43l_kNvKxzOlIQ00IefA0wlSRwl9Wi5oCJDGwWn3KL5nhnQK-2agPaQ0aicw2sGsJl7YtgYS6NKoHsnX1X4AC2Yw-FwVbaWUDb2iEl0ff3OSkQrpCzn2W06_DOxyldAjnp0YTNWb7jg06hTTHcHIs5QzE0RsRlB8kNbFSv_5WSgMsJ8K5-ppFiE-tU4kB-DQHA55lBUb3cR8lncMKSV4zPKkukNYAYcutoECN0ED6BpMXWpYm1YTNePtIPtof38g2IF4QlQ-Kp-8qkLCJhc53ukUCSL_0eOoSxgcjGrzR-LlXxgaoaXTYWHJIO0Ewm-EkixlrD1S0mP0kPDT3xfIunkGCLtzil5AaUX3IpMHfm/media?maxWidthPx=800&key=AIzaSyC8TIk0MnhD2IRSUvuND9nW3i6A344sGGI,"Golf course in Southland, South Island, offering a peaceful playing environment. Rated 5/5 (42 reviews) on Google.",50,120,"['coast', 'local', 'mid']",
140,Puketitiri Golf Club,ChIJJYlZetCfaW0RtHfFRJHizN0,"4840 Puketitiri Road, Puketitiri 4184, New Zealand",-39.278099399999995,176.5495344,North Island,Hawke's Bay,,,4.4,10,,https://maps.google.com/?cid=15982398291182974900&g_mp=CiVnb29nbGUubWFwcy5wbGFjZXMudjEuUGxhY2VzLkdldFBsYWNlEAIYBCAA,https://places.googleapis.com/v1/places/ChIJJYlZetCfaW0RtHfFRJHizN0/photos/AcnlKN0fuaxe_LPBh3hRqUZUnbU3V5KxAGWTkg-GfptbYyKPHnLcuGORe8tLjhs2BKGHkxIaDXL7m0SYHY3sH-dMPH0WkW7yuceSXgLRE1h4gE3fcQ8OZI6K_etPrU5INOqA1yGGhW3BnYYcREBbCBAluFiyCI8Fn8LMoCQnJQ89t_fLdhj-e00Gt4qxC7w6iG8Jn52IEkUVfx-KHhszrsAs-6ZGxMYR-nXwmMTc3xJg-G6JFmzt72NgPDjBmIEjxe-ccSrNLeuOxrhIyhbkUMt-LZokKE4MQB2tVxmGjfIVtHRByT8efW3F9LLUt96hfJhFnhGx3Y_blXqgOOCQNcLBeVkRqMmEQ0mn1vc8-CDH0knmrY5RpSr-nGDtUHOJpBffv-nPuveOD1jLRdBaBkm7GT1W3pn4X2NKgvwG4MdWBf1fEg/media?maxWidthPx=800&key=AIzaSyC8TIk0MnhD2IRSUvuND9nW3i6A344sGGI,"Golf club in Hawke's Bay, North Island, offering a peaceful playing environment. Rated 4.4/5 (10 reviews) on Google.",35,80,"['coast', 'local', 'value']",
141,Pungarehu Golf Club,ChIJr2uMi6fPFW0RqM5drKUP7vk,"6199 South Road, Rahotu 4685, New Zealand",-39.2915211,173.80458629999998,North Island,Taranaki,,,4.5,24,,https://maps.google.com/?cid=18009349164137041576&g_mp=CiVnb29nbGUubWFwcy5wbGFjZXMudjEuUGxhY2VzLkdldFBsYWNlEAIYBCAA,https://places.googleapis.com/v1/places/ChIJr2uMi6fPFW0RqM5drKUP7vk/photos/AcnlKN1CCwDP2cKO3dvTHLiPjh834WN82g1k3AvlNGejvo0HzYxDVxdTUNacEyvz2e_OVlKBzwdstNM0rFl87QQS-qYdNhte1e2T-84XL-BfAyVnA0EHZMAZMQ5UvvqZoTE_2WJFKa_dmm9-xvP9FG_6NGuz04fHaOqcRju9QvwnLJCLl16hoWHVzvjHU45PhCaqO44dVw0hw8CA5TBQFChvAamKr4ynvQywOA0Xv7B5olHkv-9DXGld6UCyx_HCsK_oYgLCj05r0aQEnEmwCp6de_nnsG7-tBRmGl7p6SkZ1H0FnMl1qQci-462G8cvMyJIjg3AG55kZP62zIVp5xhhOa-LCiwlzUST5kELA0QroOyQlHvRGTL_o4sauPpk7CMOx6Bfsef_qDACXyUuv2XZFDYE8xVS3kA_Y0_b-MDUInzBWw/media?maxWidthPx=800&key=AIzaSyC8TIk0MnhD2IRSUvuND9nW3i6A344sGGI,"Golf club in Taranaki, North Island, offering a peaceful playing environment. Rated 4.5/5 (24 reviews) on Google.",50,120,"['coast', 'local', 'mid']",
142,Pupuke Golf Club,ChIJ_b1hzx86DW0RIOubJGLvAA8,"231 East Coast Road, Campbells Bay, Auckland 0630, New Zealand",-36.7520628,174.7494642,North Island,Auckland,+64 9 410 7906,http://www.pupuke.co.nz/,4.4,377,"['Monday: 7:00\u202fAM\u2009–\u20096:00\u202fPM', 'Tuesday: 7:00\u202fAM\u2009–\u20096:00\u202fPM', 'Wednesday: 7:00\u202fAM\u2009–\u20096:00\u202fPM', 'Thursday: 7:00\u202fAM\u2009–\u20096:00\u202fPM', 'Friday: 7:00\u202fAM\u2009–\u20096:00\u202fPM', 'Saturday: 7:00\u202fAM\u2009–\u20096:00\u202fPM', 'Sunday: 7:00\u202fAM\u2009–\u20096:00\u202fPM']",https://maps.google.com/?cid=1081127115368950560&g_mp=CiVnb29nbGUubWFwcy5wbGFjZXMudjEuUGxhY2VzLkdldFBsYWNlEAIYBCAA,https://places.googleapis.com/v1/places/ChIJ_b1hzx86DW0RIOubJGLvAA8/photos/AcnlKN3FMkuAJ2AAFmTtzyPapTTcjrfPp1KC5Sp_k_bRBBbeCoT-fEz-Q23fqEHMC0tjFVfbVaoPGu2hffIjvRnQeRYH3Br5LAFyiD-94bLyRQoLv9G2OtKqLg-SG7lrPnbW6TgriDyPtOBrZK3l66i64gM8SsPcEsmvF7HTsKs6yhR4VfqQWbE3SnNJfym4_snF0gZHqPUgdT1CGcwcGNh4nUuVS72RbZ6iILOdQ79vKkOnhd3v6GoJ-5OyuF6tvKcFv6aPfsoFfQNBpyaMtlLEzrhEt9r07ATKDsSJad4ZU3KmOQ/media?maxWidthPx=800&key=AIzaSyC8TIk0MnhD2IRSUvuND9nW3i6A344sGGI,"Golf club in Auckland, North Island, featuring stunning coastal views. Rated 4.4/5 (377 reviews) on Google.",35,80,"['coast', 'local', 'value']",
143,Putt Putt 35,ChIJ-2PucWh5Zm0R8LA2ZpB-oDA,"211 Grey Street, Gisborne 4040, New Zealand",-38.667612999999996,178.0203159,North Island,Gisborne,+64 6 868 6139,https://tairawhitigisborne.co.nz/,4.5,4,"['Monday: 9:00\u202fAM\u2009–\u20095:00\u202fPM', 'Tuesday: 9:00\u202fAM\u2009–\u20095:00\u202fPM', 'Wednesday: 9:00\u202fAM\u2009–\u20095:00\u202fPM', 'Thursday: 9:00\u202fAM\u2009–\u20095:00\u202fPM', 'Friday: 9:00\u202fAM\u2009–\u20095:00\u202fPM', 'Saturday: 9:00\u202fAM\u2009–\u20095:00\u202fPM', 'Sunday: 9:00\u202fAM\u2009–\u20093:00\u202fPM']",https://maps.google.com/?cid=3503939668749496560&g_mp=CiVnb29nbGUubWFwcy5wbGFjZXMudjEuUGxhY2VzLkdldFBsYWNlEAIYBCAA,https://places.googleapis.com/v1/places/ChIJ-2PucWh5Zm0R8LA2ZpB-oDA/photos/AcnlKN1aSXMTsH71E2vH4tVqYlbOPstSq5ahfHbf4Rc6oPcTTRTnKfHf4GXsOOOD8PNKOo4lbP-CDdXKDRBwXqkMe6Kt7FvSvHX3wlGANkpeT9oYzXeB8ez31Z8XCRkXGmu8sCojkNEnHIUyjsR5XyM7szKMfJ55Yz0qCEmcVi1jFUtqTV2wPoX7dFwxNZuj45HNtf2PSkOhWloJkKoHC1dIoJn-04lOwfPBBN1SY0wgg_y5_AjiHS9YU8dKfkXFKGk4rA0sTd9a5gahyWOGZ966jbNufHUBoECemqMSn-Op5u2bLg/media?maxWidthPx=800&key=AIzaSyC8TIk0MnhD2IRSUvuND9nW3i6A344sGGI,"Golf course in Gisborne, North Island, offering a peaceful playing environment. Rated 4.5/5 (4 reviews) on Google.",50,120,"['coast', 'local', 'mid']",
144,Queenstown Golf Club,ChIJY8unFHPi1KkRcLpZZYfvAA8,"759 Peninsula Road, Kelvin Heights, Queenstown 9300, New Zealand",-45.0427145,168.6700043,South Island,Otago,+64 3 442 9169,http://www.queenstowngolf.co.nz/,4.6,526,"['Monday: 8:00\u202fAM\u2009–\u20095:30\u202fPM', 'Tuesday: 8:00\u202fAM\u2009–\u20095:30\u202fPM', 'Wednesday: 8:00\u202fAM\u2009–\u20095:30\u202fPM', 'Thursday: 8:00\u202fAM\u2009–\u20095:30\u202fPM', 'Friday: 8:00\u202fAM\u2009–\u20095:30\u202fPM', 'Saturday: 8:00\u202fAM\u2009–\u20095:30\u202fPM', 'Sunday: 8:00\u202fAM\u2009–\u20095:30\u202fPM']",https://maps.google.com/?cid=1081127275368921712&g_mp=CiVnb29nbGUubWFwcy5wbGFjZXMudjEuUGxhY2VzLkdldFBsYWNlEAIYBCAA,https://places.googleapis.com/v1/places/ChIJY8unFHPi1KkRcLpZZYfvAA8/photos/AcnlKN1ondZA8C909fiK4Yej3z9KUJ4Ytm_Cb9W7JffHzM5tVV5griMUXlETu8ppMJNaIBYPkvMqh_JARBc2bFSUDm8fuHioHHwnE55YlRXMBb3cOiVkoQZ51QZsWY4o01r14JZPzfHPbs_s8UeZLszmnys1r08aH88xBeoMWpQmp4lviEyMviAAvFlzT51nmE3o2FDfv59wJMBNU8ZLuWeGWALUnZQmtgX-dqT1zxfgwo4moZPEbd9EYzTBk2uQ_OXY2ibeyTsHul8BmWvO4KM36v6htw6ZxvDn56OgBfOwIOGgyA/media?maxWidthPx=800&key=AIzaSyC8TIk0MnhD2IRSUvuND9nW3i6A344sGGI,"Golf club in Otago, South Island, offering a peaceful playing environment. Rated 4.6/5 (526 reviews) on Google.",80,180,"['coast', 'local', 'mid']",
145,Raglan Golf Club,ChIJ3zrSehbUEm0R-2Vqif-j7Y0,"Te Hutewai Road, Raglan 3295, New Zealand",-37.8158342,174.8600445,North Island,Waikato,+64 27 180 10413,https://www.raglangolf.co.nz/,4.7,103,"['Monday: 8:00\u202fAM\u2009–\u20098:00\u202fPM', 'Tuesday: 8:00\u202fAM\u2009–\u20098:00\u202fPM', 'Wednesday: 8:00\u202fAM\u2009–\u20098:00\u202fPM', 'Thursday: 8:00\u202fAM\u2009–\u20098:00\u202fPM', 'Friday: 8:00\u202fAM\u2009–\u20098:00\u202fPM', 'Saturday: 8:00\u202fAM\u2009–\u20098:00\u202fPM', 'Sunday: 8:00\u202fAM\u2009–\u20098:00\u202fPM']",https://maps.google.com/?cid=10227010646745703931&g_mp=CiVnb29nbGUubWFwcy5wbGFjZXMudjEuUGxhY2VzLkdldFBsYWNlEAIYBCAA,https://places.googleapis.com/v1/places/ChIJ3zrSehbUEm0R-2Vqif-j7Y0/photos/AcnlKN3qWnizJaOC-2wcgXkFCf7Y44l3yWNOdlqh-g-W_3rAsMiM9svatFaUJv5aPSy1q59gEzPrqVV2eCNPG2hH2Y4UYUXp8m4WX_8U_5Gde2h_Jwg_xG6V4Utzrn8bwbPsQjbjO4g2XPbRSxVm9j3R9FBj6ItpPbWUcnnFxrMzmPcMDpe4xFV977jpFkwv_bnReu4BxYYBLR1JFJZUfe1oZ7uUUZSF3w2V7_fYM9I2XL3SKzwRGmkgzG4kCtBLByFeiv-cDNYurySp4Pc35wcoqa0P3FOJ9r4SmiWuLbwRksE0QvZ43M7xYgHGEZCt45dzqlwnkmxyPKtB-NDnfzaoXZEdcQJFzL3Cq0yqtxj7QnrmYybr6Y9zBxKyKqqAg9-EZZyKZLk2c-DkpZACp3tnrNwLco8DRZaZjC6fbymT1_LfQ3k/media?maxWidthPx=800&key=AIzaSyC8TIk0MnhD2IRSUvuND9nW3i6A344sGGI,"Golf club in Waikato, North Island, offering a peaceful playing environment. Rated 4.7/5 (103 reviews) on Google.",50,120,"['coast', 'local', 'mid']",
146,Rangatira Golf Club,ChIJWVJWT0Z_am0R9C2UtodurcI,"4818 State Highway 1, Hunterville 4748, New Zealand",-39.886093100000004,175.67236319999998,North Island,Hawke's Bay,+64 6 322 9859,http://www.rangatiragolf.co.nz/,4.8,137,"['Monday: 8:00\u202fAM\u2009–\u20095:00\u202fPM', 'Tuesday: 8:00\u202fAM\u2009–\u20095:00\u202fPM', 'Wednesday: 8:00\u202fAM\u2009–\u20095:00\u202fPM', 'Thursday: 8:00\u202fAM\u2009–\u20095:00\u202fPM', 'Friday: 8:00\u202fAM\u2009–\u20095:00\u202fPM', 'Saturday: 8:00\u202fAM\u2009–\u20095:00\u202fPM', 'Sunday: 8:00\u202fAM\u2009–\u20095:00\u202fPM']",https://maps.google.com/?cid=14027989943491767796&g_mp=CiVnb29nbGUubWFwcy5wbGFjZXMudjEuUGxhY2VzLkdldFBsYWNlEAIYBCAA,https://places.googleapis.com/v1/places/ChIJWVJWT0Z_am0R9C2UtodurcI/photos/AcnlKN3Jw7jWss5QqNYtyWKr36B1TWepwZka20tkNJP1NALMu3gdOr_tKTofS3N5DjvQ91sfoXRHnhL8_KBSy7CB8NChFruv75xkohNdRegETAXQCc6xp6B4USXiGA7iY0Imi1EyRYv3jUINl6cr0GyMXOG2H8Wm8fr6g_u0W6hEDFVogxOGfz01CF6wbREbIIyxXQOc094R5T-PTTDEQBgWFd3v2S7OonvHiuM-9RwNVQTKDN7hmAK0DRdz-ytnmgDQJLrNV1aeR7ADUnG77Ik2YHgA_zqpv9SHqELlJZNJTMuytbq5flMTkgP2TLkE3yCZzvM52u60UCSZYqFT3gKE7QmzhQuuVyYUA8q4FrHI5Sy0ivkwTqy3aVOopjwO8RCCSRFOArTTk69o3Il9JxGdRSn13XQHVbLx_X_TZzzmrv4tXCs/media?maxWidthPx=800&key=AIzaSyC8TIk0MnhD2IRSUvuND9nW3i6A344sGGI,"Golf club in Hawke's Bay, North Island, offering a peaceful playing environment. Rated 4.8/5 (137 reviews) on Google.",80,180,"['coast', 'local', 'mid']",
147,Rarangi Golf Club,ChIJeaM78Uk8OW0RJ1HsWEFSIZg,"217 Rarangi Beach Road, Rarangi 7273, New Zealand",-41.400962899999996,174.0390348,South Island,Marlborough,+64 3 570 5709,http://www.rarangigolfclub.co.nz/,4.7,57,,https://maps.google.com/?cid=10962133408614732071&g_mp=CiVnb29nbGUubWFwcy5wbGFjZXMudjEuUGxhY2VzLkdldFBsYWNlEAIYBCAA,https://places.googleapis.com/v1/places/ChIJeaM78Uk8OW0RJ1HsWEFSIZg/photos/AcnlKN2khzc-8gnrHVGgz8zGYngMfk4txCQsxOf86cXiADEPEr8dQC3c_qTQG_XxsWO3SnQv5UpCjuz6vY7RBi1FfejB9rs7SD0D5WLlRKjckfDiLxH42ZvKCpFTDO2gK-WkvLM1VilAGiZYSCRz6EF8nP-C6HItSzYAY8lUhRTuFA4ZcVM2GYVn6EtiY431K409c-AEn5-7Er1bog8B_cXOvbXRBqLvKEDIvMhbgjxt0PX6S5tXXSHTJ3KagsstvAJPFyN2gHvWPFZItO5_kHxx2krcuDE5kxfVxzVCQe-QEbQNTZftjS8933jPpC-W8BLQKzVGnpmhT8VeUYMqpGwCqdOaAgPTKoOoHbj-v2-Bc9832FQRn52r0oqGCKiOIz5Tt0sCZDTIxyQRc74c25XVinXeU_H8-wVrDTjIvD5sy50cU1cT/media?maxWidthPx=800&key=AIzaSyC8TIk0MnhD2IRSUvuND9nW3i6A344sGGI,"Golf club in Marlborough, South Island, featuring stunning coastal views. Rated 4.7/5 (57 reviews) on Google.",50,120,"['coast', 'local', 'mid']",
148,Rawene Golf Club,ChIJ_c4IDApeCW0Rl5dxM7tNAbA,"76 De Thierry Street, Rawene 0473, New Zealand",-35.409422600000006,173.5143998,North Island,Northland,+64 9 405 7793,https://www.facebook.com/rawenegolfclub357/,4.3,7,,https://maps.google.com/?cid=12682503492069332887&g_mp=CiVnb29nbGUubWFwcy5wbGFjZXMudjEuUGxhY2VzLkdldFBsYWNlEAIYBCAA,https://places.googleapis.com/v1/places/ChIJ_c4IDApeCW0Rl5dxM7tNAbA/photos/AcnlKN0tehrXNGXSWxEwLqjKhajAN7XyM3ddV6GYFUY-wrh42jI-FBHZlhuHQYIwEx4cGS8StEmnuPpK2WhUiVZszna_Nhfbpe8EEnFUZCQnxuNWPH3ij4wXzA7wkXCwQlMm3TjfTfaDvgijpsZOflOpfSPa3Hl6wXuHdFecBgcfwg5vcEUYVsvqJJgxR-EWRsJik4NKxjwSHDSKrzGVwUPAzWi-L7AzM6iV3gh-NsmeVOo7CG5fQ9eRRtYuJ29gd2eej_SwfiRfa7LgtJAigLb9EfjhG91BRlIQ_xZ4nKVZW5bQoG3A_m6ZOl2ketfz6xhVEtTxSQP6SeqhgxnHU3p5zjpAOpAHalhp-cshUxGmQcP-3jv35LgfRUZanXGxmawWo_f115L4N7PezrE8Hpp8L1PA5udOe9GSo23rRBRGEnWRrQGN98ivHMRQvAH9NY4B/media?maxWidthPx=800&key=AIzaSyC8TIk0MnhD2IRSUvuND9nW3i6A344sGGI,"Golf club in Northland, North Island, offering a peaceful playing environment. Rated 4.3/5 (7 reviews) on Google.",35,80,"['coast', 'local', 'value']",
149,Redwood Park Golf Club Inc,ChIJsbfUFfBqDW0R9ybE6bskXTc,"13 Knox Road, Swanson, Auckland 0612, New Zealand",-36.862939,174.57732270000002,North Island,Auckland,+64 9 833 8253,http://www.redwoodparkgolf.co.nz/,4.4,279,"['Monday: 7:30\u202fAM\u2009–\u20094:00\u202fPM', 'Tuesday: 7:30\u202fAM\u2009–\u20094:00\u202fPM', 'Wednesday: 7:30\u202fAM\u2009–\u20096:00\u202fPM', 'Thursday: 7:30\u202fAM\u2009–\u20094:00\u202fPM', 'Friday: 7:30\u202fAM\u2009–\u20096:00\u202fPM', 'Saturday: 6:30\u202fAM\u2009–\u20097:00\u202fPM', 'Sunday: 6:30\u202fAM\u2009–\u20096:30\u202fPM']",https://maps.google.com/?cid=3989385234419558135&g_mp=CiVnb29nbGUubWFwcy5wbGFjZXMudjEuUGxhY2VzLkdldFBsYWNlEAIYBCAA,https://places.googleapis.com/v1/places/ChIJsbfUFfBqDW0R9ybE6bskXTc/photos/AcnlKN0rJFrBOJKT91Ya7xZ_al-w_10kMGVUZdIFkcAI8eMgTtFVp0cf85weeNX_8dwzKrx0qUmZmi8esTYxcWxX1DWe2oK7WHzPicAKndPd30WIG0oom8AmuvwBI3-b0P6OMi1YqjLI6ms3eDTRtkbOEhfBmYYoFqAZU-XBluAkOe6L-f_4fyDwAphwUUuIrcigb_hhDs0joC3TDyhGi5FMNaJzY5Lorra0dCys7b8o418tyvlhdtrk2PFhjFX_-IhlMFTrPWVWniXYuehyVgH6UZm-mhFoe1kZYVztXyM1AUh8Dw/media?maxWidthPx=800&key=AIzaSyC8TIk0MnhD2IRSUvuND9nW3i6A344sGGI,"Golf club in Auckland, North Island, offering a peaceful playing environment. Rated 4.4/5 (279 reviews) on Google.",35,80,"['coast', 'local', 'value']",
150,Reefton Golf Club,ChIJgSF5pPlnJW0R9Pt_sbEA8WA,"74 Anderson Road, Reefton 7830, New Zealand",-42.1076684,171.8440049,South Island,West Coast,+64 274 326 714,,4.6,18,,https://maps.google.com/?cid=6985365260215516148&g_mp=CiVnb29nbGUubWFwcy5wbGFjZXMudjEuUGxhY2VzLkdldFBsYWNlEAIYBCAA,https://places.googleapis.com/v1/places/ChIJgSF5pPlnJW0R9Pt_sbEA8WA/photos/AcnlKN1b_EA4h3QRhgY1-RJuKuRRwvePxbcMDHX3MARECBUmeXEJXGAZfd81n8zMEkT807-Aio_aGrobCI68g_4dhpLQpNsnpe7ogM1vSuO04ojMPehGtfX08d95LGukZfftByREdoKJJF5vAYSUBxdY3o9LjovXXT-eqqPp7aqZyms6j0dgP_wTK7PR6qXQ4oO8Kmy6NjlX24JcIbdkQCgAhtExcD0ymJBBeSUGBoGOzY6VgfVyhbG48tpmJ3vPNuoe_7czfE4K56__LoR1frqgiILHkoORYWe-eGxMJYvk4mb8504iXeFyhjl_X5Hlqm3xOGQw4WqLmnU9MgPaA1RnyfzYJbBYYj7OCpFUu4ztNMuiqXWGlpbW_Q0E8mDb-l6JzPtGZ6n_rX9wBDL78dYE3LL-_PYf49fiVWCXOKqxMKcDyNO5/media?maxWidthPx=800&key=AIzaSyC8TIk0MnhD2IRSUvuND9nW3i6A344sGGI,"Golf club in West Coast, South Island, offering a peaceful playing environment. Rated 4.6/5 (18 reviews) on Google.",50,120,"['coast', 'local', 'mid']",
151,Remuera Golf Club,ChIJay7wHQdJDW0RSYsk7XzRb9E,"120 Abbotts Way, Remuera, Auckland 1050, New Zealand",-36.8821118,174.83015509999998,North Island,Auckland,+64 9 524 4288,http://www.remueragolfclub.com/,4.5,345,"['Monday: 7:00\u202fAM\u2009–\u20098:00\u202fPM', 'Tuesday: 7:00\u202fAM\u2009–\u20098:00\u202fPM', 'Wednesday: 7:00\u202fAM\u2009–\u20098:00\u202fPM', 'Thursday: 7:00\u202fAM\u2009–\u20098:00\u202fPM', 'Friday: 7:00\u202fAM\u2009–\u20098:00\u202fPM', 'Saturday: 7:00\u202fAM\u2009–\u20098:00\u202fPM', 'Sunday: 7:00\u202fAM\u2009–\u20098:00\u202fPM']",https://maps.google.com/?cid=15091511210826566473&g_mp=CiVnb29nbGUubWFwcy5wbGFjZXMudjEuUGxhY2VzLkdldFBsYWNlEAIYBCAA,https://places.googleapis.com/v1/places/ChIJay7wHQdJDW0RSYsk7XzRb9E/photos/AcnlKN2GkOYDclo0mBsFPzSQnva5vO_iQoUjw4TPS_ev45il3gD6GtuUvW0fhEJ4hPrVsEM1SrfGGFXybgYI5_UCVtnabMfq6rzYwSPweECJawAzHgI2ODQ0aSfNOVTW5TcIrL1vkoEQVu-1NuzrK1yAcDMVOzZIQpZIiyH4xaeEe7-qDp_hEejQV4TVISCZpIVkmQzama4GDvi6uW_2xDViW-QygcAKNfhBbaEx81iaffUTQrS0KK1jBo7CY4MGJ7LdIlPJCD9aeetU1-6wx2DPac2ZpLO_EVoElngWzLntF3nx6QjixhQIB8wzCkrX5WO-Tc8YJ675zuviGZbhEHGI92eVrX3FxfwzQqWfT_7wV0evarrWkwVvSGAcsOTReMuW8XAH453779SZObLj9m9FkQPiXf2hWQBzVPQpo481KdEvtjg/media?maxWidthPx=800&key=AIzaSyC8TIk0MnhD2IRSUvuND9nW3i6A344sGGI,"Golf club in Auckland, North Island, offering a peaceful playing environment. Rated 4.5/5 (345 reviews) on Google.",50,120,"['coast', 'local', 'mid']",
152,Renner Park Golf Course - see R P G Limited,ChIJPQjI7Y7abW0RXqlWsiPQskM,"168 Oropi Road Oropiti, Pyes Pa, Tauranga 3112, New Zealand",-37.7427297,176.1413911,North Island,Bay of Plenty,+64 7 543 4954,,4.1,218,"['Monday: 10:00\u202fAM\u2009–\u20097:00\u202fPM', 'Tuesday: 10:00\u202fAM\u2009–\u20097:00\u202fPM', 'Wednesday: 10:00\u202fAM\u2009–\u20097:00\u202fPM', 'Thursday: 10:00\u202fAM\u2009–\u20097:00\u202fPM', 'Friday: 10:00\u202fAM\u2009–\u20097:00\u202fPM', 'Saturday: 10:00\u202fAM\u2009–\u20097:00\u202fPM', 'Sunday: 10:00\u202fAM\u2009–\u20097:00\u202fPM']",https://maps.google.com/?cid=4878190198130125150&g_mp=CiVnb29nbGUubWFwcy5wbGFjZXMudjEuUGxhY2VzLkdldFBsYWNlEAIYBCAA,https://places.googleapis.com/v1/places/ChIJPQjI7Y7abW0RXqlWsiPQskM/photos/AcnlKN3jot5XV7oteKcjIjeFNaH0JQddQaSKkzStujEKG0pqBodh5ICL0f-3Zw3UKz_XEqcI8hOjdV0_aSBR1JZIdM8NGAYf5NqctBiXGbWQtns0LDNatrXXdLmCwIlcmauZWOF__CNRTMlklHQ1SnqVEfVK5XI97h8FjWQ7KetRqACR_qitCNrJqIc6oreu6o_FPgtXa4jhKBzxvhOtK2DfdVG_5562Z9sQ69zHLzXWIe770fcHPOtBn5ugDZ2fRExPAODSRjrbo_yq1GPDWADMw5CiWmcZa4jSQ-DSXU47dVhhs9gdXOow2XcpLJmNVHzCIG1XqcXiSy5pE6sVDb1OYXcSwBBKn-tzLGK3vgrLNRbHWSJ39EZX0flQ6E-390t_7ISh9WDn35H_0M6zIInH0sRY9hsifuwbog_NUiLCnuyrKljJ/media?maxWidthPx=800&key=AIzaSyC8TIk0MnhD2IRSUvuND9nW3i6A344sGGI,"Golf course in Bay of Plenty, North Island, offering a peaceful playing environment. Rated 4.1/5 (218 reviews) on Google.",35,80,"['coast', 'local', 'value']",
153,Rivercity Golf,ChIJxUPQp18BQG0Re-CMnMk5a1Q,"24 York Street, Gonville, Whanganui 4501, New Zealand",-39.938603799999996,175.0214311,North Island,Manawatu-Wanganui,+64 6 344 5808,,4.6,39,"['Monday: 9:00\u202fAM\u2009–\u20096:30\u202fPM', 'Tuesday: 9:00\u202fAM\u2009–\u20096:30\u202fPM', 'Wednesday: 9:00\u202fAM\u2009–\u20096:30\u202fPM', 'Thursday: 9:00\u202fAM\u2009–\u20096:30\u202fPM', 'Friday: 9:00\u202fAM\u2009–\u20096:30\u202fPM', 'Saturday: 7:00\u202fAM\u2009–\u20096:30\u202fPM', 'Sunday: 7:00\u202fAM\u2009–\u20096:30\u202fPM']",https://maps.google.com/?cid=6083019259771674747&g_mp=CiVnb29nbGUubWFwcy5wbGFjZXMudjEuUGxhY2VzLkdldFBsYWNlEAIYBCAA,https://places.googleapis.com/v1/places/ChIJxUPQp18BQG0Re-CMnMk5a1Q/photos/AcnlKN0z2PNy3I-FnoQmYKSmYYIzUN3bropQkQRbBJlvuanMUSXp8XEiwjgfNmWlZcY2I5_Gp1r7HBvk7Fv09Sl4HZ9qYjdC6bxP8Uh2l5tJD1YGmOFajMc94nWExNNXaT93kBgRxsr0iTyzbZA3fOOHayU9W6km20X4mp6i6X_rJgkJsHDHKdC1Rgr_ioAfLswh94gWCLkokPtaw6Iase8Pk3RlyPiMIjkS2ui8u7FRumCVbE4bMteBR9WlKPKOaOEWuyHmxfC2fL9WMTqJtFrwZE0sInFCyXTK4Px8ryLJH9CHUinbwRBpEDtEs4ZkQXKjnk84fCCCQCeWaXZ9y8AoG7ZuKBeTNtjsVobKlEvM9USKygXjr8YlJLWfmz-jzBRCkmzuiWKD-KNx8IetajwtsbqFi368kC_GrgHVJCC5lp1vz5IE/media?maxWidthPx=800&key=AIzaSyC8TIk0MnhD2IRSUvuND9nW3i6A344sGGI,"Golf course in Manawatu-Wanganui, North Island, with beautiful lakeside scenery. Rated 4.6/5 (39 reviews) on Google.",50,120,"['coast', 'local', 'mid']",
154,Riversdale Golf Club,ChIJIR4XorRJ06kRpLuIpLg3ECk,"1 Berwick Street, Riversdale 9744, New Zealand",-45.9036906,168.7423507,South Island,Southland,+64 3 202 5137,,4.4,17,,https://maps.google.com/?cid=2958926221356350372&g_mp=CiVnb29nbGUubWFwcy5wbGFjZXMudjEuUGxhY2VzLkdldFBsYWNlEAIYBCAA,https://places.googleapis.com/v1/places/ChIJIR4XorRJ06kRpLuIpLg3ECk/photos/AcnlKN0LHU1SjeQb_iDsD_JCMH3PKRFJzLmoSYp5CXJZgN4s5WRRhou32wMeKmX_zr21aFzRHQAxPyJA53bsK6dkFejqDj9_qDhZwhZxCQmXfLbLPe3hLRuAqVi6SEaKDaw9iC4O6Uy1BJdKhfGGVMdSolGU4GLERd5UNQpTbxUNGoUWIuSOUgfhZl15TBDwXwx-kAetRfW0HJuqAw_iTbGT6LUYPRU-bEyBoDHCwnIP3iJ-o25VduJXy5S0azGLARdwV01v6KuL-kfGrZ0kz5O1FL5Lo4LT9xXN7YozGSaVTugU5io3aF2E77IDa6QJb-s8QaFa0uFeJEzzBLPP08J9VpPXQNrtnEUmiXIOAqgwDrbrUg1s9PHqReax0cOukcoOLLDkLtCLGJs6_bVFb05LHBEAu3adlL7YHpHvUlZBnuU-SQ/media?maxWidthPx=800&key=AIzaSyC8TIk0MnhD2IRSUvuND9nW3i6A344sGGI,"Golf club in Southland, South Island, with beautiful lakeside scenery. Rated 4.4/5 (17 reviews) on Google.",35,80,"['coast', 'local', 'value']",
155,Robertson Lodges,ChIJ03Zg3cE3aG0RH4MIQMoVBU4,"446 Clifton Road Te Awanga, Clifton 4180, New Zealand",-39.6679816,177.03249580000002,North Island,Hawke's Bay,+64 9 407 0065,https://www.robertsonlodges.com/,5,19,"['Monday: Open 24 hours', 'Tuesday: Open 24 hours', 'Wednesday: Open 24 hours', 'Thursday: Open 24 hours', 'Friday: Open 24 hours', 'Saturday: Open 24 hours', 'Sunday: Open 24 hours']",https://maps.google.com/?cid=5621923668243809055&g_mp=CiVnb29nbGUubWFwcy5wbGFjZXMudjEuUGxhY2VzLkdldFBsYWNlEAIYBCAA,https://places.googleapis.com/v1/places/ChIJ03Zg3cE3aG0RH4MIQMoVBU4/photos/AcnlKN1ET1IOR5Bfbnpxl9fXO38JoiE2rPvl6-TeidrMJxUv_We_wCoyFTiFXdyL5vaq2JTO7fWbmeeUMUkx6E7_oaDtgYZNs4cehbJ4f6l0OiPjJHdMgLDphYGD9M3PH2U3y6rvFkQFl-8VrErnB_lhwFZLAckX3N2zrVQ2pHcm6HLaV76lCCnt1iS3VWYgMOgch4lwioRSF4BSKCMXuWiuEiEe8jNW-I0HEYIxq0AUcFMjiubVnSlyQmiqWJYxzb4xbmTlur64bYEdcXXP3cyHOaCsufnA4P2yNdYDqz9mdrkGoA/media?maxWidthPx=800&key=AIzaSyC8TIk0MnhD2IRSUvuND9nW3i6A344sGGI,"Golf course in Hawke's Bay, North Island, offering a peaceful playing environment. Rated 5/5 (19 reviews) on Google.",150,400,"['coast', 'premium', 'resort']",
156,Rotorua Golf Club,ChIJG6h0xFknbG0RxmbrpbaVFq8,"399 Fenton Street, Whakarewarewa, Rotorua 3010, New Zealand",-38.1609802,176.25317379999998,North Island,Bay of Plenty,+64 7 348 4051,http://rotoruagolfclub.co.nz/,4.4,160,"['Monday: 7:30\u202fAM\u2009–\u20096:00\u202fPM', 'Tuesday: 7:30\u202fAM\u2009–\u20096:00\u202fPM', 'Wednesday: 7:30\u202fAM\u2009–\u20096:00\u202fPM', 'Thursday: 7:30\u202fAM\u2009–\u20096:00\u202fPM', 'Friday: 7:30\u202fAM\u2009–\u20096:00\u202fPM', 'Saturday: 7:30\u202fAM\u2009–\u20096:00\u202fPM', 'Sunday: 7:30\u202fAM\u2009–\u20096:00\u202fPM']",https://maps.google.com/?cid=12616436017825277638&g_mp=CiVnb29nbGUubWFwcy5wbGFjZXMudjEuUGxhY2VzLkdldFBsYWNlEAIYBCAA,https://places.googleapis.com/v1/places/ChIJG6h0xFknbG0RxmbrpbaVFq8/photos/AcnlKN3SZfcYW_XsrnS36swCGJkbyX9HtKiB1FqcRBNSRGOUwzK3avJbylXLr6eVlPA_XtGhs3F-qRlYtuiT6TEtGW7vHILacaNMGEqeyBue7QBDtnIBeR4u4r2_bcXA4FpDfaiZ258_HsWUoaOxF7zWk0c6hcKNpxf7lRwpaiXB8aJSNSUSbEVTPkRFQ2tRW363CJc-xnSWjt85h0i375VdUcEZmQ2T-Y_LQSYovN690KbI-rttuTFeCvml5T-7m21adEFLTe1q_D8CcscjpqTJcLcEYove5U3EED7q3W75Bke0gw2TgKSSMRKzuRJ8Vo96fHrC2R7ErQmkS1YtVswKpMljCORBLS97cQ8DnojAo73uf4BjmQKV_RfGRcdCiZtz9KVhz2HdxTSdAz0bb3enaie21aErX25PAwPbbHPlw29MDQ/media?maxWidthPx=800&key=AIzaSyC8TIk0MnhD2IRSUvuND9nW3i6A344sGGI,"Golf club in Bay of Plenty, North Island, offering a peaceful playing environment. Rated 4.4/5 (160 reviews) on Google.",35,80,"['coast', 'local', 'value']",
157,Roxburgh Golf Club,ChIJkYDIzyVDK6gRJDTgdz-Un7s,"280 Scotland Street, Roxburgh 9500, New Zealand",-45.551752099999995,169.3158049,South Island,Otago,+64 274 361 325,http://roxburghgolfclub.co.nz/,4.6,38,,https://maps.google.com/?cid=13519687606704550948&g_mp=CiVnb29nbGUubWFwcy5wbGFjZXMudjEuUGxhY2VzLkdldFBsYWNlEAIYBCAA,https://places.googleapis.com/v1/places/ChIJkYDIzyVDK6gRJDTgdz-Un7s/photos/AcnlKN3-F5ddUwZmmWnLatIvt3Be2MWbI4L1r8V45FgBhSN13Fd4Hw-DWEWmp_1Vof1KLhV1ks0YawJeuhsi0QCLsuIIpI0uIGP7d9G18Fbr1NhPPpWH0S8nyZCS-25QeeravZ43JzUBuy03Rcj6FrFM4hbuT3slu7Y_Nt7Sy-eukBNkQQvH7UrTsNc2wHd0B2lPOoTF1v1fVoKj1Pk2MLsp0n3qOGoU1YWnde8dXQuTnFDbqLmDKdvob6ZSRDd4fTx-CnXEtwgnshhC_eqRGnLOQkAPpvWxQ0rZt-8Er_4ibM4XfZahKAYQwW0oJhfetTy-s50zvdKah7cFnp7XWnXkgv-zz6w3VQYHQFVh3HvbUSOGnjlvPSk1ro2-8LM2OrTqIpt74d6AU17sV8kPL9hJRf9d69VMoy4WLU0VeZxOqclV-DpA/media?maxWidthPx=800&key=AIzaSyC8TIk0MnhD2IRSUvuND9nW3i6A344sGGI,"Golf club in Otago, South Island, offering a peaceful playing environment. Rated 4.6/5 (38 reviews) on Google.",80,180,"['coast', 'local', 'mid']",
158,Royal Auckland and Grange Golf Club,ChIJVwVZT4VODW0RkY8wwopxhyY,"57 Grange Road South, Papatoetoe, Auckland 2025, New Zealand",-36.9613908,174.845689,North Island,Auckland,+64 9 975 6330,https://raggc.com/,4.5,111,"['Monday: 7:00\u202fAM\u2009–\u20098:00\u202fPM', 'Tuesday: 7:00\u202fAM\u2009–\u20098:00\u202fPM', 'Wednesday: 7:00\u202fAM\u2009–\u20098:00\u202fPM', 'Thursday: 7:00\u202fAM\u2009–\u20098:00\u202fPM', 'Friday: 7:00\u202fAM\u2009–\u20098:00\u202fPM', 'Saturday: 7:00\u202fAM\u2009–\u20098:00\u202fPM', 'Sunday: 7:00\u202fAM\u2009–\u20098:00\u202fPM']",https://maps.google.com/?cid=2776312536074588049&g_mp=CiVnb29nbGUubWFwcy5wbGFjZXMudjEuUGxhY2VzLkdldFBsYWNlEAIYBCAA,https://places.googleapis.com/v1/places/ChIJVwVZT4VODW0RkY8wwopxhyY/photos/AcnlKN27FOhKF8lfgd7x1g8jOjQsnmx5F-SkNnUx8SZdx0THLrKZC7kp5KXe4TVOuw8UJuMy5fgfpZReW2JovqRFHUk2pYJHqVDEvPKmwf1QJL9AuVTNgFZs4q5YNoJQAF1M_uVCbICdoe5uWyQEWqPy3PGlh_eZSrtbWqw_JLVQVfV9ShSCeII1HWNkuswLx9GUUU1AMBioF2NznN7CvlilNKiA9sMKpbsX7K7rAG0NiI3UfCMqQAXISu7UblB_f5veWnx6YpqKdIdK2gO2Zi7PzClv5hGQ5J6Im8YFEotHDCWvsA/media?maxWidthPx=800&key=AIzaSyC8TIk0MnhD2IRSUvuND9nW3i6A344sGGI,"Golf club in Auckland, North Island, offering a peaceful playing environment. Rated 4.5/5 (111 reviews) on Google.",50,120,"['coast', 'local', 'mid']",
159,Royal Wellington Golf Club,ChIJFeCXwn6rQG0RwOubJGLvAA8,"28 Golf Road, Heretaunga, Upper Hutt 5018, New Zealand",-41.1397915,175.0197982,North Island,Wellington,+64 4 528 6900,http://www.royalwellington.com/cms/,4.5,212,"['Monday: 7:00\u202fAM\u2009–\u20096:00\u202fPM', 'Tuesday: 7:00\u202fAM\u2009–\u20096:00\u202fPM', 'Wednesday: 7:00\u202fAM\u2009–\u20096:00\u202fPM', 'Thursday: 7:00\u202fAM\u2009–\u20096:00\u202fPM', 'Friday: 7:00\u202fAM\u2009–\u20096:00\u202fPM', 'Saturday: 7:00\u202fAM\u2009–\u20096:00\u202fPM', 'Sunday: 7:00\u202fAM\u2009–\u20096:00\u202fPM']",https://maps.google.com/?cid=1081127115368950720&g_mp=CiVnb29nbGUubWFwcy5wbGFjZXMudjEuUGxhY2VzLkdldFBsYWNlEAIYBCAA,https://places.googleapis.com/v1/places/ChIJFeCXwn6rQG0RwOubJGLvAA8/photos/AcnlKN0cO2oe5vHBKzncL131sdaW4HIDfHfsMhSOJtchKLVezak37-xPtqCopPkn9fAYWG24oIPuWLxY45eAUHo92RcR5rj9zS2-cB7gp5tD95vk8GS4IrQT4t9-nDriXDoxdks23QO702Tt9XA339lVvppEsZrH30HeZhthDmRSK-vqz5_6PpoQippE54sEfJBpu7_AP9aFrea0bWzxiY3arQLG0Lmss6z683jrf2uMCX8EI3tc8EOTCnlQEQGc4PCG39_Z1bifLH5CxaY4xiAuxILBgJw796HlrP3QhJ-MLmiYGg/media?maxWidthPx=800&key=AIzaSyC8TIk0MnhD2IRSUvuND9nW3i6A344sGGI,"Golf club in Wellington, North Island, offering a peaceful playing environment. Rated 4.5/5 (212 reviews) on Google.",50,120,"['coast', 'local', 'mid']",
160,Russley Golf Club and Function Centre: Christchurch,ChIJGSL5tc70MW0RNr9-h0D2L7I,"428 Memorial Avenue, Burnside, Christchurch 8053, New Zealand",-43.495388,172.5560607,South Island,Canterbury,+64 3 358 4748,https://russleygolfclub.co.nz/,4.4,260,"['Monday: 7:30\u202fAM\u2009–\u20096:00\u202fPM', 'Tuesday: 7:30\u202fAM\u2009–\u20096:00\u202fPM', 'Wednesday: 7:30\u202fAM\u2009–\u20096:00\u202fPM', 'Thursday: 7:30\u202fAM\u2009–\u20096:00\u202fPM', 'Friday: 7:30\u202fAM\u2009–\u20096:00\u202fPM', 'Saturday: 7:30\u202fAM\u2009–\u20096:00\u202fPM', 'Sunday: 7:30\u202fAM\u2009–\u20096:00\u202fPM']",https://maps.google.com/?cid=12839751819668143926&g_mp=CiVnb29nbGUubWFwcy5wbGFjZXMudjEuUGxhY2VzLkdldFBsYWNlEAIYBCAA,https://places.googleapis.com/v1/places/ChIJGSL5tc70MW0RNr9-h0D2L7I/photos/AcnlKN272THb1QxMmplLn-ZrOtpgLLZqYTvy5P0LzdgWMVpNzXYfILcctfNIFzF-riaHI-JULeTQmcPDvlA9crkeuyCobi6G35iQ8fCARw0N6QeYmy8X391EBSSHgNu7YCBLkx2vRpOUGODaj91eF_cuj0hyMyx0HLGAmgcP5ykuE9DHZIOW1nARW4pjRz062kVJNo4p_ZIc113qekmgyPGmwHSmeQdg7tVfDjzMtrU9ShhB3c42xoiV2_BJuNcd6N8yGRoCAuYPHEYqMTNlL7yJMw-PVix9FB4NbvVR4yLFBLzSqg/media?maxWidthPx=800&key=AIzaSyC8TIk0MnhD2IRSUvuND9nW3i6A344sGGI,"Golf club in Canterbury, South Island, offering a peaceful playing environment. Rated 4.4/5 (260 reviews) on Google.",35,80,"['coast', 'local', 'value']",
161,Shandon Golf Club,ChIJm28ggrWrOG0REO6bJGLvAA8,"467 Jackson Street, Petone, Lower Hutt 5012, New Zealand",-41.2280903,174.8959524,North Island,Wellington,+64 4 939 6305,http://shandongolf.co.nz/,4.4,240,"['Monday: 7:00\u202fAM\u2009–\u20096:00\u202fPM', 'Tuesday: 7:00\u202fAM\u2009–\u20096:00\u202fPM', 'Wednesday: 7:00\u202fAM\u2009–\u20096:00\u202fPM', 'Thursday: 7:00\u202fAM\u2009–\u20096:00\u202fPM', 'Friday: 7:00\u202fAM\u2009–\u20096:00\u202fPM', 'Saturday: 7:00\u202fAM\u2009–\u20096:00\u202fPM', 'Sunday: 7:00\u202fAM\u2009–\u20096:00\u202fPM']",https://maps.google.com/?cid=1081127115368951312&g_mp=CiVnb29nbGUubWFwcy5wbGFjZXMudjEuUGxhY2VzLkdldFBsYWNlEAIYBCAA,https://places.googleapis.com/v1/places/ChIJm28ggrWrOG0REO6bJGLvAA8/photos/AcnlKN1LJGPgP4YzF8xNYHiE4xp0UsC1J9JTSqBB4MzOVyZBgkbzOArDd1ftzVIEJQp9mmPy9mboh7Z60MiVl1B_61oUwNFoqrMfJ4YedDq2vpIHcwxGAUYY4Ms4Ng8KJqDP4a2wv2HLAkieO_PdGJOhVsM53QIFOEkAWhNQylEzRo_fO81yDpF2BsnoLPVdsPO0Q4Vguyme7nWoDShXNhLySTTLTAC4dmQkj0hLe2F6zo6_oj7Em6AaM0tJYNEQVxhh1DLAXLAZKEH6pU29Ro3HLwrg5QWcfX4jjyU0LOJw0LKGREau0rEgHDIxq3zNX8Oqf36cIEgf0zDpeFL2JUIZwm0QVW4biYH0CqwJyyww3vmfVnIHKk6dJAHXKxQidJcz7af2Dy7UYOFf1694ygIV61sZCj7hlucq9mjvEtQzPfS1n2g/media?maxWidthPx=800&key=AIzaSyC8TIk0MnhD2IRSUvuND9nW3i6A344sGGI,"Golf club in Wellington, North Island, offering a peaceful playing environment. Rated 4.4/5 (240 reviews) on Google.",35,80,"['coast', 'local', 'value']",
162,Sherwood Park Golf Club,ChIJrbJjX0qAC20RYO6bJGLvAA8,"Millington Road, Maunu, Whangārei 0179, New Zealand",-35.7373969,174.24788990000002,North Island,Northland,+64 9 434 6900,http://www.sherwoodparkgolf.co.nz/,4.6,134,"['Monday: 8:00\u202fAM\u2009–\u20095:00\u202fPM', 'Tuesday: 8:00\u202fAM\u2009–\u20095:00\u202fPM', 'Wednesday: 8:00\u202fAM\u2009–\u20095:00\u202fPM', 'Thursday: 8:00\u202fAM\u2009–\u20095:00\u202fPM', 'Friday: 8:00\u202fAM\u2009–\u20095:00\u202fPM', 'Saturday: 8:00\u202fAM\u2009–\u20095:00\u202fPM', 'Sunday: 8:00\u202fAM\u2009–\u20095:00\u202fPM']",https://maps.google.com/?cid=1081127115368951392&g_mp=CiVnb29nbGUubWFwcy5wbGFjZXMudjEuUGxhY2VzLkdldFBsYWNlEAIYBCAA,https://places.googleapis.com/v1/places/ChIJrbJjX0qAC20RYO6bJGLvAA8/photos/AcnlKN0lJugL_P5arV7AMWS-F4R9yq8B7-hKRe-TzW-vgTLNmhD5KwnNUNtqQ9zm1UEqsCvTeA5Z1_q8SvibtlVMXmZ6sfeqmADjN7FvcEKbu3CwWu62-P73BnQ-4W8yQrRCs-YsWTbcCPJMgvHqkmEn_lOT21gwuUSuJSFcvhrU7BBXHZQHeHOdmaLAf_R9DxZn0s9wsptTAsIJ1GAq-dKCJV1ozPvtdCbRx_w2LvrmPFxDBPrtEque0wgXPl3i22arX70URMMX3VLJ3iSsbkJ1-ZS3WhyAYyOv9egYTz_QzvFFd2stIzYxr16oecBGBhLcu45fDGdYOI0_kEOdkdf3izbUt3Ck3gpOO_oHmEEgE1tyXDQ9avwMD7vCCTLDpXuw501WSa3YPonvqsgpfnynRqUSH2vSY9LEBnNXN4r2ds4/media?maxWidthPx=800&key=AIzaSyC8TIk0MnhD2IRSUvuND9nW3i6A344sGGI,"Golf club in Northland, North Island, offering a peaceful playing environment. Rated 4.6/5 (134 reviews) on Google.",50,120,"['coast', 'local', 'mid']",
163,St Clair Golf Club,ChIJ_10XejGpLqgRVUDVX-CabEo,"St Clair, Dunedin 9012, New Zealand",-45.9105529,170.4747009,South Island,Otago,+64 3 487 7076,https://www.stclairgolf.co.nz/,4.6,155,"['Monday: 8:00\u202fAM\u2009–\u20095:00\u202fPM', 'Tuesday: 8:00\u202fAM\u2009–\u20095:00\u202fPM', 'Wednesday: 8:00\u202fAM\u2009–\u20095:00\u202fPM', 'Thursday: 8:00\u202fAM\u2009–\u20095:00\u202fPM', 'Friday: 8:00\u202fAM\u2009–\u20095:00\u202fPM', 'Saturday: 7:00\u202fAM\u2009–\u20094:30\u202fPM', 'Sunday: 7:00\u202fAM\u2009–\u20094:30\u202fPM']",https://maps.google.com/?cid=5362831544762581077&g_mp=CiVnb29nbGUubWFwcy5wbGFjZXMudjEuUGxhY2VzLkdldFBsYWNlEAIYBCAA,https://places.googleapis.com/v1/places/ChIJ_10XejGpLqgRVUDVX-CabEo/photos/AcnlKN3bUPsK_wts10l8c8GHUQRs7aukwAvWmuqSo8GtV6wbIN2oW-uKCCUUW19yXv-KiVuoP1uvJJZ33HoMRbOrVJHJetLqS43pNoAUPHLf-Bajfi5olvGEQCjWAojEAu04sfY-898mLX-PC9UFDmtttJDRnuuoRtW2x94upLDfxMLxaKvdI5WAlgDStJocTP44CEmRpZeBisjtopCKGNchr-2_yzF2QeZp7Zmg4dc-lC5Y7Fkiv-EbfcUcyBTi_a13x5p1HTmdKpCOBa48ZYHoMuj9WGNdp4d_5k7wz-CPE-DrRsld4gzMg11v2Ec1HGpWnC0jDRXQ2qbdNFQR4v9hBzn_KUi5689DZsJeB2sqwFy23C7B42HQG8-AhTO4W-S5k4s-vUVklreWkvAOJ10RQpGNzBei3DcL7sV2cC28uyFsAA/media?maxWidthPx=800&key=AIzaSyC8TIk0MnhD2IRSUvuND9nW3i6A344sGGI,"Golf club in Otago, South Island, offering a peaceful playing environment. Rated 4.6/5 (155 reviews) on Google.",80,180,"['coast', 'local', 'mid']",
164,St. Andrews of Hamilton Golf Club,ChIJKdorOYkibW0ReZC4ODUUgqI,"64 Saint Andrews Terrace, St Andrews, Hamilton 3200, New Zealand",-37.7517929,175.2581176,North Island,Waikato,+64 7 849 2069,http://www.standrews.co.nz/,4.5,347,"['Monday: 8:00\u202fAM\u2009–\u20095:00\u202fPM', 'Tuesday: 8:00\u202fAM\u2009–\u20095:00\u202fPM', 'Wednesday: 8:00\u202fAM\u2009–\u20095:00\u202fPM', 'Thursday: 8:00\u202fAM\u2009–\u20095:00\u202fPM', 'Friday: 8:00\u202fAM\u2009–\u20095:00\u202fPM', 'Saturday: 8:00\u202fAM\u2009–\u20095:00\u202fPM', 'Sunday: 8:00\u202fAM\u2009–\u20095:00\u202fPM']",https://maps.google.com/?cid=11709944199934152825&g_mp=CiVnb29nbGUubWFwcy5wbGFjZXMudjEuUGxhY2VzLkdldFBsYWNlEAIYBCAA,https://places.googleapis.com/v1/places/ChIJKdorOYkibW0ReZC4ODUUgqI/photos/AcnlKN1f0U2JxnjCfwKoyzBU5HXkVkhE7qn9CpGaKMwiAkKV20Cv0r5Tr34Y7m1pM4I4Yzb4zsTEa-h3CLNQuP3K6QJ5Z5TjkKCNLj9jCL0On-1rd38Fq7g-cwOSpGovyrjYk-Ym4-9jbHsMPmQfHUQ72oSGDb3muqAK6VP3COpYzQlh8gDssBwAppfZtOuYOdc9Tmlqp9psQJEo2sOihJa59FKmeU6XrwtfX7sVclETPAf6U7FJaYxT-ovo8VTiQ00ko02UOVkK2wXBvARmIe5uSTN3VRkBKn-LetAh87pgGnk_uA/media?maxWidthPx=800&key=AIzaSyC8TIk0MnhD2IRSUvuND9nW3i6A344sGGI,"Golf club in Waikato, North Island, offering a peaceful playing environment. Rated 4.5/5 (347 reviews) on Google.",50,120,"['coast', 'local', 'mid']",
165,Stratford Golf Club,ChIJ76vuwLgHFW0RbWnkDOZqqiY,"100 Pembroke Road, East, Stratford 4394, New Zealand",-39.3298032,174.2991032,North Island,Taranaki,,https://www.stratfordgolfclub.org/,4.4,66,,https://maps.google.com/?cid=2786156855773391213&g_mp=CiVnb29nbGUubWFwcy5wbGFjZXMudjEuUGxhY2VzLkdldFBsYWNlEAIYBCAA,https://places.googleapis.com/v1/places/ChIJ76vuwLgHFW0RbWnkDOZqqiY/photos/AcnlKN295iJrsL99GgRoHwu8jg0cmt8unLdsJj8gnT0jlgZU6z9YxceJoeGTEwUHySz8Ky43_hvbBN5lnswjr9WbiHkAeM9LIRnsrNxUPSbI6-OxtgY988DJHJE6GX_DeRlA35Qqcc8n8xnkXsnAaAtQuMjX2IfDQG9Aka5VxPeJho3jdkSnKsAWg6EysMbAqzxJY5o2h2mTCEZQyAoS5DlcIr5s-VNqlH4Zi99WVzfPOa8RuyXppOP-OLpuMiyfNR-N8rVbKR9sZFBj-sLxjQ3fSq4hjy_mqWgIt22a4MJtjz3NRw/media?maxWidthPx=800&key=AIzaSyC8TIk0MnhD2IRSUvuND9nW3i6A344sGGI,"Golf club in Taranaki, North Island, offering a peaceful playing environment. Rated 4.4/5 (66 reviews) on Google.",35,80,"['coast', 'local', 'value']",
166,Strathmore Golf Club,ChIJD2UmfMAcFW0R7LhixiSHwRk,"989 Makuri Road, Huiroa 4392, New Zealand",-39.2505854,174.45730179999998,North Island,Taranaki,,,4,3,,https://maps.google.com/?cid=1855913113470286060&g_mp=CiVnb29nbGUubWFwcy5wbGFjZXMudjEuUGxhY2VzLkdldFBsYWNlEAIYBCAA,https://places.googleapis.com/v1/places/ChIJD2UmfMAcFW0R7LhixiSHwRk/photos/AcnlKN36JDHeSNIYYYEOl-Att_6rEboTUujPsyXW4wy7TrKjZ03lfEckD9tPq2I1pf1yVV146F-H2n2pPVbo8Ap_-XE0WLhbYuUyLfAyCPBee1AqRU_FayDoKCi369kZLVHAJQIpUn4iYEkEE0kxNGGzQ-bMQHiWXYS6vlmY_DqdaeOpkRV-uwFtxbOV8-qJFJm497OmqnA6l_Y20EkfuEWKq12etRGq4BeKvWFyVNMUTaMam_qbTmdSrGFmXniXsbkBiNjHkXBLx06aD_ruzGvpmeog7c6GOiISJDEhbS_zvvZGsdv54MXyfZ6nFW8HCkRgFIJoGXlpFh-XE_fZaBpa01X0VAGbSk5bwvvgQEo7DkdSCCBTGBRtMPhU7j7A3kKYNDUNi6zIt9M4uhQB4LVH5_TYXefG_meANLRt7M38Y_NxNAzR_MEdOhXQtmmQm0A1/media?maxWidthPx=800&key=AIzaSyC8TIk0MnhD2IRSUvuND9nW3i6A344sGGI,"Golf club in Taranaki, North Island, offering a peaceful playing environment. Rated 4/5 (3 reviews) on Google.",35,80,"['coast', 'local', 'value']",
167,Summerhill Estate Golf Course,ChIJl1cwz_F3bm0RwwcaKnsc8jI,"23 Summerhill Drive, Papamoa 3187, New Zealand",-37.7601134,176.2571993,North Island,Bay of Plenty,+64 210 518 653,http://www.summerhillestate.co.nz/,4.7,213,"['Monday: 6:10\u202fAM\u2009–\u20098:30\u202fPM', 'Tuesday: 6:10\u202fAM\u2009–\u20098:30\u202fPM', 'Wednesday: 6:10\u202fAM\u2009–\u20098:30\u202fPM', 'Thursday: 6:10\u202fAM\u2009–\u20098:30\u202fPM', 'Friday: 6:10\u202fAM\u2009–\u20098:30\u202fPM', 'Saturday: 6:00\u202fAM\u2009–\u20098:30\u202fPM', 'Sunday: 6:10\u202fAM\u2009–\u20098:30\u202fPM']",https://maps.google.com/?cid=3671027961573279683&g_mp=CiVnb29nbGUubWFwcy5wbGFjZXMudjEuUGxhY2VzLkdldFBsYWNlEAIYBCAA,https://places.googleapis.com/v1/places/ChIJl1cwz_F3bm0RwwcaKnsc8jI/photos/AcnlKN1dah8tK3TKtVnxyzyiB_q08kdHbA6AroiX1xzibGlZiDdKyiy0F7Kr2OvKcVPazO9mn9--855w92OQZliGVXVpbmEyxmieNh6dS3v9K66p5V0KVRFeCu9cOhShoY0QA9mCA3IYnT4osKaIv3g3qjPaJKqNIty8CGf0bN5dBzZ9mJxPS5j4pIlB-20ci9XeH90pB6Ph0yJQb8IqTp3vdc3jSRraZMplgOX3lf_ausbdCcWfZSA-6sjW_DxxWx9E08t_g0QA8-P7a4XDKkZgQnt-dKxgRaP2dqhoiYxU9sDB6A/media?maxWidthPx=800&key=AIzaSyC8TIk0MnhD2IRSUvuND9nW3i6A344sGGI,"Golf course in Bay of Plenty, North Island, set against a scenic mountain backdrop. Rated 4.7/5 (213 reviews) on Google.",80,180,"['coast', 'local', 'mid']",
168,Tahuna Golf Club,ChIJb6984BoMbW0RzXfh-YS7HHY,"1799 Morrinsville-Tahuna Road, Tahuna 3373, New Zealand",-37.5026672,175.49357400000002,North Island,Waikato,+64 7 887 5861,https://www.tahunagolfclub.co.nz/,4.6,59,"['Monday: Open 24 hours', 'Tuesday: Open 24 hours', 'Wednesday: Open 24 hours', 'Thursday: Open 24 hours', 'Friday: Open 24 hours', 'Saturday: Open 24 hours', 'Sunday: Open 24 hours']",https://maps.google.com/?cid=8510883575625775053&g_mp=CiVnb29nbGUubWFwcy5wbGFjZXMudjEuUGxhY2VzLkdldFBsYWNlEAIYBCAA,https://places.googleapis.com/v1/places/ChIJb6984BoMbW0RzXfh-YS7HHY/photos/AcnlKN3PWrgl8c_pw2xPtBzpN92UZ1mPZjhxM2ojBLRfY8EZTIwpcpdc6ihCNG7MfUVFmKTGOU__-G5FsQfbP41biFZVIZBROgT9Vhow60v9s924BssUDFKQPoEIq5Hn9-mzhcu7iCo7qQWonZ1DB4K-gjMyVywMZRCulXcyNN0FCZd3eiR1-HWWsUV61Kf5ppdukkgP0kw7ufI2wEDx7HIrFe2PP1LyfdfxMugVQCDa0A0ipfK1O1YJJgFCyjXJBU7lIemY_Bi68UxwMEEKAiXrDS1UzylUN753MzVdL778fZGL3w/media?maxWidthPx=800&key=AIzaSyC8TIk0MnhD2IRSUvuND9nW3i6A344sGGI,"Golf club in Waikato, North Island, offering a peaceful playing environment. Rated 4.6/5 (59 reviews) on Google.",50,120,"['coast', 'local', 'mid']",
169,Tahunga Golf Club,ChIJCzfgwylVb20R68C2NQXz9Fs,"3285 Pehiri Road, Tahunga 4010, New Zealand",-38.619574799999995,177.5009168,North Island,Gisborne,+64 6 867 0803,https://www.facebook.com/tahungagolf/,4,4,,https://maps.google.com/?cid=6626188155470397675&g_mp=CiVnb29nbGUubWFwcy5wbGFjZXMudjEuUGxhY2VzLkdldFBsYWNlEAIYBCAA,https://places.googleapis.com/v1/places/ChIJCzfgwylVb20R68C2NQXz9Fs/photos/AcnlKN3GpoFcyIBN6ZbjhEfwfuLl6yqJmN9QY1yRVmczS0WZBs5oE3dpwUhoI7o4jIabvLx7owcqCgrBg4R4mfYmSWgfu21ROu475HbmMM1YA0lruSONp7LUEHs-HzzniU4BqKOeNUwiWDZFQ1m_o1NA-8y36SifDx3amWeXszhyQZ6IJcAMzBwr1zcF9pQClnzriTH3guW7QNbtnpriGiq7g2PACzTe1Q7-I_PTG_iYIByKlENGqBSrOg7TAH8bEqeamKRe7-NV8C71K9IqvJTvhrmS724tsXjfaLoP00vXOLkRcQ/media?maxWidthPx=800&key=AIzaSyC8TIk0MnhD2IRSUvuND9nW3i6A344sGGI,"Golf club in Gisborne, North Island, offering a peaceful playing environment. Rated 4/5 (4 reviews) on Google.",35,80,"['coast', 'local', 'value']",
170,Taieri Golf Club,ChIJ75XLELUBLKgRw91zavxJLwI,"92 Milners Road, North Taieri 9092, New Zealand",-45.8426864,170.383853,South Island,Otago,+64 3 489 7450,https://taierilakesgolf.co.nz/,4.7,57,"['Monday: 8:00\u202fAM\u2009–\u20095:00\u202fPM', 'Tuesday: 8:00\u202fAM\u2009–\u20095:00\u202fPM', 'Wednesday: 8:00\u202fAM\u2009–\u20095:00\u202fPM', 'Thursday: 8:00\u202fAM\u2009–\u20095:00\u202fPM', 'Friday: 8:00\u202fAM\u2009–\u20095:00\u202fPM', 'Saturday: 8:00\u202fAM\u2009–\u20095:00\u202fPM', 'Sunday: 8:00\u202fAM\u2009–\u20095:00\u202fPM']",https://maps.google.com/?cid=157425860447821251&g_mp=CiVnb29nbGUubWFwcy5wbGFjZXMudjEuUGxhY2VzLkdldFBsYWNlEAIYBCAA,https://places.googleapis.com/v1/places/ChIJ75XLELUBLKgRw91zavxJLwI/photos/AcnlKN1xl-hY9ElnOaovk9CC9zJC3C2DHyQ68r62d3BPc0tWgPjS59RjPa81OFUfYm7bswGgB5wLX3BxIevZoeGazDw2GMGIFbLq0XGvwArCDFb9ZAdg-8loKkvnb3qqeQepng99omM1sdliICisHNHGJhvOYyJdiZIXK8nGNEoZih2twkr4FUum0DRAGsQAgp2QKnpc-4cv-yWe7f4VFuC_9KDU2prs1I9svKrDBrvfAYh59lKEsUs1CUyaPqBMdHKCyTGvYhZPtJpginGd7to3bo1wqnfL-ji1671pLQBQBHb9VvGzgGA9CoVFpVFTrNZCT11iSh5nPZQZj5B_edkjV7aXVOmE3m-DXOJXIpQdVbhCzEh_yKsbDf9jJq7a_CmvKl_HJq9a_Z9_hbskSHkxp5erSOqqbee4K8cAbnE7lDWsUmhL2v29aWmq22TVoH0W/media?maxWidthPx=800&key=AIzaSyC8TIk0MnhD2IRSUvuND9nW3i6A344sGGI,"Golf club in Otago, South Island, offering a peaceful playing environment. Rated 4.7/5 (57 reviews) on Google.",80,180,"['coast', 'local', 'mid']",
171,Takaka Golf Club,ChIJ73XmpHaJPG0RRVSs1zhyKYQ,"Boyle Street, Clifton 7183, New Zealand",-40.833171799999995,172.8626098,South Island,Tasman,+64 3 525 9054,http://www.takakagolfclub.co.nz/,4.6,29,,https://maps.google.com/?cid=9523268475513754693&g_mp=CiVnb29nbGUubWFwcy5wbGFjZXMudjEuUGxhY2VzLkdldFBsYWNlEAIYBCAA,https://places.googleapis.com/v1/places/ChIJ73XmpHaJPG0RRVSs1zhyKYQ/photos/AcnlKN1L3_VDGvQLktKBX-FJtJ3UjfH33f86PkB7H1XJXxpJCe5auyUMKljmdADy0K4N0642lThn29AetHn56kqOt6f0F-7pH6ixkIM8fLJkTujazCkMqCJn4Yfg5GJQEC5EGFu_bERHiKEKX_s9eeCJBJnyujnbgYe_i5fBsbnSnE1GEvJT7B20MCIOAiPseL--aIz88ESjLHAW79Ff5ZXyNzNfXcAx9PPphwV3haxjK6o1wy8qWoqMeISDwiQMGJdIXM6qtS1l3AZDF3MzxIkqyXInRQh9aBy0_9V05hKGdjrrtX0G7ygcJfDfEA1SEl0A5kHIPn2nDucjllhl5U9ZLHPPtouzDsjcUxfRmwZM1GfOi9LkQO2QiS5WExu0urmimkAOLA8XF1tmAC8okOE7O2URkZ5p4x4Eyy6oXNLbY1C4zA/media?maxWidthPx=800&key=AIzaSyC8TIk0MnhD2IRSUvuND9nW3i6A344sGGI,"Golf club in Tasman, South Island, offering a peaceful playing environment. Rated 4.6/5 (29 reviews) on Google.",50,120,"['coast', 'local', 'mid']",
172,Tapanui Golf Course,ChIJHaZUrteVLKgRARhQhtkBDnU,"67 Tapanui-Raes Junction Highway, Tapanui 9587, New Zealand",-45.9362959,169.26193619999998,South Island,Otago,+64 274 986 956,,4.4,8,,https://maps.google.com/?cid=8434681185884444673&g_mp=CiVnb29nbGUubWFwcy5wbGFjZXMudjEuUGxhY2VzLkdldFBsYWNlEAIYBCAA,https://places.googleapis.com/v1/places/ChIJHaZUrteVLKgRARhQhtkBDnU/photos/AcnlKN26l8d_vNueO-0k8zfi2mSv7Wgz2PU_YT7fGXtYfLE0WrIxImsCP6FByclNL6PUfaJmhBgkzWow1z5dCrfnQBgyjAv6QVEvROgEL4wdq3CVMZSU0iNfbduXUI0XCQyx1SVeKjdSBpYx_VIfs9in6XDgURkL9MxnqHCL00qvS5DT1i_otPa5WQr2ZKXxil6mhV6631sGspjwhWoJUsTLuVrXS_eZbE436XWp-Cyfr9myJwr07O9wUI7YOHNL3NGu2CoFsn64mLMbfNLtmZ8yV5KfKfrsJu5gW5h3XkjYllZFFOYGcolOgmb5R_YBdKn41rfo1iW18zE2e5xkjFPHjNPz-DNSctuLJS4y7b6T0p1CfkBcOVBuMHFhqd83BcaVVETyzME98St-4o9QIbJekXQ4jXDR3ubpKOySjq4LKUZNLA/media?maxWidthPx=800&key=AIzaSyC8TIk0MnhD2IRSUvuND9nW3i6A344sGGI,"Golf course in Otago, South Island, offering a peaceful playing environment. Rated 4.4/5 (8 reviews) on Google.",35,80,"['coast', 'local', 'value']",
173,Tapora Golf Club,ChIJu8qdd5_4DG0RAi3wU17ld-s,"Okahukura Road, Tapora 0977, New Zealand",-36.3659262,174.27613789999998,North Island,Northland,+64 21 165 5346,http://www.taporagolf.co.nz/,4.7,20,"['Monday: 7:00\u202fAM\u2009–\u20097:00\u202fPM', 'Tuesday: 7:00\u202fAM\u2009–\u20097:00\u202fPM', 'Wednesday: 7:00\u202fAM\u2009–\u20097:00\u202fPM', 'Thursday: 7:00\u202fAM\u2009–\u20097:00\u202fPM', 'Friday: 7:00\u202fAM\u2009–\u20097:00\u202fPM', 'Saturday: 7:00\u202fAM\u2009–\u20097:00\u202fPM', 'Sunday: 7:00\u202fAM\u2009–\u20097:00\u202fPM']",https://maps.google.com/?cid=16967282314439568642&g_mp=CiVnb29nbGUubWFwcy5wbGFjZXMudjEuUGxhY2VzLkdldFBsYWNlEAIYBCAA,https://places.googleapis.com/v1/places/ChIJu8qdd5_4DG0RAi3wU17ld-s/photos/AcnlKN2-Ue29WeomHr5Jjo9Vh27UuB5t51UukrCFVyRQ-XhGOAWZo5nDq753zCl-pGtwu6Zaslg02kse40T6vrUivCmkjJZe-QwOsQZ2zpZg3PeBTgsbNTntkiNfNFRpyeDdUno62fo6hFpZh9hi22lAhkLhTdo8Q1TZIo4CA0UG2OCIp2u6HnW94GmfTtc3YFecTtXN6caNRutPt3PvgDLoppMuTGmzSNXffopbSRZ2cAqQmQe_1QFAJ8gm3Vc8ZQ3dIoc1Mg7VfZEZdigKJQPsy4Lq46uxy7ljARYIIIZ85Xgq1A/media?maxWidthPx=800&key=AIzaSyC8TIk0MnhD2IRSUvuND9nW3i6A344sGGI,"Golf club in Northland, North Island, offering a peaceful playing environment. Rated 4.7/5 (20 reviews) on Google.",50,120,"['coast', 'local', 'mid']",
174,Tara Iti Golf Club,ChIJVeYv_gnADG0RngczvniJGnM,"Mangawhai 0975, New Zealand",-36.1265157,174.616897,North Island,Northland,+64 9 431 4600,http://www.taraiti.com/,4.9,72,,https://maps.google.com/?cid=8294092815436285854&g_mp=CiVnb29nbGUubWFwcy5wbGFjZXMudjEuUGxhY2VzLkdldFBsYWNlEAIYBCAA,https://places.googleapis.com/v1/places/ChIJVeYv_gnADG0RngczvniJGnM/photos/AcnlKN1T1dMtdtvhcs6bjtOS7ACbpn_G0D4jYpYrjme8wfZ8Nv5YV1M_Nb6_ovE08ccOwjw4gksEIUZEYhcMc1CU0YywcAOFfiXgIEKj6BdoOlmMQ45OyLdMers5j2Ile580N7NV27rLr-G97gJv8gqbKBV6XsOXEkQkdigNS9OtWsyaS2rAfSSSdig5gbpDfODf4H_8vCnLzfeXjQFotyoUD03QEbNce481GkiLme6X8fm-F-X9b3vOK4wdLACIEJft6eTW7Ew-ynHGK9ifiarOdxBycdr1-7id6fEdVeEP2CwX-ZnlcC8Me0-LeWElhcL8y6oETqUcvAB5BkXY10Ty9ATwMf1ZYyysy6eVxHaYYD0VuZfe6zNpP4U7fy_-JQWHsDxFAwJUFtVqeRIn-_5yQZw5QwGiHq6wFDHZZG3Wgt6RiQ/media?maxWidthPx=800&key=AIzaSyC8TIk0MnhD2IRSUvuND9nW3i6A344sGGI,"Golf club in Northland, North Island, offering a peaceful playing environment. Rated 4.9/5 (72 reviews) on Google.",50,120,"['coast', 'local', 'mid']",
175,Taranaki Golf Centre,ChIJ60ovxSRRFG0RZw8mu-6qIB4,"24 Golf Course Lane, Bell Block, New Plymouth 4312, New Zealand",-39.041298,174.12548619999998,North Island,Taranaki,+64 6 755 0424,http://taranakigolfcentre.co.nz/,3.9,11,"['Monday: 9:00\u202fAM\u2009–\u20095:00\u202fPM', 'Tuesday: 8:00\u202fAM\u2009–\u20095:00\u202fPM', 'Wednesday: 8:00\u202fAM\u2009–\u20095:00\u202fPM', 'Thursday: 8:00\u202fAM\u2009–\u20095:00\u202fPM', 'Friday: 8:00\u202fAM\u2009–\u20095:00\u202fPM', 'Saturday: 8:00\u202fAM\u2009–\u20095:00\u202fPM', 'Sunday: 8:00\u202fAM\u2009–\u20095:00\u202fPM']",https://maps.google.com/?cid=2170922962711351143&g_mp=CiVnb29nbGUubWFwcy5wbGFjZXMudjEuUGxhY2VzLkdldFBsYWNlEAIYBCAA,https://places.googleapis.com/v1/places/ChIJ60ovxSRRFG0RZw8mu-6qIB4/photos/AcnlKN3dpSIfA5pq3qm6tGe9ln_FAna-UpifunG1P2x_UEIw3HZejJc6w9_Lnuh5mjojzdlQE7VA2ok0S6m71jP5StA9tZH623E_4OwK2gL59VhpRh_b0a79V4qgZ-yfDHHNRuWJ_Lv-z90Xx1IVCJegNGK_jSlgn6zxRsfm6jV4eIgHo8Ht4NkJiUt8L0xogK3sRGq6WIWn8eoERluAC4IHK5PUn_S6EHPe0PGgkG5q9gOCurNY7OOtNhhbBuzVP1-52or_rbf_iB_P87w_awYofWlLHjvPrBPQaXfQ2iiwoq5enQ/media?maxWidthPx=800&key=AIzaSyC8TIk0MnhD2IRSUvuND9nW3i6A344sGGI,"Golf course in Taranaki, North Island, offering a peaceful playing environment. Rated 3.9/5 (11 reviews) on Google.",25,60,"['coast', 'local', 'value']",
176,Tarras Golf Club,ChIJ2SdvaibPKqgRetT97PW73G8,"Highway, 3025 Lindis Pass-Tarras Road, Tarras 9383, New Zealand",-44.82479,169.42825159999998,South Island,Otago,+64 22 463 1691,https://www.tarrasgolf.org.nz/,3.9,14,,https://maps.google.com/?cid=8060524098003784826&g_mp=CiVnb29nbGUubWFwcy5wbGFjZXMudjEuUGxhY2VzLkdldFBsYWNlEAIYBCAA,https://places.googleapis.com/v1/places/ChIJ2SdvaibPKqgRetT97PW73G8/photos/AcnlKN1kwcYUQbxR8ffXVET1Qz07j6aBKk2t0JrSnj96aQ_nkf19HdC330meK2hzz8Daa0PH4tbVv8kQ0pggKyMbxmSj7tjG0_szuFW_1POpiR4U0hpZmPWL_wYLBI3qTgVL7xzZYx-nw6_02JQHus54QuMjhhxKLF0a0u_kC7hAjjGeZa3yCS59TJMHcWl_UD8cqyHuCnZbXG6Znsw0WLqh0vvP9X0ex7a1_vlURilvN9myRTGAwRNKYp7jpyFp3eAiwTvxx1UkkIWJLr-DSWd1-orQ01EC3TtwMJGUzag6aolALWJCqaKL0IxS9CqzsDVvjMODGzJEzIL_oIMU7o6kIIWgXumGYVDbUKhV7S4tUvU6SHsCyeK-Nh9-Qc13CS5Ubkhn-AwHJR_jFNL7XxLa7Gt_O-omUG5NwLYTwDb4rC6U_g/media?maxWidthPx=800&key=AIzaSyC8TIk0MnhD2IRSUvuND9nW3i6A344sGGI,"Golf club in Otago, South Island, offering a peaceful playing environment. Rated 3.9/5 (14 reviews) on Google.",25,60,"['coast', 'local', 'value']",
177,Tasman Golf Club,ChIJ1xju6XeFO20RdUdAbySYl1s,"128 Cliff Road, Tasman 7173, New Zealand",-41.193608999999995,173.0670682,South Island,Tasman,+64 3 526 6819,https://www.tasmangolfclub.com/,4.7,93,"['Monday: Open 24 hours', 'Tuesday: Open 24 hours', 'Wednesday: Open 24 hours', 'Thursday: Open 24 hours', 'Friday: Open 24 hours', 'Saturday: Open 24 hours', 'Sunday: Open 24 hours']",https://maps.google.com/?cid=6599911061187479413&g_mp=CiVnb29nbGUubWFwcy5wbGFjZXMudjEuUGxhY2VzLkdldFBsYWNlEAIYBCAA,https://places.googleapis.com/v1/places/ChIJ1xju6XeFO20RdUdAbySYl1s/photos/AcnlKN2dtXRjql_9og2w_yp6T-lDhbTf_W7i0jMk8ZRmNldCOnlktDe8jCuTnGHhIaa5yXzwLKoP-NvpZFXqSL0ZTloTvvsfb8z0rVyvvMk6fb9Fe_P15VBZwEukuU-XkOS4Cy2_ioNTGFNUcr2ly9VvSyD4iCCc6Yf8kavP6ms1x0qQetbOzFw-ovMWUxg_WCXtQ3YbKFS1_uayPfTDByWYLrYkbes5XihYzaPOkWTtc-3Rr4q8EbIElO2wNUCTvWmjKASvBvW4PqNUdQFG59O9knQndsJf3irmzlK4nVPQS3LxOY57stBJ-Z3Ra4vwcZA5HJSWzjRsf8ACFRfItn8VJUvOzN2w4XnQgD4Pq0fviHeNs1I3kU5pwVrSkZLiJSRk5SLvvOXyXGUPD6LhgJKMc-z5mQA7-GMb7NRE6BanZXRQ5w/media?maxWidthPx=800&key=AIzaSyC8TIk0MnhD2IRSUvuND9nW3i6A344sGGI,"Golf club in Tasman, South Island, featuring stunning coastal views. Rated 4.7/5 (93 reviews) on Google.",50,120,"['coast', 'local', 'mid']",
178,Taumarunui Golf Club,ChIJ1WEZRD9Aa20RjjkTHkJTxDE,"165 Golf Road, Taumarunui 3920, New Zealand",-38.8656382,175.25399969999998,North Island,Taranaki,+64 7 896 7257,https://www.taumarunuigolfclub.co.nz/,4.5,110,"['Monday: Open 24 hours', 'Tuesday: Open 24 hours', 'Wednesday: Open 24 hours', 'Thursday: Open 24 hours', 'Friday: Open 24 hours', 'Saturday: Open 24 hours', 'Sunday: Open 24 hours']",https://maps.google.com/?cid=3586082746731280782&g_mp=CiVnb29nbGUubWFwcy5wbGFjZXMudjEuUGxhY2VzLkdldFBsYWNlEAIYBCAA,https://places.googleapis.com/v1/places/ChIJ1WEZRD9Aa20RjjkTHkJTxDE/photos/AcnlKN3UW1BisjHS1GnOF5TkCIHVyI9tEHqjs0nbxiLIE1ntF_k5E2CFb1p-l52eOiQW1GvvbK_v5VxutQYnHFhoyzP4Xz0_a2UH4Qe_S6KriKYwO5sfFblUOG_2AVhRrMGaH37cMvOjB5ZSyuOYPW3ezaJqz9-dK0xa07qQptVTO8j4cb4q8B7xU1bVE_xpD7_NGb92EkrxTKteUFTfAs88XDWRvWecubDdKeTkieCQn4pGYdH2P4q7dy4X58YVwO5RhCFILbhPzONG4W8fOaA8Qj-N_mMsD6twnC7SOVOZm-SJkrtNeGTTyNF8NE4_ZmtEQSipGcjdeOcxYkbSrGfP5DfBem5WcRwvIWCxvGG47LPUyzyu1gkolhCNjM7yGbzHc7A_LfUNbzCBABqD9YQgoD0iiSM9IcPil1PFN5G0FSNK9g/media?maxWidthPx=800&key=AIzaSyC8TIk0MnhD2IRSUvuND9nW3i6A344sGGI,"Golf club in Taranaki, North Island, offering a peaceful playing environment. Rated 4.5/5 (110 reviews) on Google.",50,120,"['coast', 'local', 'mid']",
179,Tauranga Golf Club,ChIJI9_0gpHabW0R7VAyt9cI7p8,"1395 Cameron Road, Gate Pa, Tauranga 3142, New Zealand",-37.7279203,176.1208539,North Island,Bay of Plenty,+64 7 578 8465,http://www.taurangagolf.co.nz/,4.5,131,"['Monday: 7:30\u202fAM\u2009–\u20096:30\u202fPM', 'Tuesday: 7:30\u202fAM\u2009–\u20096:30\u202fPM', 'Wednesday: 7:30\u202fAM\u2009–\u20096:30\u202fPM', 'Thursday: 7:30\u202fAM\u2009–\u20096:30\u202fPM', 'Friday: 7:30\u202fAM\u2009–\u20096:30\u202fPM', 'Saturday: 7:30\u202fAM\u2009–\u20096:30\u202fPM', 'Sunday: 7:30\u202fAM\u2009–\u20096:30\u202fPM']",https://maps.google.com/?cid=11524158219072196845&g_mp=CiVnb29nbGUubWFwcy5wbGFjZXMudjEuUGxhY2VzLkdldFBsYWNlEAIYBCAA,https://places.googleapis.com/v1/places/ChIJI9_0gpHabW0R7VAyt9cI7p8/photos/AcnlKN3fnZGzBggelTFYWLdKwM33_qLfU9nuxgAH0xxRa0byKoHKh18Gr8zTxbSs8aWmzyP0tfWm92X3X22pvocf4ljezgDgPXUaFB7TSyJmpTuP8htD8RosXGVCNUn78I4BVu8v4YbczQYNXlkMcc8XN0Mz_iapYYH833htOx1QYpPVlFuYA7viyy6Z5J25tDuB1zwW057sKuhqrcuZYz1uj5yQ8qsukr65NPsZlQCqCqp4dHD5nK1xZggfdObC1-mZ6_qXx6v7fhTvNdfBIiK6DPrM2t_psFLAThxxCpzbitQJYg/media?maxWidthPx=800&key=AIzaSyC8TIk0MnhD2IRSUvuND9nW3i6A344sGGI,"Golf club in Bay of Plenty, North Island, offering a peaceful playing environment. Rated 4.5/5 (131 reviews) on Google.",80,180,"['coast', 'local', 'mid']",
180,Tawhero Golf Club,ChIJKTNik18BQG0RN9W10HzRk5Q,"24 York Street, Gonville, Whanganui 4501, New Zealand",-39.93814340000001,175.0226964,North Island,Manawatu-Wanganui,+64 6 344 5808,,4.4,82,"['Monday: 7:00\u202fAM\u2009–\u20095:30\u202fPM', 'Tuesday: 7:00\u202fAM\u2009–\u20095:30\u202fPM', 'Wednesday: 7:00\u202fAM\u2009–\u20095:30\u202fPM', 'Thursday: 7:00\u202fAM\u2009–\u20095:30\u202fPM', 'Friday: 7:00\u202fAM\u2009–\u20095:30\u202fPM', 'Saturday: 7:00\u202fAM\u2009–\u20095:30\u202fPM', 'Sunday: 7:00\u202fAM\u2009–\u20095:30\u202fPM']",https://maps.google.com/?cid=10706131073197528375&g_mp=CiVnb29nbGUubWFwcy5wbGFjZXMudjEuUGxhY2VzLkdldFBsYWNlEAIYBCAA,https://places.googleapis.com/v1/places/ChIJKTNik18BQG0RN9W10HzRk5Q/photos/AcnlKN0GK3GJjJ8aV6P3cVmKeUDLgGlaMMvydzYcsUOcoGPYs3PvYKEuFwO5PgTo8P9yynvshtPvs-T_zbt0Quj-qHgkuqhMBP-GdyMLsUTWKCQ1ROw_gisOpDUjylMBBl7orNHoy22hjFO8hjtjPPZYqH0_SDOyiLSBZfL7WdeOfXJALAHv5ViUiLzlA7-fgKqQg3XiWAD1HwPbgB5k2gVR60K-v-vYRmg0tnkc0quQ_4rjgcx5EEGWL6tZzT924ILmhMbdgt9Cw7UzbAkl6fO2jw4z72k2tJz5GQpjYWUKH3GLkpFXlRgf6AJ0Bmsk8zFrfMVD_1LPSUoZSpGK0yVRd59x7V_NSZBRYrAyW7q2oXJMD3ULJm2fsXsigk1B7J1wQl4oFLyEtpaTLzEPZwrsbJzahOYNxJmv18vOiJt6iVXQcBdEVCUf-uk1P1EKQlTm/media?maxWidthPx=800&key=AIzaSyC8TIk0MnhD2IRSUvuND9nW3i6A344sGGI,"Golf club in Manawatu-Wanganui, North Island, offering a peaceful playing environment. Rated 4.4/5 (82 reviews) on Google.",35,80,"['coast', 'local', 'value']",
181,Te Anau Golf Club,ChIJ48rFmx4P1KkRbp6_p51GvHM,"Golf Course Road, Te Anau 9679, New Zealand",-45.445079799999995,167.6963958,South Island,Southland,+64 22 620 6819,http://teanaugolf.co.nz/,4.7,70,"['Monday: 9:00\u202fAM\u2009–\u20095:30\u202fPM', 'Tuesday: 9:00\u202fAM\u2009–\u20095:30\u202fPM', 'Wednesday: 9:00\u202fAM\u2009–\u20095:30\u202fPM', 'Thursday: 9:00\u202fAM\u2009–\u20095:30\u202fPM', 'Friday: 9:00\u202fAM\u2009–\u20095:30\u202fPM', 'Saturday: 10:00\u202fAM\u2009–\u20096:30\u202fPM', 'Sunday: 9:00\u202fAM\u2009–\u20095:30\u202fPM']",https://maps.google.com/?cid=8339618252921478766&g_mp=CiVnb29nbGUubWFwcy5wbGFjZXMudjEuUGxhY2VzLkdldFBsYWNlEAIYBCAA,https://places.googleapis.com/v1/places/ChIJ48rFmx4P1KkRbp6_p51GvHM/photos/AcnlKN0XjB1boEe8qzHyhBxQ1KZcsk7kk5RA_fzQ5iMREEi2VLa1ZgbPy5Kj6uqTA7J4DnD1k1cfn58QTNUULvN4PB9vSPnvDx6HPg8FQlqx5t_RjqG1q0Clm_CfgpgwpLnHwZU8G9arnQtotgFUV0JAA2vDouGs99omcn12RUE_Gz-TF3zx2w3TVUrj81RAcAbIVpJByhj9CzFM9iMR_MHa63l2siYVr4sstXoDLjtCjpuyTjJ54t_NHxXFznivAtNpwd6-7bfYUutypfcH14gCpU7FC3B2ykqbTmwzaEHhO2wY8bJ0jo0egxytW9CpI_CEShSGFYuxe7T1lPMBqgA75brRUyDH0tqLTluxH87h2j8HDylBfI7HSC7KPDCu5okUAGIdan6UezXeKk7EcS9sHgX7ALHl62JTUb-4NRe-ZLQGRwVzpHuJtSRgS4AAw3LU/media?maxWidthPx=800&key=AIzaSyC8TIk0MnhD2IRSUvuND9nW3i6A344sGGI,"Golf club in Southland, South Island, offering a peaceful playing environment. Rated 4.7/5 (70 reviews) on Google.",50,120,"['coast', 'local', 'mid']",
182,Te Arai Links,ChIJO1EWhAjBDG0RAJSCbC7lg2g,"11 Te Ara Whenua Miharo Kotiti, Tomarata 0975, New Zealand",-36.1934223,174.66579199999998,North Island,Northland,+64 9 883 4600,http://www.tearai.com/,4.8,230,"['Monday: Open 24 hours', 'Tuesday: Open 24 hours', 'Wednesday: Open 24 hours', 'Thursday: Open 24 hours', 'Friday: Open 24 hours', 'Saturday: Open 24 hours', 'Sunday: Open 24 hours']",https://maps.google.com/?cid=7531114989445354496&g_mp=CiVnb29nbGUubWFwcy5wbGFjZXMudjEuUGxhY2VzLkdldFBsYWNlEAIYBCAA,https://places.googleapis.com/v1/places/ChIJO1EWhAjBDG0RAJSCbC7lg2g/photos/AcnlKN19f6g182voDgFQdjZBt0Qxen0WDWyWC_2mA6Y86p0SCLByG0Bd_aPeBmAFWQHLni5Vtwgq10kRcipj_QlGRVNqVVyG5ijzFcif7SmBYhRQnwdw2aEB7jqiWKlTsiWf4YcxNMK-FSxGm4RbM2IJPmr_O9zfAaiydRuULXqJQLJYobzPNM6isF0JMsQjHLARDFTUMM2nEElB7ZeBgjhj98azfVAunlJTeMyFVQKKEnZ5ISDhbXeJyxxv14_tsfDvZvUkkvZ8Tu5loalU0VfhGE7X_Fn1jgzk5HkfRx8_Y5nvfFg6VjamjaFg8YEgnlOVxMbUirfluSdVNr4XI3diNKcJmFG2lsFxPAc06wWO2PVdJ6JpYEEK9i5nCSt4cGKnyB7Lc9Dozbh-plUex4PEjpcK-ffnq5jeycKYwRnZjWEMDZtnCGd76DEcXfmIDLjx/media?maxWidthPx=800&key=AIzaSyC8TIk0MnhD2IRSUvuND9nW3i6A344sGGI,"Links-style in Northland, North Island, offering a peaceful playing environment. Rated 4.8/5 (230 reviews) on Google.",150,400,"['coast', 'links', 'premium']",
183,Te Awamutu Golf Club,ChIJmXPT1kLmbG0R8XvCP7WiJh8,"2293 Kihikihi Road, Te Awamutu 3800, New Zealand",-38.029347300000005,175.3386799,North Island,Waikato,+64 7 871 5661,http://www.teawamutugolf.co.nz/,4.6,160,"['Monday: 8:00\u202fAM\u2009–\u20095:00\u202fPM', 'Tuesday: 8:00\u202fAM\u2009–\u20095:00\u202fPM', 'Wednesday: 8:00\u202fAM\u2009–\u20095:00\u202fPM', 'Thursday: 8:00\u202fAM\u2009–\u20095:00\u202fPM', 'Friday: 8:00\u202fAM\u2009–\u20095:00\u202fPM', 'Saturday: 8:00\u202fAM\u2009–\u20095:00\u202fPM', 'Sunday: 8:00\u202fAM\u2009–\u20095:00\u202fPM']",https://maps.google.com/?cid=2244660363633261553&g_mp=CiVnb29nbGUubWFwcy5wbGFjZXMudjEuUGxhY2VzLkdldFBsYWNlEAIYBCAA,https://places.googleapis.com/v1/places/ChIJmXPT1kLmbG0R8XvCP7WiJh8/photos/AcnlKN1uzGGFtkWXg9BNwPiSQRA7zWtHbvJESMdlzxx1zc17ryfXtV8JGE55jkGEb5AtdXN8T1wZDzZ4UQZMW1OJeSUSXNz9lOvnDkxq22Hf09PBDfJUkli5W4mXdlUl9WLjJLrMSLJ_6fop53XbjtRUltgZBs7PUUNG59oJUj5z6GklgZNeG22D0ZTeqjbwzyJdLIQgJSTaxeXxXjSmv_eiy_Wm1M7AMi3re6m3tlAn5p8YHo_zu1Ap2nFNdcVfZ_Fkk9GrCeRDALRdK3jLM2Bk7VVLvo7M5lsQrLLZb6dV13-umjttQRaL8JGZSZ4_4bfpRS_IypIeV5vDF8P77ZkRoKq55Qb80-7WqAENOtfd4FNPKMbUARBEAKmxktpZpAkyKc8GXDDiZ6TxavlPaXiKMUZN2xCx_c4di6LVbzcg_9iliQ/media?maxWidthPx=800&key=AIzaSyC8TIk0MnhD2IRSUvuND9nW3i6A344sGGI,"Golf club in Waikato, North Island, offering a peaceful playing environment. Rated 4.6/5 (160 reviews) on Google.",50,120,"['coast', 'local', 'mid']",
184,Te Kauwhata Golf Course,ChIJmbc4TONEbW0Rwp_U4WIba6o,"66 Waerenga Road, Te Kauwhata 3710, New Zealand",-37.4007704,175.152253,North Island,Waikato,+64 7 826 3574,,4.8,4,"['Monday: 8:30\u202fAM\u2009–\u20095:00\u202fPM', 'Tuesday: 8:30\u202fAM\u2009–\u20095:00\u202fPM', 'Wednesday: 8:30\u202fAM\u2009–\u20095:00\u202fPM', 'Thursday: 8:30\u202fAM\u2009–\u20095:00\u202fPM', 'Friday: 8:30\u202fAM\u2009–\u20095:00\u202fPM', 'Saturday: 7:30\u202fAM\u2009–\u20095:00\u202fPM', 'Sunday: 8:30\u202fAM\u2009–\u20095:00\u202fPM']",https://maps.google.com/?cid=12279938920465342402&g_mp=CiVnb29nbGUubWFwcy5wbGFjZXMudjEuUGxhY2VzLkdldFBsYWNlEAIYBCAA,https://places.googleapis.com/v1/places/ChIJmbc4TONEbW0Rwp_U4WIba6o/photos/AcnlKN0P5SUz9FURLR0JAVf1GXJSpd67_6D3hNcEtEuzHr8ifqaaJytS3XJEe-fCDkOSVtMDSNNHWNHAsPR2Lxm5gnXIhmRPmZEf8wyKpZuXeCGsAy-7iVxOjOobA-9x4KCDZ0ow3-N-zzlgeCJQ_IcyNL0uDbn6W8XTDTi6S-fWkcPjThB2XdMoi_jh04alubkqHQ7PcmtDg8gEdek5ZqDt9D1P_PQGmMzfRCK4rv0iBbtyA5vh7aNkS-bPKnei3-H7YILMjulGyWwBznDARNhpyRh5TrDwc8y06XOuyWaWNchxQP7SWI_hMjRhRuFToXtwGhBfB-lBDwaPiDx9g5IoXoACiZOXJ6MeIkjaUergRmDSAziNgBRmI5moNaTSVla4Z3GVi5QjDQY6xF_FLnlbStxqg9xHfdf2a5RwjaME30m9tUrmN_h0EqkAQmW53Wzq/media?maxWidthPx=800&key=AIzaSyC8TIk0MnhD2IRSUvuND9nW3i6A344sGGI,"Golf course in Waikato, North Island, offering a peaceful playing environment. Rated 4.8/5 (4 reviews) on Google.",50,120,"['coast', 'local', 'mid']",
185,Te Kowhai Golf Club,ChIJQZmuu4ImbW0RQOybJGLvAA8,"Whatawhata 3289, New Zealand",-37.7949629,175.157673,North Island,Waikato,+64 7 829 8703,https://www.tekowhaigolf.co.nz/,4.2,71,"['Monday: 3:00\u2009–\u200910:00\u202fPM', 'Tuesday: 3:00\u2009–\u200910:00\u202fPM', 'Wednesday: 3:00\u2009–\u200910:00\u202fPM', 'Thursday: 3:00\u2009–\u200910:00\u202fPM', 'Friday: 3:00\u2009–\u200910:00\u202fPM', 'Saturday: 3:00\u2009–\u200910:00\u202fPM', 'Sunday: 3:00\u2009–\u200910:00\u202fPM']",https://maps.google.com/?cid=1081127115368950848&g_mp=CiVnb29nbGUubWFwcy5wbGFjZXMudjEuUGxhY2VzLkdldFBsYWNlEAIYBCAA,https://places.googleapis.com/v1/places/ChIJQZmuu4ImbW0RQOybJGLvAA8/photos/AcnlKN2AnuZI4eyidCCXBmZwuBL0pFFp_T_ItxjNFcLVO9-lq0ZBVySbXCWi_X5XNzvx6LoWf7HVOae4KlOzwNa2nLD6O7A1rBuJrMVBzhaqG99DXTM8jhN5XWgiX-rS2XJRp012oB1_ZlX5qwCzCcoSz-nSLeyUJFEF1F7gFyXaKvMGjz5QFKw9Esc7WpBxkag2ckg-ulTRezea5NZhQXhC_OWqqMLgikt-swyc1YhtwgNqQUoaNIHOi4SLO70jVCoYvyO5pgfvNH24Uo2-uJU-OFiDvQhqZCIPSbR-Vxm6-l5aLQAw7NiueLJ2u0UBqTOjZ6VfW3EQ174OafL53q972qpjvHruNThBMC4OnXdvgvyncEC004fAI9UGYQW2xaNgOYkMH3JNGkQ2FUqJj-icenq1b__v4grgxyNWBybukiPvrQ/media?maxWidthPx=800&key=AIzaSyC8TIk0MnhD2IRSUvuND9nW3i6A344sGGI,"Golf club in Waikato, North Island, offering a peaceful playing environment. Rated 4.2/5 (71 reviews) on Google.",35,80,"['coast', 'local', 'value']",
186,Te Ngutu Golf Club,ChIJWR0oNOafFW0RUO6bJGLvAA8,"246 Katene Road, Normanby 4675, New Zealand",-39.527546099999995,174.25819750000002,North Island,Taranaki,+64 6 272 8039,https://www.taranakigolf.co.nz/clubs/te-ngutu/,4.6,74,,https://maps.google.com/?cid=1081127115368951376&g_mp=CiVnb29nbGUubWFwcy5wbGFjZXMudjEuUGxhY2VzLkdldFBsYWNlEAIYBCAA,https://places.googleapis.com/v1/places/ChIJWR0oNOafFW0RUO6bJGLvAA8/photos/AcnlKN1eTfaft0_43HQ-lVBfkG1FUPo-frsrhlQ9xVMmhzH4kAOt9eWUuXuJPxlP9moDleZjpWbmUkk7Klw8o4dwgnH-D9zTL9ZoFIm2vyuF1q01toFuCOcrCBMgodtAN4BA9qAHYtfhzWoMi-tJeQyg-264CEBGH_2YlSZQztJOI91edlBoZSgJLvI6apR1YxmjpBlKSZcZ9IT4tSDetnQyLpV3DMYx1L0oeogMWST-Taov-9Z0bJabYv4JgIfvi5s-MySKMN9FryK-zF1RuGFfmoqrJD-5PPyXx7FkrIQ6_sfgaOb4Y40oL0cdLKBhUUExbbOtgiWm-mnD-1oErBgOvaCDY1EtF2ofSMa78By4HtPljclQikqNfmmkTBrAfRPb7hJIQfdU2VGmTa0On05eOA2ULNbGH7GST_5xcN0YUb44qGk/media?maxWidthPx=800&key=AIzaSyC8TIk0MnhD2IRSUvuND9nW3i6A344sGGI,"Golf club in Taranaki, North Island, offering a peaceful playing environment. Rated 4.6/5 (74 reviews) on Google.",50,120,"['coast', 'local', 'mid']",
187,Te Pohue Golf Club,ChIJGSIOS88JaW0R5XjQKYUekUg,"2885 State Highway 5, Te Pōhue 4182, New Zealand",-39.256480599999996,176.69281859999998,North Island,Hawke's Bay,,,4.5,13,,https://maps.google.com/?cid=5228994199634868453&g_mp=CiVnb29nbGUubWFwcy5wbGFjZXMudjEuUGxhY2VzLkdldFBsYWNlEAIYBCAA,https://places.googleapis.com/v1/places/ChIJGSIOS88JaW0R5XjQKYUekUg/photos/AcnlKN0FquZGx4QnBK-B8ZTaJeTYOqb4WNBox3NouUW0XVHhHqo8yvjX99HY7lvktrd5z_dJDBzpMwbkM-YY8fsM_asWqCX6WSXHJiJQ63pfyQZt4RGedYY26kzrLLGAVDhMJO5lrxAbjfef1P9Us7UAenGzARE56D1mtE-v4GM8dMUiVASWeNWpPp1f9-fCSfx4Aw3IqYqbGQwD2bPRZmCQMcS6WJCQJIY9em-wwIKrYZCAVllujzeCJDFhNnqJBNyKqglRTrwmfoZe_CHj9jJDQmu31HzKGOMSygHJwdB11BvD1oVCvXxomPmX8MUYXCiIVPu2XXC7OFoE4kV04tU1q-gEAE8EvfVmGOKcYE5oXpQTy5CUwrOpPK1V2g10jGq6L-rdkNJmyQdz87ryrGaY2_9hqXZCF4zKcQ0ww5FAdTpGNE84/media?maxWidthPx=800&key=AIzaSyC8TIk0MnhD2IRSUvuND9nW3i6A344sGGI,"Golf club in Hawke's Bay, North Island, offering a peaceful playing environment. Rated 4.5/5 (13 reviews) on Google.",80,180,"['coast', 'local', 'mid']",
188,Te Puke Golf Club,ChIJBX71lyZ7bm0R8O2bJGLvAA8,"847 SH2, Papamoa Beach, Paengaroa 3186, New Zealand",-37.8042447,176.4046846,North Island,Bay of Plenty,+64 7 533 1115,http://www.tepukegolfclub.co.nz/,4.5,319,"['Monday: 7:00\u202fAM\u2009–\u20095:00\u202fPM', 'Tuesday: 7:00\u202fAM\u2009–\u20095:00\u202fPM', 'Wednesday: 7:00\u202fAM\u2009–\u20095:00\u202fPM', 'Thursday: 7:00\u202fAM\u2009–\u20095:00\u202fPM', 'Friday: 7:00\u202fAM\u2009–\u20095:00\u202fPM', 'Saturday: 7:00\u202fAM\u2009–\u20095:00\u202fPM', 'Sunday: 7:00\u202fAM\u2009–\u20095:00\u202fPM']",https://maps.google.com/?cid=1081127115368951280&g_mp=CiVnb29nbGUubWFwcy5wbGFjZXMudjEuUGxhY2VzLkdldFBsYWNlEAIYBCAA,https://places.googleapis.com/v1/places/ChIJBX71lyZ7bm0R8O2bJGLvAA8/photos/AcnlKN0MPs55HEllk-0IXdTZx19u75i8l9UJMWZyt9JcDJKOyJpBWHk_ZMx4tquA22MWYaAn8y_DmQCWQ513Jn7AzxNBoioluO9Dr8DbzV1Jk-HPY0ICvXQNAVgpCf5a6l3zaW4n2uNwmLe75twPJ0px3UfCYaS50uXO_bY-BGjw3jz9WfTktCmApg5m-HK80P3IEIPiIimh0FMxzdjh-DqQEYX2hlV6z1ZEViV-EhoVFu9cakMuo9HSvj7vl0YDHBKsXPq0SWA-0OdHfXagp1HReN-bmZ9p-RjSZl-xLH_YoI8r0g/media?maxWidthPx=800&key=AIzaSyC8TIk0MnhD2IRSUvuND9nW3i6A344sGGI,"Golf club in Bay of Plenty, North Island, featuring stunning coastal views. Rated 4.5/5 (319 reviews) on Google.",80,180,"['coast', 'local', 'mid']",
189,Te Teko Golf Club,ChIJ6War7qP7bm0RWfSkInnn5Qg,"Tahuna Road, Te Teko 3192, New Zealand",-38.0540046,176.7964782,North Island,Bay of Plenty,,,4.4,30,"['Monday: 6:00\u202fAM\u2009–\u20097:30\u202fPM', 'Tuesday: 6:00\u202fAM\u2009–\u20097:30\u202fPM', 'Wednesday: 6:00\u202fAM\u2009–\u20097:30\u202fPM', 'Thursday: 6:00\u202fAM\u2009–\u20097:30\u202fPM', 'Friday: 6:00\u202fAM\u2009–\u20097:30\u202fPM', 'Saturday: 6:00\u202fAM\u2009–\u20097:30\u202fPM', 'Sunday: 6:00\u202fAM\u2009–\u20097:30\u202fPM']",https://maps.google.com/?cid=641173029428458585&g_mp=CiVnb29nbGUubWFwcy5wbGFjZXMudjEuUGxhY2VzLkdldFBsYWNlEAIYBCAA,https://places.googleapis.com/v1/places/ChIJ6War7qP7bm0RWfSkInnn5Qg/photos/AcnlKN2MIC3vvp2l64rCw1Y2owgbsInTaN7IUPO3D6vtUfKb4ONWcVYRKvrTL-zRooW6OQkiM2HcaN-l_fi1DSqmLehKX6hrWVAc6JPjS3my6Aw27bJfsjEDhpgqOP27Rj4_hI-TW_PC4ih-vl7Gxg7oqGalP769YwFlKyGbbSmY8-wwaVw2e0u62_5RS_HTjM58xWcssBFS4nd3kgpQ_Kp756m-a_CpDlOrNgMX3GNOvC8grvXY_2nwW028cLHH_IF4HNWBRom05pKiBDeqZlKr4radEgkVtMbtpHSbAsmndyAtt2bvUSaMWeuSPyTW-_YtLMRccwOxVlz1c619PEeRJcM8DOUo6gcMCSpXjbHPi_ADxjQyKtVJLjbaJde1AUCmM8I7WPl7S1ifzheH1EB3DPlbtvMO3ChGHv0SZQz9-5w/media?maxWidthPx=800&key=AIzaSyC8TIk0MnhD2IRSUvuND9nW3i6A344sGGI,"Golf club in Bay of Plenty, North Island, offering a peaceful playing environment. Rated 4.4/5 (30 reviews) on Google.",35,80,"['coast', 'local', 'value']",
190,The Hamurana Golf Club,ChIJY5T5oXeCbm0RD6vPDhpP7Co,"773 Hamurana Road, Hamurana 3072, New Zealand",-38.033462500000006,176.2579956,North Island,Bay of Plenty,+64 800 426 872,https://www.hamurana.co.nz/,4.6,155,"['Monday: Closed', 'Tuesday: 9:00\u202fAM\u2009–\u20095:00\u202fPM', 'Wednesday: 9:00\u202fAM\u2009–\u20095:00\u202fPM', 'Thursday: 9:00\u202fAM\u2009–\u20095:00\u202fPM', 'Friday: 9:00\u202fAM\u2009–\u20095:00\u202fPM', 'Saturday: 8:00\u202fAM\u2009–\u20095:00\u202fPM', 'Sunday: 8:00\u202fAM\u2009–\u20095:00\u202fPM']",https://maps.google.com/?cid=3092934017432922895&g_mp=CiVnb29nbGUubWFwcy5wbGFjZXMudjEuUGxhY2VzLkdldFBsYWNlEAIYBCAA,https://places.googleapis.com/v1/places/ChIJY5T5oXeCbm0RD6vPDhpP7Co/photos/AcnlKN2PVjDHwnWeBqXe38Ls8RUFSoloWp57lJP-pPU_eaVvXHk_4dJ-cIDDMcqpU3WRrZTBsHREIFL6FNTTMafuyjyjDwxR8b7uQHz1s7wb7vQi-jUWl3ttCs22XMyeG7MhRbrLPgODJgKhQUf6HS50l3yQkoodYjpYmp1y8enmEEUA4kBjkT4321iiyXDa_3bHPnIdJxfOvLTFRgSa9p_otLIfqm8RT1uQugP3hOmB2N_3ae4t3t4SufKg_eugmszlB3ElGH9fve1v1TRSTPYdG_eB_BXBb8SOLfdZ7SJfLr6oZYDMU6VJFHzcV5LEw96FQPXVKJ0wANrmFXiUAEI6JY18FFsNzKISymwqMDMlwn9n1JEHI89ORtil_Fw9lnEjFJfjSacjhfb1Vvln9c7yw_2-SD_ul127HjKC6TR04ZrErg/media?maxWidthPx=800&key=AIzaSyC8TIk0MnhD2IRSUvuND9nW3i6A344sGGI,"Golf club in Bay of Plenty, North Island, offering a peaceful playing environment. Rated 4.6/5 (155 reviews) on Google.",80,180,"['coast', 'local', 'mid']",
191,The Hills Golf Club,ChIJo6Xje3Ei1akRJB6lpVMR2No,"Rapid 164 McDonnell Road, Arrowtown 9351, New Zealand",-44.954362599999996,168.83797479999998,South Island,Otago,+64 3 409 8290,http://www.thehills.co.nz/,4.8,97,"['Monday: 8:00\u202fAM\u2009–\u20096:00\u202fPM', 'Tuesday: 8:00\u202fAM\u2009–\u20096:00\u202fPM', 'Wednesday: 8:00\u202fAM\u2009–\u20096:00\u202fPM', 'Thursday: 8:00\u202fAM\u2009–\u20096:00\u202fPM', 'Friday: 8:00\u202fAM\u2009–\u20096:00\u202fPM', 'Saturday: 8:00\u202fAM\u2009–\u20096:00\u202fPM', 'Sunday: 8:00\u202fAM\u2009–\u20096:00\u202fPM']",https://maps.google.com/?cid=15769373146196811300&g_mp=CiVnb29nbGUubWFwcy5wbGFjZXMudjEuUGxhY2VzLkdldFBsYWNlEAIYBCAA,https://places.googleapis.com/v1/places/ChIJo6Xje3Ei1akRJB6lpVMR2No/photos/AcnlKN3dbu0khRat1QX1QN-AcqPSl3UrwxnyuLfMjmw0Oa6ixe2FdF3OHtf0wzf2HBdt4XcMC0_VRO20KM9kcpTw-OqKYqeAH7_oCj4wi8AWjMV9MIUZx-6fL-kWfdY04o7I7LtyMvSWO_xS-5MNXqntT8X_5hLmDvLs_bUXkcxt5M0MxD1hSEBH6igrlxWCAHDB4G5EEu4vaElizsYx-kwqoWvzLOoo__ZmZbpposWOIPIC6jeEC-tJsgRpKaJcPiJ9bkdeINqF8-nqUa2ScnK-4lkx4CBdJ4QRBiPoGvLRZOrR8TnMC-N7Q_kET6aGJt3VpmkUIaEA2mWZlKp0Y64bG5HVBggfgQx3Mh5m660l3xTxO2Cu8RuQFNd0ihiLqNUAQ9CUndW9YJ63UXugk5zqDifFWo1lJOEWfHFOnsJq5UDTECHa/media?maxWidthPx=800&key=AIzaSyC8TIk0MnhD2IRSUvuND9nW3i6A344sGGI,"Picturesque golf course known for its mountain views, airy club house & modernist sculptures.",80,180,"['local', 'mid', 'mountain']",
192,The Morgans Golf Course,ChIJ6dk9sx5WP20RK4njiAQGUwU,"322B Paekakariki Hill Road, Pāuatahanui 5381, New Zealand",-41.080497099999995,174.9252847,North Island,Wellington,+64 4 237 9027,http://themorgans.co.nz/,4.6,65,"['Monday: 8:00\u202fAM\u2009–\u20096:00\u202fPM', 'Tuesday: 8:00\u202fAM\u2009–\u20096:00\u202fPM', 'Wednesday: 8:00\u202fAM\u2009–\u20096:00\u202fPM', 'Thursday: 8:00\u202fAM\u2009–\u20096:00\u202fPM', 'Friday: 8:00\u202fAM\u2009–\u20096:00\u202fPM', 'Saturday: 8:00\u202fAM\u2009–\u20096:00\u202fPM', 'Sunday: 8:00\u202fAM\u2009–\u20096:00\u202fPM']",https://maps.google.com/?cid=383657009802873131&g_mp=CiVnb29nbGUubWFwcy5wbGFjZXMudjEuUGxhY2VzLkdldFBsYWNlEAIYBCAA,https://places.googleapis.com/v1/places/ChIJ6dk9sx5WP20RK4njiAQGUwU/photos/AcnlKN3llBnFs0mCcrOhrxFzQ8m0D_3rW0O_L48MSmrYX0byfi0J2D050Q3dTe1ZCuYuYdCH-96HTrXQljVuD2DXZNvkjGKkwhRAhLEX968DccdgCocYGUX2LGb6IUyNrGHthW77MyxquWUhQy_7zY235n1Ouw0oPBmsPv0wHskZff1r9jFr5CofR7C4mJEEqrabKvfVGRZr6zeUB4w8AznBJod4ea98MDsf8hbX-t7qQ-mE0TZUCqS2C0ckq4BTVcNBH9-NF6ml9M2lYAsu6wCKsnVzyVY018jDEgYPXubIgu8iT-5FTEWdHOGoImOVXnZPKtR_2Wnx-kSkYGIhFWF0xJD0rB_3kAFgM7LTCyOnHfok4i6nr3VGebTbLp8PS9zcePtsbwQnxPWVHOQnThtHv23wwgaVjwiLxeG0pc-MReo/media?maxWidthPx=800&key=AIzaSyC8TIk0MnhD2IRSUvuND9nW3i6A344sGGI,"Golf course in Wellington, North Island, set against a scenic mountain backdrop. Rated 4.6/5 (65 reviews) on Google.",50,120,"['coast', 'local', 'mid']",
193,The Pines Golf Club,ChIJBdakWld9C20RebKH2YvrLgI,"750 Whangarei Heads Road, Onerahi, Tamaterau 0110, New Zealand",-35.7788901,174.42674459999998,North Island,Northland,+64 9 436 2246,http://pinesgolfclub.co.nz/,4.5,92,"['Monday: 9:00\u202fAM\u2009–\u20095:00\u202fPM', 'Tuesday: 9:00\u202fAM\u2009–\u20095:00\u202fPM', 'Wednesday: 9:00\u202fAM\u2009–\u20095:00\u202fPM', 'Thursday: 9:00\u202fAM\u2009–\u20095:00\u202fPM', 'Friday: 9:00\u202fAM\u2009–\u20095:00\u202fPM', 'Saturday: 9:00\u202fAM\u2009–\u20095:00\u202fPM', 'Sunday: 9:00\u202fAM\u2009–\u20095:00\u202fPM']",https://maps.google.com/?cid=157322022887076473&g_mp=CiVnb29nbGUubWFwcy5wbGFjZXMudjEuUGxhY2VzLkdldFBsYWNlEAIYBCAA,https://places.googleapis.com/v1/places/ChIJBdakWld9C20RebKH2YvrLgI/photos/AcnlKN00gg_LfHzTPhKCDsc4yxQVrufb3eOH9nQMTjozZfQOTU8wtmMPzltv5a-Qej1YjYnsxn0vA2bWM5xUbamwhBfvFt5tLFCPYmKl8ItrhBkoODOYVCmslCd-djrqxfmPL4rQvrNRUssgbh1ui8C7GEnn0Cuh-LSGd8Kq1tUoqwempzkgOvACJF2iaOyIjYJFZXI4rv9j1mkv0ZlSds2vUjltcA7khsBRvu-QjnUnDAEWLGcsG01T7CnzayWGfse_vnHGtZ9ZJuNHugqsgfqFlsn73Gz_lg2XJFNq5xC2gYDUM0O30QorgfMuJrrC441lIjcXtTGKCdOuZBqHxOvI50EQ7lnOEezh5AewQAALPx9nHWk7xHU5UB49wmSSmLM7Yc0SppUoq3U5fE1d3QWHVqid0z2uWBmpHoOEQVw06KMC0Z8r/media?maxWidthPx=800&key=AIzaSyC8TIk0MnhD2IRSUvuND9nW3i6A344sGGI,"Golf club in Northland, North Island, offering a peaceful playing environment. Rated 4.5/5 (92 reviews) on Google.",50,120,"['coast', 'local', 'mid']",
194,The Witching Hour Mini-Putt (Wellington City),ChIJFS2xKsyvOG0RzneulWbBbHA,"7 Forresters Lane Off Tory Street (access via Forresters Lane only, Te Aro, Wellington 6011, New Zealand",-41.294171899999995,174.7818834,North Island,Wellington,+64 274 148 876,http://www.thewitchinghour.co.nz/,4.6,204,"['Monday: Closed', 'Tuesday: 1:00\u2009–\u20099:00\u202fPM', 'Wednesday: 1:00\u2009–\u20099:00\u202fPM', 'Thursday: 1:00\u2009–\u20099:00\u202fPM', 'Friday: 1:00\u2009–\u200911:00\u202fPM', 'Saturday: 11:00\u202fAM\u2009–\u200911:00\u202fPM', 'Sunday: 11:00\u202fAM\u2009–\u20095:30\u202fPM']",https://maps.google.com/?cid=8101062476074743758&g_mp=CiVnb29nbGUubWFwcy5wbGFjZXMudjEuUGxhY2VzLkdldFBsYWNlEAIYBCAA,https://places.googleapis.com/v1/places/ChIJFS2xKsyvOG0RzneulWbBbHA/photos/AcnlKN1S9NMAWhxc8Z_GGPu_3fTHd_G4mkh61frfq9JSQf0pgdRJAVyfWMsM_74o_LxbVepMjgrSrZ6jAyHtlu6DFu6amsItzad1BwjpzfdL2Ek7kOIEy63xuQRLtVdANehzlVfXeM_V3_lkqRB6EycjzrdRJj7EADmvvN6P_rAYd4GunuPpjeK7Q6fnPR8EMzDX8V0-TspbWCjdjlbr3XrOMgZnX0ZtwLUP6E8jBFT0UFAF7Yr1D4NMYzuskTVjJXoJRF1GjysYkpREyFaivfl9jddffZzQJsU5s-_uJFT7-jWBTg/media?maxWidthPx=800&key=AIzaSyC8TIk0MnhD2IRSUvuND9nW3i6A344sGGI,"Golf course in Wellington, North Island, offering a peaceful playing environment. Rated 4.6/5 (204 reviews) on Google.",50,120,"['coast', 'local', 'mid']",
195,Tieke Golf Estate,ChIJQ1ZXQ1MfbW0RS-JzEkqgrlY,"72 Lochiel Road, Tamahere 3282, New Zealand",-37.8627691,175.3459705,North Island,Waikato,+64 7 843 6287,http://tiekegolf.co.nz/,4.7,361,"['Monday: 10:00\u202fAM\u2009–\u20096:00\u202fPM', 'Tuesday: 7:30\u202fAM\u2009–\u20096:00\u202fPM', 'Wednesday: 7:30\u202fAM\u2009–\u20096:00\u202fPM', 'Thursday: 7:30\u202fAM\u2009–\u20096:00\u202fPM', 'Friday: 7:30\u202fAM\u2009–\u20096:00\u202fPM', 'Saturday: 7:30\u202fAM\u2009–\u20096:00\u202fPM', 'Sunday: 7:30\u202fAM\u2009–\u20096:00\u202fPM']",https://maps.google.com/?cid=6246105973207065163&g_mp=CiVnb29nbGUubWFwcy5wbGFjZXMudjEuUGxhY2VzLkdldFBsYWNlEAIYBCAA,https://places.googleapis.com/v1/places/ChIJQ1ZXQ1MfbW0RS-JzEkqgrlY/photos/AcnlKN00gpvREYvMV67Dlitv1gLxSDdyb7jjigA0aIMRdhCcm6lJftTKmcegazwX2J0Bt21KRtM7B6iEHmMKnD9xW5Ynf-bXfeIwnnCoVzbKT8POR66hZbSQz8hWfCC_70-IqMRKDXWK3e9iX_QX1pbK7rTNuhYz31fcHkn5xauXGpl0cca-0Mt-BFv8dGnNTMMXRWYiOZRLQ8RWTf2L6BUm0Q7HTf3lOhRySBbdYQ0gkArneMCEBGsW7KkV6COjgO9C1h0__jobxKQ8rcaGACxm-U09jMKdjp00SOB5q8PagYQN1A/media?maxWidthPx=800&key=AIzaSyC8TIk0MnhD2IRSUvuND9nW3i6A344sGGI,"Golf course in Waikato, North Island, offering a peaceful playing environment. Rated 4.7/5 (361 reviews) on Google.",50,120,"['coast', 'local', 'mid']",
196,Titahi Golf Club,ChIJP-w8pvFTP20R-g_A7XiwX0M,"Gloaming Hill, Tītahi Bay, Porirua 5022, New Zealand",-41.102947199999996,174.84944149999998,North Island,Wellington,+64 4 236 7334,http://titahigolf.kiwi.nz/,4.4,96,"['Monday: 7:00\u202fAM\u2009–\u20096:30\u202fPM', 'Tuesday: 7:00\u202fAM\u2009–\u20096:30\u202fPM', 'Wednesday: 7:00\u202fAM\u2009–\u20096:30\u202fPM', 'Thursday: 7:00\u202fAM\u2009–\u20096:30\u202fPM', 'Friday: 7:00\u202fAM\u2009–\u20096:30\u202fPM', 'Saturday: 7:00\u202fAM\u2009–\u20096:30\u202fPM', 'Sunday: 7:00\u202fAM\u2009–\u20096:30\u202fPM']",https://maps.google.com/?cid=4854792956760035322&g_mp=CiVnb29nbGUubWFwcy5wbGFjZXMudjEuUGxhY2VzLkdldFBsYWNlEAIYBCAA,https://places.googleapis.com/v1/places/ChIJP-w8pvFTP20R-g_A7XiwX0M/photos/AcnlKN0Fnwo_skv7q5Y_R_N4blQoEXk3flCUM4nMm13uJFMZyfQF2XUd12zL4YEBpOdkLIzR6Ljo3EKsXyTJCr-74q-CJ570x3u6fxhc27y0Ez_JFz59OC5wZrarG8whUTTyYg7i2L-K8bUOuglrH4Sar9eoiIpYfvmHmDbaNnBFdR8LGJzAewEi3Lvtx5B6d_2_JrpMHhsPU4sIzFju8HBaT-KAEER3MtoMMoQkpG_gFCi-Q2CQ-JucwLFthentWn-G-wxhvSNRI3e4sFzLAxZmFoqL-AFKDHLFS1-jRdSl05x9fTqFeukK_liVjJ7QCEckXNgzeleeWY3lTCt0U5gCYrm6CnkJAtnYTURbwLzW9r3J_KIRv10RhiTPs5hXIgtrb1JJFb0zcKbODISFTyu6PWeAd-fWIxtPUTqIYh-8IKXik8c/media?maxWidthPx=800&key=AIzaSyC8TIk0MnhD2IRSUvuND9nW3i6A344sGGI,"Golf club in Wellington, North Island, featuring stunning coastal views. Rated 4.4/5 (96 reviews) on Google.",35,80,"['coast', 'local', 'value']",
197,Titirangi Golf Club,ChIJO8Cbuv9DDW0R4O6bJGLvAA8,"11 Links Road, New Lynn, Auckland 0600, New Zealand",-36.9175526,174.68675750000003,North Island,Auckland,+64 9 827 5749,http://www.titirangigolf.co.nz/,4.5,269,"['Monday: 6:30\u202fAM\u2009–\u20097:30\u202fPM', 'Tuesday: 6:30\u202fAM\u2009–\u20097:30\u202fPM', 'Wednesday: 6:30\u202fAM\u2009–\u20097:30\u202fPM', 'Thursday: 6:30\u202fAM\u2009–\u20097:30\u202fPM', 'Friday: 6:30\u202fAM\u2009–\u20097:30\u202fPM', 'Saturday: 6:30\u202fAM\u2009–\u20097:30\u202fPM', 'Sunday: 6:30\u202fAM\u2009–\u20097:30\u202fPM']",https://maps.google.com/?cid=1081127115368951520&g_mp=CiVnb29nbGUubWFwcy5wbGFjZXMudjEuUGxhY2VzLkdldFBsYWNlEAIYBCAA,https://places.googleapis.com/v1/places/ChIJO8Cbuv9DDW0R4O6bJGLvAA8/photos/AcnlKN2DBbCWu2IdL4Fc6dUdhlf6YGEWpHTdDEeyf1x-4hLuJulzEnXupqd_BISqhhwGwvjXv-Rdb0IUIOdrRQrCTMl0x-_QUYCIXL6NIn9fo6b2KFze-p9mHo-I3JOlNtpowA3iIGk5ZEqHm_RkkN06Aib0F6ki8aEkVjG9yrGMlQfIFmN-_LFLi52YvbnXfmsiYXhOYMnt-S1YloWZlX9G5njknBUDcRFjRX-RSbS6B-UznwG06oFT79bV0YNRKa9CYlhxTo0bEsAytRoikPdXtvtpio-l5d_zQDHEW2WNizSrFQ/media?maxWidthPx=800&key=AIzaSyC8TIk0MnhD2IRSUvuND9nW3i6A344sGGI,"Golf course designed by Alister MacKenzie, with 18 holes, undulating fairways & a bar.",50,120,"['links', 'mid', 'rural']",
198,Tokanui Golf Club,ChIJjeYsJnQ4LagRqhl_4m0sQqw,"Boat Harbour Road, Fortrose 9875, New Zealand",-46.583646099999996,168.8017103,South Island,Southland,,,4.5,15,,https://maps.google.com/?cid=12412532373449546154&g_mp=CiVnb29nbGUubWFwcy5wbGFjZXMudjEuUGxhY2VzLkdldFBsYWNlEAIYBCAA,https://places.googleapis.com/v1/places/ChIJjeYsJnQ4LagRqhl_4m0sQqw/photos/AcnlKN3QyOAfHlRJz2uJYEOCFiIzaR7m62PEr5kG50JMcS5_2x2tw2QZe8yxTlynEqxivUk-Yi34pTaQ6i4rCCVZUTovhhOcYUbibNAqeNTDt8uHz4tX4wJAYJssee5Z3MJ335o48OB2De7A0pW7STkgh3AkcBN3ZgGPtObU9aC1w47wjAOqEd36JqCdSKvl4FfEOmgp70E9tgVFy538Y5LmMW0Hv8IbIcJffzg9j1kJjC3aWTnln4bIOvPIZBSnr8_tbb4hj20lxqzoCpJQTm6BuBLLQyliOEk-nN1zE8lnoBMJqbfXr92MYlX1KhtOTrJLmXvaI4aYsKNn7o9Ubbo_VMX-4ehhbdouhYmsXtVZd5uMfIGNtLxyzNV-WRKFf64ml812lhluM-dPMiB0NJICSMZG1XExeumlUt20_dHoDRSJ2jIn/media?maxWidthPx=800&key=AIzaSyC8TIk0MnhD2IRSUvuND9nW3i6A344sGGI,"Golf club in Southland, South Island, featuring stunning coastal views. Rated 4.5/5 (15 reviews) on Google.",50,120,"['coast', 'local', 'mid']",
199,Tokarahi Golf Club,ChIJCSl-ICQiKqgRZE6kD7OfozY,"215 Dip Hill Road, Livingstone 9491, New Zealand",-44.9378965,170.61212329999998,South Island,Otago,+64 3 432 6106,https://tokarahigolf.club/,5,11,"['Monday: Open 24 hours', 'Tuesday: Open 24 hours', 'Wednesday: Open 24 hours', 'Thursday: Open 24 hours', 'Friday: Open 24 hours', 'Saturday: Open 24 hours', 'Sunday: Open 24 hours']",https://maps.google.com/?cid=3937166090662334052&g_mp=CiVnb29nbGUubWFwcy5wbGFjZXMudjEuUGxhY2VzLkdldFBsYWNlEAIYBCAA,https://places.googleapis.com/v1/places/ChIJCSl-ICQiKqgRZE6kD7OfozY/photos/AcnlKN146hLZQs7xakUprMTIcZzk4O-2zOxFaoXMl_TGk3QWo8zSp8cQlgBulf_lAZrgHeao69Gzsdxzkhty6KioM62KtNFxVENNqfhQt7Gm3AgOkYYAqfAn9upB2ex8j_FaUFc_xfkrz6xXhcdTFodtCw7J-XoRVCFDwFVgBwWaC2a9MTrhuQ_Fwi0ClUigU3RZkGkjShsCUfHWJEUBtKeVtmBJT63hgeCTf9SPbYGKLY3rV7j26k4GyJ5_-grTEMV05LlpaRuPZ49Txjzk8GSigrTAk60-KWxgfiq1OBiuo_u95irfSqtonrniy7PUYUprWj5G5wlGAr3yvX-QGfj6TELoND46lliOsm-LDO1040HEEr9mbyKcwpJqo_b2q15ZyaERVzpV57UZ4a7lUu5592ECY3jb9JBwU_ErFoeL3wypX2B5bNNWX5iwsGrIRQ_r/media?maxWidthPx=800&key=AIzaSyC8TIk0MnhD2IRSUvuND9nW3i6A344sGGI,"Golf club in Otago, South Island, set against a scenic mountain backdrop. Rated 5/5 (11 reviews) on Google.",80,180,"['coast', 'local', 'mid']",
200,Tolaga Bay Golf Club,ChIJuRxcOz43ZG0RPtUvt3K1BS4,"Banks Street, Tolaga Bay 4077, New Zealand",-38.36818290000001,178.30145249999998,North Island,Gisborne,,,4,9,,https://maps.google.com/?cid=3316256204932502846&g_mp=CiVnb29nbGUubWFwcy5wbGFjZXMudjEuUGxhY2VzLkdldFBsYWNlEAIYBCAA,https://places.googleapis.com/v1/places/ChIJuRxcOz43ZG0RPtUvt3K1BS4/photos/AcnlKN2PJGQ2huJajXdxilh_oaUV8shWx82pBaxt5UgUaw9_IWcGcvw8yhvQY-bTjbzItnYjAPXphRgRi_hlpObHmtfbBUdGvP4kx1dWiaqUDnDLOvZKCrZXpSUKL27zSWO4FvpnBMTPlQ972siTF1whRIp-OFzf0FptLU6K59WS_qKAj5w91lcpax0WLWATS2w06x2_HvqfjP9wbv8wXOvVE_eK3D7ZPKw2SyPB2k2QSt5gw0fpiVz5ciJrLNEnZMaN2GbLJf5RhUM0a3Px6_3g0XqiT8GrfDPW_46iiri1w_UWCAqlMjTv0reoMfsGP02Vug9SudxUyjL0ndVTI7Fr0Dbs2kivmECTuzU8cyaxZKVNqOnywxHOsnyySBFVCMOaqAQHZtwSoLqFfOf4jd97FdX-5pOcUUJj9DGvIxxDRwA/media?maxWidthPx=800&key=AIzaSyC8TIk0MnhD2IRSUvuND9nW3i6A344sGGI,"Golf club in Gisborne, North Island, featuring stunning coastal views. Rated 4/5 (9 reviews) on Google.",35,80,"['coast', 'local', 'value']",
201,Totaradale Golf Club,ChIJJQ7W53uiO20RJ8gxnqathyA,"147 Pigeon Valley Road, Wakefield 7025, New Zealand",-41.395841999999995,173.0295329,South Island,West Coast,+64 3 541 8030,http://www.totaradalegolf.co.nz/,4.6,68,"['Monday: 8:30\u202fAM\u2009–\u20095:00\u202fPM', 'Tuesday: 8:30\u202fAM\u2009–\u20095:00\u202fPM', 'Wednesday: 8:30\u202fAM\u2009–\u20095:00\u202fPM', 'Thursday: 8:30\u202fAM\u2009–\u20095:00\u202fPM', 'Friday: 8:30\u202fAM\u2009–\u20095:00\u202fPM', 'Saturday: 8:30\u202fAM\u2009–\u20095:00\u202fPM', 'Sunday: 8:30\u202fAM\u2009–\u20095:00\u202fPM']",https://maps.google.com/?cid=2344033062199871527&g_mp=CiVnb29nbGUubWFwcy5wbGFjZXMudjEuUGxhY2VzLkdldFBsYWNlEAIYBCAA,https://places.googleapis.com/v1/places/ChIJJQ7W53uiO20RJ8gxnqathyA/photos/AcnlKN0xLCt4fYRSEIsgNXicqAuEnmJtktwdFHqCIeVkaBn_5K6ohGyTBYBuxwiWiy6sh8luVdovvym9V-QIU8RsQ3qMuH6zKdD7Yg9EqX9Gbih93QVQJTAQZVSuXfrBso_hzN27yKbgj9f7fWOFPpTORg67r7hUtpfXauMynI5WASU1bTtbKh68zJMC5TrX7ycnI0MrabNghPved_qe3nkW9YCrVPSoIPs-s2mCkIw2gx6zWIKirijtQlXyTDGMQZKPIMKhtnXtHGsQBnhjM-twbpTpH38PCtXo5UrIn2cMDeWvkQ/media?maxWidthPx=800&key=AIzaSyC8TIk0MnhD2IRSUvuND9nW3i6A344sGGI,"Golf club in West Coast, South Island, offering a peaceful playing environment. Rated 4.6/5 (68 reviews) on Google.",50,120,"['coast', 'local', 'mid']",
202,Tuatapere Golf Club,ChIJr40swNiw06kR014h4ehqdw8,"4 Clifden Domain Road, Rowallan 9691, New Zealand",-46.0443485,167.70788439999998,South Island,Southland,,https://www.facebook.com/p/Tuatapere-Golf-Club-100057102714309/,4.8,6,,https://maps.google.com/?cid=1114476981239504595&g_mp=CiVnb29nbGUubWFwcy5wbGFjZXMudjEuUGxhY2VzLkdldFBsYWNlEAIYBCAA,https://places.googleapis.com/v1/places/ChIJr40swNiw06kR014h4ehqdw8/photos/AcnlKN0mlTuJZKBm8xXkeNOrhf5kypu3oYknzwe51fWEeHpNEfEpUY8eRWNI-IL2NnwbAxlArhL5GxIrVEMcjWUyUsQlsU2dcLVVU7RNJ5P3hIr-XjSQDmYp02bOwyK7Y2RTdGEIrI6ZoqG5GR5sn1xqB2Bynv4qA9liga2Cj9SCSsVhXDglt8F__myCKye-Akn19HcPEEdassZNucVzH1_QBZxhISAERNBZ1EEpJifNyjJSLWr4SxCCjG92wcky09LJxdvILaYqgpWpyvZiXtBX5YQ29fyguMKRUq_RPoOKB6tdantLi0QKKBaIA4nMl4PH_BgCq1z4T2tr6NvNjiwtqeiEe5D7sZyR3vDdeNfwyUPD4k_aSPokanQKvuNdiXpVhcmWMTrViWc4XiAriUvgqeGFJ6x-G0Zd7mdtSdd-ruOv3Kkx/media?maxWidthPx=800&key=AIzaSyC8TIk0MnhD2IRSUvuND9nW3i6A344sGGI,"Golf club in Southland, South Island, offering a peaceful playing environment. Rated 4.8/5 (6 reviews) on Google.",50,120,"['coast', 'local', 'mid']",
203,Urenui Golf Club,ChIJ3WdeS_bwFG0RoxMr-4R8I_0,"Urenui 4377, New Zealand",-38.9907338,174.3963324,North Island,Taranaki,,https://urenuigolfclub.co.nz/,4.4,10,,https://maps.google.com/?cid=18240559826372072355&g_mp=CiVnb29nbGUubWFwcy5wbGFjZXMudjEuUGxhY2VzLkdldFBsYWNlEAIYBCAA,https://places.googleapis.com/v1/places/ChIJ3WdeS_bwFG0RoxMr-4R8I_0/photos/AcnlKN3CLyUPPD6NGhMkckKyKypiAs9mKD6hYNZBZeGDd2eWtvZX9NAE0kLZZLO4iXD5drevCd02gTmwDsl9Liudo_39b8vNDXaJoRYtB9-aCoWe4EUjNbLV0LwbPmOWkt0BTQYql7Swr20gjWYPjcOspbjgaEB0hfQXJDjJLnf9OaepaCzxnDjPNrjmCb0n4hgbmMX7V8PYPGPjsEd_izfyZi_QLSM05JQUTU4I672xPgbBZZLLS6nQ5I5QKVCRkJ4oOSMXYxu_OSOe7LElp29WZrsDJrT5PJ2250ZKpdfYq3MsxNPjoeRkGQVCiVAQXigJ0wz4I5zr9-HAnyOe_ixn_t7014FxmOL3rVRWiHzjpn5Ts1ZFr1evUKeGNwe5kJYxu_iIQZ5zpgVzpRIS77oFtHAppEUUpi6leoDDomkqqLmfOcDUlGRbEMogYNRak1RG/media?maxWidthPx=800&key=AIzaSyC8TIk0MnhD2IRSUvuND9nW3i6A344sGGI,"Golf club in Taranaki, North Island, offering a peaceful playing environment. Rated 4.4/5 (10 reviews) on Google.",35,80,"['coast', 'local', 'value']",
204,Waahi Taakaro Golf Course,ChIJpc4kAqXtO20Rmey3V42_wPQ,"336 Maitai Valley Road, Maitai, Nelson 7010, New Zealand",-41.280184399999996,173.3306314,South Island,Nelson,+64 3 548 7301,https://www.waahitaakarogolfclub.co.nz/,4.4,79,"['Monday: 8:00\u202fAM\u2009–\u20097:00\u202fPM', 'Tuesday: 8:00\u202fAM\u2009–\u20097:00\u202fPM', 'Wednesday: 8:00\u202fAM\u2009–\u20097:00\u202fPM', 'Thursday: 8:00\u202fAM\u2009–\u20097:00\u202fPM', 'Friday: 8:00\u202fAM\u2009–\u20097:00\u202fPM', 'Saturday: 8:00\u202fAM\u2009–\u20097:00\u202fPM', 'Sunday: 8:00\u202fAM\u2009–\u20097:00\u202fPM']",https://maps.google.com/?cid=17636306754565827737&g_mp=CiVnb29nbGUubWFwcy5wbGFjZXMudjEuUGxhY2VzLkdldFBsYWNlEAIYBCAA,https://places.googleapis.com/v1/places/ChIJpc4kAqXtO20Rmey3V42_wPQ/photos/AcnlKN1IeqjEzpupmYoAAkTOCuxzuo8pecP1PKcakdcbevFAl8ehl0MCjzhMMHAQsS-4HocBJo70-MlaDTyXwt10wmzW39ivkFR7KBkJm_TB4enZE1MRl4V1HQ1pupOsGWWrPADp3gsE3e2OJci0_hhHcvU0h2ubXTQf7H_kvArsB4xeEvLBAcH19hvl2-3RbUYB8A6jZ1F7qYGwQqyWRqERCWiZGo04-VOEEeIDH0Z2b4uBK9uV6TOxrqazrBmHpJlS-2XU_W8dgiJSwFTy040BnuRLntQte3QTGH7lNyIrmv3cdnmPj66NGZue4Gv2oMyLC_w015VKG1URj_TK9zLWmbNz-nCntOr9pya_FSIa5EkK7Mxsba-ivEFb6ZzNr_gpGsFjg7jQRhAHtn40NXfZ8JDUtSQa1jsQ5H2y_16li0iL8w/media?maxWidthPx=800&key=AIzaSyC8TIk0MnhD2IRSUvuND9nW3i6A344sGGI,"Golf course in Nelson, South Island, offering a peaceful playing environment. Rated 4.4/5 (79 reviews) on Google.",35,80,"['coast', 'local', 'value']",
205,Waikaia Golf Club,ChIJOycMV2hU06kR4IlDFgHaoXo,"Wylam Street, Waikaia 9778, New Zealand",-45.7226479,168.8529815,South Island,Southland,+64 3 202 7781,,4,12,,https://maps.google.com/?cid=8836583642080971232&g_mp=CiVnb29nbGUubWFwcy5wbGFjZXMudjEuUGxhY2VzLkdldFBsYWNlEAIYBCAA,https://places.googleapis.com/v1/places/ChIJOycMV2hU06kR4IlDFgHaoXo/photos/AcnlKN2wccSGMSJmLlvP7E-bDju6FKFBoZ70LBajiVdEMG8F64nSUsNf0td4dbkUGIfg9zD_H9-MD2UWeU3SoKY__H3JfOq2GZaUboJttNDaJMKSwmO58mCqsUFv9_pNIDliW3bgCs-PghKSfQuvwzxLKV3ANH21EZs0tEQmJIASpuzsjbowTvpNhgH1zBUOSYFlQaUI4KYzAP3DrON0HSgkbKBSj_W_Uk6jd1_QONzFyO_5wXxPhm3_fsWBvax3xPOFdwIObkP13x7sTjh18YJealyxANwLrWRu4NO3i7tqYydI7-1JA3BBCBQxjiqkkisaFEOY9UbUUGV_oSJRQvsLWZRrQk2bOBBQSVfjXNWXbb0CJ1KSh6a8ljDP7-bv3ADFhBG3VEreccIQzrXfy62FNDjPNcvw3mJHeJWPlcyCPcnUckIs/media?maxWidthPx=800&key=AIzaSyC8TIk0MnhD2IRSUvuND9nW3i6A344sGGI,"Golf club in Southland, South Island, offering a peaceful playing environment. Rated 4/5 (12 reviews) on Google.",35,80,"['coast', 'local', 'value']",
206,Waikare Golf Club,ChIJaW_60oREbW0RR9tZX--bNLA,"66 Waerenga Road, Te Kauwhata 3781, New Zealand",-37.398452,175.1527872,North Island,Waikato,+64 7 826 3574,http://www.waikaregolfclub.co.nz/,4.6,129,"['Monday: 8:30\u202fAM\u2009–\u20095:00\u202fPM', 'Tuesday: 8:30\u202fAM\u2009–\u20095:00\u202fPM', 'Wednesday: 8:30\u202fAM\u2009–\u20095:00\u202fPM', 'Thursday: 8:30\u202fAM\u2009–\u20095:00\u202fPM', 'Friday: 8:30\u202fAM\u2009–\u20095:00\u202fPM', 'Saturday: 7:30\u202fAM\u2009–\u20095:00\u202fPM', 'Sunday: 8:30\u202fAM\u2009–\u20095:00\u202fPM']",https://maps.google.com/?cid=12696944701863484231&g_mp=CiVnb29nbGUubWFwcy5wbGFjZXMudjEuUGxhY2VzLkdldFBsYWNlEAIYBCAA,https://places.googleapis.com/v1/places/ChIJaW_60oREbW0RR9tZX--bNLA/photos/AcnlKN2pPVybNHb6Veb5SeKFxxDHrfGUm4-Cl3Ov7utJSuGK0kxF59l10X8RL_Iv9-pz1L0WCJOProasvEKfZg4I7SFwRJQ0rI_N37Fy_nF8TkBoxZxZVcYttofQHa2P0ez6DWqHMTEc1sdS__-sq1uXDKRxUevBDzHsHaBR5VUaMU08C6JZGSyWwhYEZUF40SVERwB8SLAWylxLR6-JnRkkgpPUhsz0ThNVybvvhkqz3zJID-9jhBMgiQOEdNOEzpNYpRfcFg37tSLCQEf1znBpeYECGL0pOJZ9xl7XeBjJ8xl6djYJUXw7m5R6p6_Hg6iQIiBj3LGcQgTqj4T4-jHavrz0gTwfs60HbcWT5LpjoxbGtLpMJtnsOEURdSfC5KD4Vl96rh2cFL_OoANymGZJJlmeYuV_ezMd1a3Pnu_-blxIuA/media?maxWidthPx=800&key=AIzaSyC8TIk0MnhD2IRSUvuND9nW3i6A344sGGI,"Golf club in Waikato, North Island, offering a peaceful playing environment. Rated 4.6/5 (129 reviews) on Google.",50,120,"['coast', 'local', 'mid']",
207,Waimakariri Gorge Golf Club,ChIJOVVVVRUGLm0R4fbtfNinlEI,"1847 Thongcaster Road, Bexley, Rangiora 7400, New Zealand",-43.3519031,172.06380059999998,South Island,Canterbury,+64 3 312 4339,http://waimakgolf.nz/,4.6,87,"['Monday: Open 24 hours', 'Tuesday: Open 24 hours', 'Wednesday: Open 24 hours', 'Thursday: Open 24 hours', 'Friday: Open 24 hours', 'Saturday: Open 24 hours', 'Sunday: Open 24 hours']",https://maps.google.com/?cid=4797644051307165409&g_mp=CiVnb29nbGUubWFwcy5wbGFjZXMudjEuUGxhY2VzLkdldFBsYWNlEAIYBCAA,https://places.googleapis.com/v1/places/ChIJOVVVVRUGLm0R4fbtfNinlEI/photos/AcnlKN1IFCsrEpQsiB4d4w-H-8IH8OT0RBnZJF15EVtK_KoSp0LajzcdqkabQWFuTfn1FYxBRA6qeYolklCNbXCTYUIoWaf5M-islu8FdpFrVEjbH7-O2kKsBKELUHnJKdsspdzTodutEzSlAnz0tKBDb9GtxvIiNx7BzNQpsxtYOnAcKv2trUCN2RGoq-bj63tD-TjW1s4rlmayKtUAEjEpCXe-LaKcyxrA5BgGWBclPyATT3vXNezlwHEnY5gGqhjanVqytSBc__34gmXKKCFw1z31VKHo5GaQqzWFYoIL-zcSgA/media?maxWidthPx=800&key=AIzaSyC8TIk0MnhD2IRSUvuND9nW3i6A344sGGI,"Golf club in Canterbury, South Island, offering a peaceful playing environment. Rated 4.6/5 (87 reviews) on Google.",50,120,"['coast', 'local', 'mid']",
208,Wainui Golf Course,ChIJYf7WomgiDW0RVTjCWCwVVME,"35 Windmill Drive, Auckland 0992, New Zealand",-36.6070378,174.6242266,North Island,Auckland,+64 9 444 3437,https://wainui.online/,4.6,80,"['Monday: 7:30\u202fAM\u2009–\u20096:30\u202fPM', 'Tuesday: 7:30\u202fAM\u2009–\u20096:30\u202fPM', 'Wednesday: 7:30\u202fAM\u2009–\u20096:30\u202fPM', 'Thursday: 7:30\u202fAM\u2009–\u20096:30\u202fPM', 'Friday: 7:30\u202fAM\u2009–\u20096:30\u202fPM', 'Saturday: 7:30\u202fAM\u2009–\u20096:30\u202fPM', 'Sunday: 7:30\u202fAM\u2009–\u20096:30\u202fPM']",https://maps.google.com/?cid=13930782827575654485&g_mp=CiVnb29nbGUubWFwcy5wbGFjZXMudjEuUGxhY2VzLkdldFBsYWNlEAIYBCAA,https://places.googleapis.com/v1/places/ChIJYf7WomgiDW0RVTjCWCwVVME/photos/AcnlKN2gj6APOLY71tHSMiGw11VC1lQ7KQ7NaaDB0srsEw6uVCqKp-QyQVUbbDVdNU5HR0wS5z1kXCr3OzlalcysaIlN14ZYI_0AXIpmbiAINokXFSm-MHnpeU99Ch6jZ0wKU6YlMXdn9Fk1yDEK1BWEUDaY_wSg1XECCTC0wZuc-VSaum-gmzddfEx1Z3DOC9J_fgZXcFteMbb_yc9gHrISOI7G5w3ag3FEc6LT9Z2lDzPNrq9SMKrw7A5h6aqO9V9l_fLu36WgxrEA4z_S_46z_zePGnPlwLS3NeFGlhqAYFuxcOXRU029u_eynYL6hqH01XhdcXKhHRYa59Mu43GJBc291RBoyXfnVYe0ly0hMHhW8WoDGebVYPWOK-m7Z9gV6ogd3RUqqjVIVDvWs4HbLV9hpuUMXLeb5OGcqqToMuSABlv5pjbyhTj9qe27OnZu/media?maxWidthPx=800&key=AIzaSyC8TIk0MnhD2IRSUvuND9nW3i6A344sGGI,"Golf course in Auckland, North Island, offering a peaceful playing environment. Rated 4.6/5 (80 reviews) on Google.",50,120,"['coast', 'local', 'mid']",
209,Wainuiomata Golf Club,ChIJp91m-SSoOG0REPGbJGLvAA8,"334 Coast Road, Wainuiomata, Lower Hutt 5014, New Zealand",-41.3033152,174.93724580000003,North Island,Wellington,+64 4 564 7746,https://www.wainuigolf.co.nz/,4.4,151,"['Monday: 9:30\u202fAM\u2009–\u20095:00\u202fPM', 'Tuesday: 9:00\u202fAM\u2009–\u20095:00\u202fPM', 'Wednesday: 9:30\u202fAM\u2009–\u20095:00\u202fPM', 'Thursday: 9:30\u202fAM\u2009–\u20095:00\u202fPM', 'Friday: 9:30\u202fAM\u2009–\u20095:00\u202fPM', 'Saturday: 7:00\u202fAM\u2009–\u20095:00\u202fPM', 'Sunday: 7:00\u202fAM\u2009–\u20095:00\u202fPM']",https://maps.google.com/?cid=1081127115368952080&g_mp=CiVnb29nbGUubWFwcy5wbGFjZXMudjEuUGxhY2VzLkdldFBsYWNlEAIYBCAA,https://places.googleapis.com/v1/places/ChIJp91m-SSoOG0REPGbJGLvAA8/photos/AcnlKN15F1mOLMWKg5xbVzi2RuvxZu6ArsiOMqdvZFS0M7ePikrY9_pVGjH2f7oYPxis1jUerxyEydXJT1sUj0tLtexx5hXu0gUTHtP47VIpK8E7DpqI_NOQg3O8XvgZBEAIGzh23g_pWgonhIdhaTmbryfRRWl6mdRmqTh_VLBWXsfm4qvuFOMFsKq460iCLPEVOtK80KX24vbUzx2i9BDM_XGRNoTuBSQ0WUtO8Pn0y7cNF0lG9JYooOM_HoMhr2PCaou6ny98116RNdseuNu53ifVcojFhTkQI6lE8zbEUtQ3QHR4oR5amzYzNBd3p7Gdd-KNwvgGsJDJ6rJrYcT-GfMJQuBOQIb65_qtBtykQLg3CRc-ErKRyeS1jovFuKPGj2xMLbIXCJ8j4jEWnTV4EP7WQEIEiIam54TEJKZ0sM_H4fuK/media?maxWidthPx=800&key=AIzaSyC8TIk0MnhD2IRSUvuND9nW3i6A344sGGI,"Golf club in Wellington, North Island, featuring stunning coastal views. Rated 4.4/5 (151 reviews) on Google.",35,80,"['coast', 'local', 'value']",
210,Waiotira Golf Club,ChIJsX1a_6V8DG0Ro4bGkYlPbxA,"100 Mititai Road, Waiotira 0193, New Zealand",-35.9399781,174.1921577,North Island,Northland,,,4.5,25,,https://maps.google.com/?cid=1184252679296550563&g_mp=CiVnb29nbGUubWFwcy5wbGFjZXMudjEuUGxhY2VzLkdldFBsYWNlEAIYBCAA,https://places.googleapis.com/v1/places/ChIJsX1a_6V8DG0Ro4bGkYlPbxA/photos/AcnlKN1vt6S-ZW_e77-nPqTia4H7_2ixmQqdFX-e6C63IZcBeVBOqb2dUMuj9tI99z-H-SF9DWGhRYscFGbepm1BYmhj2HTsluwqZVkUQduNmh_ESnxZ1gFjYVEi98bGyBFChqdvOOnJb608DU-RzguXMH9DLtWK4WUDYcolEo23oYvr3uyTC-CS1ixV4RBi2Ey3fgoisIPcDE0BZN_IPn1ha1vDV0mVfwKtgftxn8qqElKXgeAZfwmKLcj-9oB_4t35hBQLTMnju6miPrRWxDUSlUsDrDnVCcpL0oHBRkeJYNolbD3Xz-cECg3Y1ostdJxomOACHzc3Mt1MlEUTzlrLwGXbV8US4RLI58Xq1976xLLNHu3scsXFdh8NzPVgHWFF_ExW6t6Z6OuL4Avy2rVGmVMxvBymFpat1s3qseK_hXGkmg/media?maxWidthPx=800&key=AIzaSyC8TIk0MnhD2IRSUvuND9nW3i6A344sGGI,"Golf club in Northland, North Island, offering a peaceful playing environment. Rated 4.5/5 (25 reviews) on Google.",50,120,"['coast', 'local', 'mid']",
211,Waipawa Golf Club,ChIJZf_RhRl1Qm0RZM6Kgg-FAqE,"2HXR+FX, Waipawa 4275, New Zealand",-39.9513665,176.5924077,North Island,Hawke's Bay,+64 6 857 8978,https://www.sporty.co.nz/waipawagolf,4.3,9,"['Monday: Open 24 hours', 'Tuesday: Open 24 hours', 'Wednesday: Open 24 hours', 'Thursday: Open 24 hours', 'Friday: Open 24 hours', 'Saturday: Open 24 hours', 'Sunday: Open 24 hours']",https://maps.google.com/?cid=11601981891720957540&g_mp=CiVnb29nbGUubWFwcy5wbGFjZXMudjEuUGxhY2VzLkdldFBsYWNlEAIYBCAA,,"Golf club in Hawke's Bay, North Island, offering a peaceful playing environment. Rated 4.3/5 (9 reviews) on Google.",35,80,"['coast', 'local', 'value']",
212,Waipu Golf Club,ChIJhz-I5r2aDG0RhWzTYNmmbPM,"3229 State Highway 1, Waipu 0582, New Zealand",-35.9457886,174.45906599999998,North Island,Northland,+64 9 432 0259,http://www.waipugolfclub.org.nz/,4.5,355,"['Monday: 8:00\u202fAM\u2009–\u20095:00\u202fPM', 'Tuesday: 8:00\u202fAM\u2009–\u20095:00\u202fPM', 'Wednesday: 8:00\u202fAM\u2009–\u20095:00\u202fPM', 'Thursday: 8:00\u202fAM\u2009–\u20095:00\u202fPM', 'Friday: 8:00\u202fAM\u2009–\u20095:00\u202fPM', 'Saturday: 7:30\u202fAM\u2009–\u20095:00\u202fPM', 'Sunday: 8:00\u202fAM\u2009–\u20095:00\u202fPM']",https://maps.google.com/?cid=17540578101263821957&g_mp=CiVnb29nbGUubWFwcy5wbGFjZXMudjEuUGxhY2VzLkdldFBsYWNlEAIYBCAA,https://places.googleapis.com/v1/places/ChIJhz-I5r2aDG0RhWzTYNmmbPM/photos/AcnlKN04Xb5ga1iKxoNzMp-N3XkehGHMb8ieTY_svG5R138qZdGwyg7aCdjF0QT1MfLuRd9sLjuRUN1e3k5qKNZA1Swr5M_GeabEqwdVjf9ZsN4zaCpzqNYwXGzLBAq3vyYu1PnUututxD4e6VPlOfo8cLfqRrkmugJ-7sMzBUMJm3juJVg4ogFdczsr4xEDSajtYlH6_6hvDt1e9_NzYwFYBOkZSVwNpUjJetWZ8iDjR4ppy10PSjYFuDmZyYrCqgYnHT-bnpDQmKS0OVbshNAwn00a0rrv0mLTnBYZv0FbFpSPng/media?maxWidthPx=800&key=AIzaSyC8TIk0MnhD2IRSUvuND9nW3i6A344sGGI,"Golf club in Northland, North Island, offering a peaceful playing environment. Rated 4.5/5 (355 reviews) on Google.",50,120,"['coast', 'local', 'mid']",
213,Waipukurau Golf Club,ChIJI6rtRwAJQm0RotN-PK26Hx4,"3024 State Highway 2, Takapau 4281, New Zealand",-39.983813,176.4700741,North Island,Hawke's Bay,,https://www.waipukuraugolfclub.co.nz/,4.8,6,,https://maps.google.com/?cid=2170658798622921634&g_mp=CiVnb29nbGUubWFwcy5wbGFjZXMudjEuUGxhY2VzLkdldFBsYWNlEAIYBCAA,,"Golf club in Hawke's Bay, North Island, offering a peaceful playing environment. Rated 4.8/5 (6 reviews) on Google.",80,180,"['coast', 'local', 'mid']",
214,Wairakei Golf + Sanctuary,ChIJvfiMUnD3a20RoO2bJGLvAA8,"527 Wairakei Drive, Thermal Explorer Highway, Wairakei, Taupō 3377, New Zealand",-38.6376013,176.08735869999998,North Island,Hawke's Bay,+64 7 374 8152,http://www.wairakeigolfcourse.co.nz/,4.8,414,"['Monday: 8:00\u202fAM\u2009–\u20095:00\u202fPM', 'Tuesday: 8:00\u202fAM\u2009–\u20095:00\u202fPM', 'Wednesday: 8:00\u202fAM\u2009–\u20095:00\u202fPM', 'Thursday: 8:00\u202fAM\u2009–\u20095:00\u202fPM', 'Friday: 8:00\u202fAM\u2009–\u20095:00\u202fPM', 'Saturday: 8:00\u202fAM\u2009–\u20095:00\u202fPM', 'Sunday: 8:00\u202fAM\u2009–\u20095:00\u202fPM']",https://maps.google.com/?cid=1081127115368951200&g_mp=CiVnb29nbGUubWFwcy5wbGFjZXMudjEuUGxhY2VzLkdldFBsYWNlEAIYBCAA,https://places.googleapis.com/v1/places/ChIJvfiMUnD3a20RoO2bJGLvAA8/photos/AcnlKN1xJyeH8BA6wF1mzoucy3M-NJald7eVh9sOjDcgE0UsbHUtI12t_k4j9aCowbdpfW0iCP-OuPaNUILI4eyyFXJbvZ4TlKoBp3xTCrjS6v3WQEKyrMlBhukOOgCfKaI0IZL6CnGA-L8NgT1yAcy4NBl66ISM9pOgv7PSaaRDa8_U2BRFAghluf6ZPa3SScTm6ZbjVUHXIv-e-MXxc3ihofbtuC5JuVkfsdmD7x5ZRbUuvRryA_kU1Azp-v5jvQUoF22U7qKf1ClUGHQN8AOecyoNnUl7OCllQBbW4vMqUUK0qA/media?maxWidthPx=800&key=AIzaSyC8TIk0MnhD2IRSUvuND9nW3i6A344sGGI,"Golf course in Hawke's Bay, North Island, offering a peaceful playing environment. Rated 4.8/5 (414 reviews) on Google.",80,180,"['coast', 'local', 'mid']",
215,Waitakere Golf Club,ChIJG-N2TX9sDW0Rf-9svW449Rw,"35 Falls Road, Waitākere, Bethells Beach (Te Henga) 0781, New Zealand",-36.8799682,174.5217959,North Island,Auckland,+64 9 810 9399,https://www.waitakeregolfclub.co.nz/,4.5,172,"['Monday: 7:30\u202fAM\u2009–\u20095:30\u202fPM', 'Tuesday: 7:30\u202fAM\u2009–\u20095:30\u202fPM', 'Wednesday: 7:30\u202fAM\u2009–\u20095:30\u202fPM', 'Thursday: 7:30\u202fAM\u2009–\u20095:30\u202fPM', 'Friday: 7:30\u202fAM\u2009–\u20095:30\u202fPM', 'Saturday: 7:00\u202fAM\u2009–\u20096:00\u202fPM', 'Sunday: 7:00\u202fAM\u2009–\u20096:00\u202fPM']",https://maps.google.com/?cid=2086636050631683967&g_mp=CiVnb29nbGUubWFwcy5wbGFjZXMudjEuUGxhY2VzLkdldFBsYWNlEAIYBCAA,https://places.googleapis.com/v1/places/ChIJG-N2TX9sDW0Rf-9svW449Rw/photos/AcnlKN0lr_ZgfCoZW3vbqRmP6oIId8cF8yG19_X8SwD6POtlvdKQUVaVnfFl7m1UbA21KivKcyxSijykKhKWmowi1cD__6VN14UENw-BGlnhtID2sFZsDcbrYQX8hmJHzUoi6XSLfap1U03zN2tMiEQcVHeHI96UV2ALk4JgfBB3-7O30aFcixZhpU7UEioqm_Rbg6pcRdc1r3Ie-ip4KTTm6bwf45jiXW59JcY5I3aXSinyabrXAa8Qkd8YysUKCDB8nny3sFVshigvjbPEAx5r9sFjMm5eTGKUpQk2ED_J1RpTRg-h79QGZV_TSNEUqzBxTRfRovNXdYgFKiol_hWBNhNe8HN9yb4TFrqdqr0ws1siFoiY5iMupimQx7C_h9lMzRHm_A9ZLZsuo5Ah_FZK-T74eZuEnzrp2X14PUJe6jdA01RJ/media?maxWidthPx=800&key=AIzaSyC8TIk0MnhD2IRSUvuND9nW3i6A344sGGI,"Golf club in Auckland, North Island, featuring stunning coastal views. Rated 4.5/5 (172 reviews) on Google.",50,120,"['coast', 'local', 'mid']",
216,Waitangi Golf Club,ChIJ13vSNJS6C20RnskA0G8uyUc,"Waitangi 0293, New Zealand",-35.2608442,174.0761995,North Island,Northland,+64 9 402 7713,http://www.waitangigolf.co.nz/,4.6,266,,https://maps.google.com/?cid=5172716704777685406&g_mp=CiVnb29nbGUubWFwcy5wbGFjZXMudjEuUGxhY2VzLkdldFBsYWNlEAIYBCAA,https://places.googleapis.com/v1/places/ChIJ13vSNJS6C20RnskA0G8uyUc/photos/AcnlKN0C70Qyh3nA3qDqnQegAXmkWRJMpJQoafoRvs7EdN5yaRDXG4yxwHuRbp92pwlbDlbNf4CJwkyfyYEBz9YLd_tnV-wo53HfBR_BUESAVLj5lshNC64va4hBH_7nxPsl6i8hoNzlRbftVjmbn8AWYK6mvnr7qC-3-Ze8JLC4ydyoueCPZ09V_C7-3lrSpw8BC5jKnxznxFFFUkyfmgx5DKwpHqXiIazB7urx48h74gV8GarmhUTfLB4VI4947NUcgk7jvx6w3oKWSpM6xlmVFVV3WzxgrYSCfEfLKBWW00RAJ_yIuxoe8wEZbDxWUC0ibj6j4UkbN4t5rjouSdrZB0F1SGzM3FMnmraTUx7MqWUaOYRo-EfQ_fMEqy-08sI9T6Aik59YGiz8OYTvt0YvcTM_wFZg1ql4uKaGdFlXlccrAJoo/media?maxWidthPx=800&key=AIzaSyC8TIk0MnhD2IRSUvuND9nW3i6A344sGGI,"Golf club in Northland, North Island, offering a peaceful playing environment. Rated 4.6/5 (266 reviews) on Google.",50,120,"['coast', 'local', 'mid']",
217,Waitara Golf Club,ChIJv-kz4TdYFG0Riht4o1U-83M,"64 Mouatt Street, Waitara 4320, New Zealand",-38.9885507,174.23479519999998,North Island,Taranaki,+64 6 754 8923,https://www.facebook.com/WaitaraGolfClub,4.6,66,"['Monday: 7:00\u202fAM\u2009–\u20096:00\u202fPM', 'Tuesday: 7:00\u202fAM\u2009–\u20096:00\u202fPM', 'Wednesday: 7:00\u202fAM\u2009–\u20096:00\u202fPM', 'Thursday: 7:00\u202fAM\u2009–\u20096:00\u202fPM', 'Friday: 7:00\u202fAM\u2009–\u20096:00\u202fPM', 'Saturday: 7:00\u202fAM\u2009–\u20096:00\u202fPM', 'Sunday: 12:00\u2009–\u20096:00\u202fPM']",https://maps.google.com/?cid=8355090271238101898&g_mp=CiVnb29nbGUubWFwcy5wbGFjZXMudjEuUGxhY2VzLkdldFBsYWNlEAIYBCAA,https://places.googleapis.com/v1/places/ChIJv-kz4TdYFG0Riht4o1U-83M/photos/AcnlKN0ysHlfyJpowmPfAsf8F9HaHrpKsBeHSOyz08TaVG05CzLaKd52HLo77bShyHc1rZQxA_odkV7XAzche-uduSnfsJ7a89AIfqc-bD1MTDYdI3cl5mz_WsoUXWB__zcWgjD3qF9Ae7YBbua1bs5FyqBELV_mHqrlifL03qivyot58eRyx4ImYHbNRIcpCXFDeZ283tN3zCNPJ5AWq4UJ6LxQt61qFVY2pe5HbeM3UW8tUl_cur6djxDkVHfvkvBy4DIJQZgcv4hKkJSEf40gVIa9q1OTvIyRAqbt1HXQSIM2TUoHgI6tiAm8xDcJzTZGU1rcIsWQNEtlL_wysqqA24Uwbj-aOrNgI9v9d8-RISKyTqtMJxYZot2Q3RYPnj5FdyhmDNyyUxVkVyOY0DcIbb3Kd-XCdCkHh0fLouOLzOh8vg/media?maxWidthPx=800&key=AIzaSyC8TIk0MnhD2IRSUvuND9nW3i6A344sGGI,"Golf club in Taranaki, North Island, offering a peaceful playing environment. Rated 4.6/5 (66 reviews) on Google.",50,120,"['coast', 'local', 'mid']",
218,Waitemata Golf Club,ChIJ7a6gT783DW0RH9tqzSvnGnY,"15 Derby Street, Devonport, Auckland 0624, New Zealand",-36.8175905,174.7984598,North Island,Auckland,+64 9 445 8716,https://www.waitematagolf.co.nz/,4.4,195,"['Monday: 7:00\u202fAM\u2009–\u20099:00\u202fPM', 'Tuesday: 7:00\u202fAM\u2009–\u20099:00\u202fPM', 'Wednesday: 7:00\u202fAM\u2009–\u20099:00\u202fPM', 'Thursday: 7:00\u202fAM\u2009–\u20099:00\u202fPM', 'Friday: 7:00\u202fAM\u2009–\u20099:00\u202fPM', 'Saturday: 7:00\u202fAM\u2009–\u20099:00\u202fPM', 'Sunday: 7:00\u202fAM\u2009–\u20099:00\u202fPM']",https://maps.google.com/?cid=8510368621185915679&g_mp=CiVnb29nbGUubWFwcy5wbGFjZXMudjEuUGxhY2VzLkdldFBsYWNlEAIYBCAA,https://places.googleapis.com/v1/places/ChIJ7a6gT783DW0RH9tqzSvnGnY/photos/AcnlKN3wERvjU4sJvs6vlwTbReARbC1dohcS1LxTDeEzi7K59Qu_Pw7SPucfbOz3O6bHlkG7uwdEe7lKrG4apG62lKkBr6gMJpxXUW8tkHNrp8xOtsLL8LOi-BNXctCCKDW2d54ZfGhaZUeeeSn7AVGY6ai4nflsOKMGSObECrX3ohw6dIyb5tQ_pU0TfUllxjIyDgH_jM5HG5rp-MZgeoPwIZFOoW3E5OVazj6idFbtYj_j-XZbRz_6LAF0qiE3wlPtNGjA1UbZo-WOXNgvwMl3hlPVAC_t6PaPnQerNgje62t_vQ/media?maxWidthPx=800&key=AIzaSyC8TIk0MnhD2IRSUvuND9nW3i6A344sGGI,"Golf club in Auckland, North Island, offering a peaceful playing environment. Rated 4.4/5 (195 reviews) on Google.",35,80,"['coast', 'local', 'value']",
219,Waiterimu Golf Club,ChIJGQJOaGLkbG0RshEGePAiaas,"Storey Road, Waiterimu 3784, New Zealand",-37.467901499999996,175.29710749999998,North Island,Waikato,+64 7 828 5805,,4.5,30,,https://maps.google.com/?cid=12351441869241455026&g_mp=CiVnb29nbGUubWFwcy5wbGFjZXMudjEuUGxhY2VzLkdldFBsYWNlEAIYBCAA,https://places.googleapis.com/v1/places/ChIJGQJOaGLkbG0RshEGePAiaas/photos/AcnlKN3s7Bb4XLoIVk6G1t9sqKGon6SLEySh2RFjjvijOHo6xNxp0MxViR3JPboDo8IFAnW7J3H7Guf-dfF2vylXswLM-2ogWf8VPzyToGcjVfzl9RqS0veKPa8yU-YMr9FjZel1z4AMdZ6gM_kWj42mX0vdkypsxAzF1RGG1M_b0E2_tKxakpDvyXDuWxcfIxS7sBnls7WDOQDqdy4TH8AFVdEDK9crFXF-57UDOSIOT4Dg3ma0uvZvlRSFKd3RvYKMY4gcDMnQFI_Z427YQKHmzPIDU30bRGm0XLszdU7t0TAJrQ2HZZ7MQiDfV601ZUYaiJVcD2p79NFEHpyM9GjI3SOJ-NopeZDqDVpC3AVFK2BtTRHNJpZM3T5XV1uNWo2YQjzylID5veM6c-bvb3iPq67hgr6tVlilGOWLcpIU2iaBPeA/media?maxWidthPx=800&key=AIzaSyC8TIk0MnhD2IRSUvuND9nW3i6A344sGGI,"Golf club in Waikato, North Island, offering a peaceful playing environment. Rated 4.5/5 (30 reviews) on Google.",50,120,"['coast', 'local', 'mid']",
220,Waitikiri Golf Club,ChIJzTns68SOMW0RgYYjr_GA3EQ,"111 Waitikiri Drive, Parklands, Christchurch 8083, New Zealand",-43.466758999999996,172.6770285,South Island,Canterbury,+64 3 383 1400,http://www.waitikirigolf.co.nz/,4.6,140,"['Monday: 9:00\u202fAM\u2009–\u20096:00\u202fPM', 'Tuesday: 8:00\u202fAM\u2009–\u20096:00\u202fPM', 'Wednesday: 8:00\u202fAM\u2009–\u20096:00\u202fPM', 'Thursday: 8:00\u202fAM\u2009–\u20096:00\u202fPM', 'Friday: 8:00\u202fAM\u2009–\u20096:00\u202fPM', 'Saturday: 7:00\u202fAM\u2009–\u20096:00\u202fPM', 'Sunday: 7:00\u202fAM\u2009–\u20096:00\u202fPM']",https://maps.google.com/?cid=4961982664969258625&g_mp=CiVnb29nbGUubWFwcy5wbGFjZXMudjEuUGxhY2VzLkdldFBsYWNlEAIYBCAA,https://places.googleapis.com/v1/places/ChIJzTns68SOMW0RgYYjr_GA3EQ/photos/AcnlKN3JHTxGqs47fwEd60q87jCMQuYpA6BogRU7DeIl5U45I-xr1gxrN004PAUXpVdHSoxKHrSJm95N-IopOxAjYMsh2oePsg7JmV5xXAmHNUeKhNWhsBp6PH3y8LJyImFoCwagO23SfMRGBZ-Wj6edv5BBV6dcCAQbZceY40HPBb5qMTxnJv0TOg2xnDKZQSl8aY2JyOm4bRNTF0GTP_zi4RpNy_rukNzKEDxmpO-2mF2VT-B4zZyWaRoef1v-4vStgvF5KrTK5euSVwBrfwQNIC9wQdpq68VbplB9P4h9yTX6pgsJaWgAj7YFegDjyOzZUuJyROEliS7XmSoqCVurhVCSwuOFe0yf9M4YVhENoFQzGdbolU30gjk5M6xYfrnRg7SAx7Hq8P3yE0uqWsTCdz1JKqviCi9RldCW8ln1jgO7wjsP/media?maxWidthPx=800&key=AIzaSyC8TIk0MnhD2IRSUvuND9nW3i6A344sGGI,"Golf club in Canterbury, South Island, offering a peaceful playing environment. Rated 4.6/5 (140 reviews) on Google.",50,120,"['coast', 'local', 'mid']",
221,Walton Golf Club,ChIJ85JlIrmobW0R2DZizuYCVG8,"1929 Morrinsville-Walton Road, Richmond Downs, Matamata 3475, New Zealand",-37.7481231,175.67361449999999,North Island,Waikato,+64 7 888 3731,http://www.waltongolf.co.nz/,4.6,159,"['Monday: 8:00\u202fAM\u2009–\u20095:00\u202fPM', 'Tuesday: 8:00\u202fAM\u2009–\u20095:00\u202fPM', 'Wednesday: 8:00\u202fAM\u2009–\u20095:00\u202fPM', 'Thursday: 8:00\u202fAM\u2009–\u20095:00\u202fPM', 'Friday: 8:00\u202fAM\u2009–\u20095:00\u202fPM', 'Saturday: 8:00\u202fAM\u2009–\u20095:00\u202fPM', 'Sunday: 8:00\u202fAM\u2009–\u20095:00\u202fPM']",https://maps.google.com/?cid=8022040026581972696&g_mp=CiVnb29nbGUubWFwcy5wbGFjZXMudjEuUGxhY2VzLkdldFBsYWNlEAIYBCAA,https://places.googleapis.com/v1/places/ChIJ85JlIrmobW0R2DZizuYCVG8/photos/AcnlKN3675zyfrso6IWa1LRSgMMzmTkqkaIq0SS75_kVI2-vXYr8ifG1tMFDd9aqyeV58TVdSOGqRzH3dxme04HWFNACEJShaAJSwDWQTy-Upw7gq-pKxPS5kK9_DgocC60WYrr3lRDUcRwP9n0y4Kv9qCqaRCW0CseySXme68VRCQS4H2HivtmlJm4_fHtDUexeq_ME6gqMbVQsQdXF35pjrxdADEkrVF2bJgsHsIv3KUps84iPgy4FC9E43H9ARvTrf81Jbtp0OMYN0s5A2e-lnOqhRtZ_mFRTIuZeuP1ek-nHMw/media?maxWidthPx=800&key=AIzaSyC8TIk0MnhD2IRSUvuND9nW3i6A344sGGI,"Golf club in Waikato, North Island, offering a peaceful playing environment. Rated 4.6/5 (159 reviews) on Google.",50,120,"['coast', 'local', 'mid']",
222,Wanaka Golf Club,ChIJYW2G70dP1akRNOGe2dPrUqI,"12 Ballantyne Road, Wānaka 9305, New Zealand",-44.6970214,169.1428527,South Island,Otago,+64 3 443 7888,http://www.wanakagolf.co.nz/,4.6,108,"['Monday: 8:00\u202fAM\u2009–\u20095:30\u202fPM', 'Tuesday: 8:00\u202fAM\u2009–\u20096:00\u202fPM', 'Wednesday: 8:00\u202fAM\u2009–\u20096:00\u202fPM', 'Thursday: 8:00\u202fAM\u2009–\u20095:30\u202fPM', 'Friday: 8:00\u202fAM\u2009–\u20097:00\u202fPM', 'Saturday: 8:00\u202fAM\u2009–\u20097:00\u202fPM', 'Sunday: 8:30\u202fAM\u2009–\u20095:30\u202fPM']",https://maps.google.com/?cid=11696670477356294452&g_mp=CiVnb29nbGUubWFwcy5wbGFjZXMudjEuUGxhY2VzLkdldFBsYWNlEAIYBCAA,https://places.googleapis.com/v1/places/ChIJYW2G70dP1akRNOGe2dPrUqI/photos/AcnlKN3jMKn-HqU8Lt3a54KU-GMcYA4d3MP7mrCpfUJwl6U8CQP7NSm3kJ_IASJbC9HBLYSK0yTBr18dLIpGZ-j1pKD2Jf3KVKeET27-akWAHFISVi5misrKloqAV8G7ox6sjggKncPARcwDRO6rcvOk_kXhZCMdH38LAsqI1SA_5HcnByrVgePxO7T3PUXOMf3N8cIdwGgq0nIdscq0QQJnDI6trzp5jAAXWRZIuQ_27VlGhnhId-VO6xxVIdqaNW9KzE9TsPqDVchqTqnE7LtmpNHUncFfZ0G_9E-hHSADvltWqA/media?maxWidthPx=800&key=AIzaSyC8TIk0MnhD2IRSUvuND9nW3i6A344sGGI,"Golf club in Otago, South Island, offering a peaceful playing environment. Rated 4.6/5 (108 reviews) on Google.",80,180,"['coast', 'local', 'mid']",
223,Wanganui Golf Club (Belmont Links),ChIJveJNEnIBQG0ROGKC6EOPYG0,"14 Clarkson Avenue, Whanganui 4501, New Zealand",-39.9227225,175.0003719,North Island,Manawatu-Wanganui,+64 6 349 0559,http://www.wanganuigolfclub.co.nz/,4.7,48,"['Monday: Open 24 hours', 'Tuesday: Open 24 hours', 'Wednesday: Open 24 hours', 'Thursday: Open 24 hours', 'Friday: Open 24 hours', 'Saturday: Open 24 hours', 'Sunday: Open 24 hours']",https://maps.google.com/?cid=7881456869724807736&g_mp=CiVnb29nbGUubWFwcy5wbGFjZXMudjEuUGxhY2VzLkdldFBsYWNlEAIYBCAA,https://places.googleapis.com/v1/places/ChIJveJNEnIBQG0ROGKC6EOPYG0/photos/AcnlKN1ZOwWUMTu7027UCtjWbTYdJc7G2E6pPZwAL9gHMEuQrm7TWGrH7_Bs5w5ZuM4WjzLeS4O6fTiGhHOsth2fqlFAREtwj4uX4mOqu7-6TfObSdHDGl9ctECceJlotMywFmOHnLMzJoKG0d9vCJ9Gd-5tL1I85K1JN6aXhcMn9PnQTgjGgpeBffrGuqnoybLImyc7gj77Ad-XnpgnQkdSFU9QjKiLIx7ZQJihzomtY2Dd0ZKLMt1NiNAr4d2_3WeOEEpc5nGsLfNdypUdRddk6m4MDTYBHq50lj0S0R623SBL6QMKXxl91tWx0jrY5bpnkCxDVqdghla1Y-6VHVtLm3MRYjrcnBhWw7A5L-w-_GqXOeZ3dpHQ0iA3zb6YsBDAscFC1OqVqEVMlgrHGuyY9vJ75xtEzL1eLJYPmoU7IX2DJQ/media?maxWidthPx=800&key=AIzaSyC8TIk0MnhD2IRSUvuND9nW3i6A344sGGI,"Links-style in Manawatu-Wanganui, North Island, offering a peaceful playing environment. Rated 4.7/5 (48 reviews) on Google.",80,200,"['coast', 'links', 'mid']",
224,Wattle Downs Golf Course,ChIJnwsk41pSDW0RB58jmAXt04M,"Wattle Farm Road, Wattle Downs, Auckland 2103, New Zealand",-37.0488775,174.88946669999999,North Island,Auckland,+64 9 268 1929,http://wattledownsgolf.co.nz/,4.5,311,"['Monday: 7:00\u202fAM\u2009–\u20096:30\u202fPM', 'Tuesday: 7:00\u202fAM\u2009–\u20096:30\u202fPM', 'Wednesday: 7:00\u202fAM\u2009–\u20096:30\u202fPM', 'Thursday: 7:00\u202fAM\u2009–\u20096:30\u202fPM', 'Friday: 7:00\u202fAM\u2009–\u20096:30\u202fPM', 'Saturday: 7:00\u202fAM\u2009–\u20096:30\u202fPM', 'Sunday: 7:00\u202fAM\u2009–\u20096:30\u202fPM']",https://maps.google.com/?cid=9499196647337598727&g_mp=CiVnb29nbGUubWFwcy5wbGFjZXMudjEuUGxhY2VzLkdldFBsYWNlEAIYBCAA,https://places.googleapis.com/v1/places/ChIJnwsk41pSDW0RB58jmAXt04M/photos/AcnlKN2UlxC_vHFIhDGa-Ly13j_wWq-GlQCA5qfEj6VJPyp84PkQGeB3C4M9UAGRZyCKMRBtJEZs2NR9Dkz-UdGSdS6CSGC9f8XX2a6isWnYNJxo2yM8Xm-mq6RnsMOFstBLbDyL9UvmDw7BvyJnEcuaXO2WluNzoXwQJAqQAudklz3zOPlPBGziCEHVhjSdgtqTCV8FwLVU5pQQEc_nOY4JnDz_8boymb6GFb8wE_k85A6NDdZT6Ck7KyYu1ymFdlisaMhh3pKLl6qhvi0MhjRoKIfAkQoQQJOvgkATDoOeHZz7ee9VQrmx1nI5KGrfvLqhsKQsK2sVEhyu6RGF8wIJgKCALztQBOQUMkgS96TCz8XNQfwxL6EjhE2mTMPOs4XFhjrgYcvlRb842aZhxP0UcZifuTeVEtMKD-WydOFpQLa88-dD/media?maxWidthPx=800&key=AIzaSyC8TIk0MnhD2IRSUvuND9nW3i6A344sGGI,"Golf course in Auckland, North Island, offering a peaceful playing environment. Rated 4.5/5 (311 reviews) on Google.",50,120,"['coast', 'local', 'mid']",
225,Waverley Golf Club,ChIJt-9xe5JeFW0RHrGnxFHGuM0,"155 Ihupuku Road, Waverley 4591, New Zealand",-39.781937899999996,174.6072351,North Island,Taranaki,+64 210 550 631,,4.7,36,"['Monday: Open 24 hours', 'Tuesday: Open 24 hours', 'Wednesday: Open 24 hours', 'Thursday: Open 24 hours', 'Friday: Open 24 hours', 'Saturday: Open 24 hours', 'Sunday: Open 24 hours']",https://maps.google.com/?cid=14823816227983962398&g_mp=CiVnb29nbGUubWFwcy5wbGFjZXMudjEuUGxhY2VzLkdldFBsYWNlEAIYBCAA,https://places.googleapis.com/v1/places/ChIJt-9xe5JeFW0RHrGnxFHGuM0/photos/AcnlKN2eUVacKJ_tWGSY-W_YUfiDAoEpn-iC_A02HP3t1mjLbzvfE7WY-Qu0U7tD1j2IcIAqQPWyy_gq-wnvVP0pN4zM7ZIV0pm-5f2r-T8WJpDbTn77Pf_8kDX-8B-ODl8IV-oBljEbRga_y1Cxq1QTqweZ9ZEFf5PBGoRxUbMaUCwez7-yK1IMCa8bjz1BIf1vDdZk95Q_39ho1zbAATweGxb4szCKmirMfJyolf1_ChFAq-X5qOdReYUwhdrzmf0KSgevI8m4FrLGoIozvnHCPEuXnLL5zRUai9QgE8dRFO15EveCXExzKyIVIqDBka1RGZDK2luyAqMoylWfmdO_xKQ3ss3OTaHC2Kdqj2o7qqUVLX2MDIi6Q04FLyQeKgrb0A0DUoT53_1R5lCvPzQBDr1Rb_P4sMLHS0eIFMOH-wg76GMc/media?maxWidthPx=800&key=AIzaSyC8TIk0MnhD2IRSUvuND9nW3i6A344sGGI,"Golf club in Taranaki, North Island, offering a peaceful playing environment. Rated 4.7/5 (36 reviews) on Google.",50,120,"['coast', 'local', 'mid']",
226,WellyPutt Mini Golf,ChIJZ3TP6cmvOG0RyoUePg-BvRY,"5 Wigan Street, Te Aro, Wellington 6011, New Zealand",-41.2964473,174.7762204,North Island,Wellington,+64 210 810 0567,http://www.wellyputt.co.nz/,4.9,236,"['Monday: 10:00\u202fAM\u2009–\u20096:00\u202fPM', 'Tuesday: Closed', 'Wednesday: 11:00\u202fAM\u2009–\u20096:00\u202fPM', 'Thursday: 10:00\u202fAM\u2009–\u20098:00\u202fPM', 'Friday: 10:00\u202fAM\u2009–\u20098:00\u202fPM', 'Saturday: 10:00\u202fAM\u2009–\u20098:00\u202fPM', 'Sunday: 10:00\u202fAM\u2009–\u20098:00\u202fPM']",https://maps.google.com/?cid=1638607741899408842&g_mp=CiVnb29nbGUubWFwcy5wbGFjZXMudjEuUGxhY2VzLkdldFBsYWNlEAIYBCAA,https://places.googleapis.com/v1/places/ChIJZ3TP6cmvOG0RyoUePg-BvRY/photos/AcnlKN0cbNJBZEPDSonNADg-yfVq9IIC2gM92fKrYu8jbw6Oq-RV_K7B1te612VcbQVR5Z9kEq5os4gnA_dDOLlC_6Kui5eaVmtVxlTPvhUIpktbhLTF_bJqPaP46IsBT1vFuJ_MZ2JoOjPZXGf_DyDVBKuLRJbAdxpywji2yYGVWeT0Uwv6vx8DjV8pp7AyGvMalBSH5dyKhTy6Q-tRfp6AHKSME4tILxUZR7YoLNn9urgsc3KUiPbhKBrVScVxKhgqh4JopmhPvmlMKu0MkoOKSRiY2O39VcwUjhx_LBedmrU_bw/media?maxWidthPx=800&key=AIzaSyC8TIk0MnhD2IRSUvuND9nW3i6A344sGGI,"Golf course in Wellington, North Island, offering a peaceful playing environment. Rated 4.9/5 (236 reviews) on Google.",50,120,"['coast', 'local', 'mid']",
227,Westown Golf Club and Golf Shop,ChIJM-_yfp1NFG0RIAZMrJPD6fY,"964 Mangorei Road, Mangorei 4371, New Zealand",-39.1291924,174.08927979999999,North Island,Taranaki,+64 6 758 6933,http://www.westowngolfclub.co.nz/,4.5,95,"['Monday: 8:30\u202fAM\u2009–\u20094:00\u202fPM', 'Tuesday: 8:30\u202fAM\u2009–\u20094:00\u202fPM', 'Wednesday: 8:30\u202fAM\u2009–\u20095:00\u202fPM', 'Thursday: 8:30\u202fAM\u2009–\u20094:00\u202fPM', 'Friday: 8:30\u202fAM\u2009–\u20096:00\u202fPM', 'Saturday: 7:30\u202fAM\u2009–\u20095:00\u202fPM', 'Sunday: 8:30\u202fAM\u2009–\u20094:00\u202fPM']",https://maps.google.com/?cid=17791966841922127392&g_mp=CiVnb29nbGUubWFwcy5wbGFjZXMudjEuUGxhY2VzLkdldFBsYWNlEAIYBCAA,https://places.googleapis.com/v1/places/ChIJM-_yfp1NFG0RIAZMrJPD6fY/photos/AcnlKN2pEvyfhYfoX2jeS9zhnnao5VH0tJZ8pIGz-pF7BVYk52VrXW0okKv1F84TolB2cMri0k8O2X00Ceyr4oe3iXUdF-Eju30MTNxPaXDD7uf62ZD_EJpKyWjTONwyXdPNQkbfWyYV8Qi76BNFB5Lf6xdD1GxHEiFMYcmUj1OrDpnkGiMrk_6of5Lmc3qEmKejUOX016eepbE9Wc564hEYLheSDdqec87s3R6L1c6UGjjNFUtX3NA_sOvnXMetcOSdHxjOKne0w19sFCRGcQnyPrpcLL09UveewLYfCrAY8w97U4nFfLVhpso2ty30fYdTu5f0n8c8KOvu8KIScfTLi8nCVVQx6yt2N9-mqXfhI3wYpwFPDaiUr1QuuTunOUFBcWfP6NkqycjjcL_wOUgL3qCI6_EBEDYop2f4kdMN68jjcMA/media?maxWidthPx=800&key=AIzaSyC8TIk0MnhD2IRSUvuND9nW3i6A344sGGI,"Golf club in Taranaki, North Island, offering a peaceful playing environment. Rated 4.5/5 (95 reviews) on Google.",50,120,"['coast', 'local', 'mid']",
228,Westport Golf Club,ChIJSa-Z5EUGJW0RoNjC3DFljXE,"Carters Beach 7892, New Zealand",-41.7435458,171.5710709,South Island,West Coast,,,4.4,30,"['Monday: 6:00\u202fAM\u2009–\u20099:00\u202fPM', 'Tuesday: 6:00\u202fAM\u2009–\u20099:00\u202fPM', 'Wednesday: 6:00\u202fAM\u2009–\u20099:00\u202fPM', 'Thursday: 6:00\u202fAM\u2009–\u20099:00\u202fPM', 'Friday: 6:00\u202fAM\u2009–\u20099:00\u202fPM', 'Saturday: 6:00\u202fAM\u2009–\u20099:00\u202fPM', 'Sunday: 6:00\u202fAM\u2009–\u20099:00\u202fPM']",https://maps.google.com/?cid=8182307362833619104&g_mp=CiVnb29nbGUubWFwcy5wbGFjZXMudjEuUGxhY2VzLkdldFBsYWNlEAIYBCAA,https://places.googleapis.com/v1/places/ChIJSa-Z5EUGJW0RoNjC3DFljXE/photos/AcnlKN0FGrpaJ9SJ0aIC9rsDV3TFSptQ4wBdsN-ZCxqteQLsd8HE5BiQAa4yvWLie9xp_FCtNABb1LXvWne_E7jIaQoslp2WgX0HHwIIxVrqwzJPkw-GRpDPEgFVdVVA47wZRkLnlFuvcx4lYVXw_dC52dIEXCuHVpuSoPqg-QEDcP121EVkv2W7GYD2kG4xF1vMPWk1DuK3A_jBEBFjRMMBVESvSviYRNy_QEsdRODyP1fvD3er55lJdSE7WE5J4lkN9ew6M0EL5RMe0TWWn4VKYWbRZwmYla04UotiR_wLD1ryI754vQkDuGApfZ1g2UtiLSQUJGjatMoRnBNQPKopzjO1O9J59IFnLvAORPsXh9dcdCJ8-5Dcpd_0AMBmUZSm73Tp6ZT1treFSGCltLmEyeX7KDdplxN0MqKaZluilmLwQ_SB/media?maxWidthPx=800&key=AIzaSyC8TIk0MnhD2IRSUvuND9nW3i6A344sGGI,"Golf club in West Coast, South Island, featuring stunning coastal views. Rated 4.4/5 (30 reviews) on Google.",35,80,"['coast', 'local', 'value']",
229,Whangaroa Golf Club,ChIJ5SQp_TwrCm0RZptnu4EyfsY,"1745 State Highway 10, Whangaroa 0479, New Zealand",-35.029933899999996,173.6459655,North Island,Northland,+64 9 405 1808,http://www.whangaroagolf.co.nz/,4.7,84,"['Monday: 7:30\u202fAM\u2009–\u200910:00\u202fPM', 'Tuesday: 7:30\u202fAM\u2009–\u200910:00\u202fPM', 'Wednesday: 7:30\u202fAM\u2009–\u200910:00\u202fPM', 'Thursday: 7:30\u202fAM\u2009–\u200910:00\u202fPM', 'Friday: 7:30\u202fAM\u2009–\u200910:00\u202fPM', 'Saturday: 7:30\u202fAM\u2009–\u200910:00\u202fPM', 'Sunday: 7:30\u202fAM\u2009–\u20096:00\u202fPM']",https://maps.google.com/?cid=14302924999351573350&g_mp=CiVnb29nbGUubWFwcy5wbGFjZXMudjEuUGxhY2VzLkdldFBsYWNlEAIYBCAA,https://places.googleapis.com/v1/places/ChIJ5SQp_TwrCm0RZptnu4EyfsY/photos/AcnlKN2yIRjEmGaTBSuoOyltWWFacO7Mvpwim2C7WwMSbK5OgSu_ZFJMBnQybuOWLJSDO5cH6nEI_27B_fJX14itBjLL8TRPAInYd4c7VB_Y53ZyYpMji2H5x-8BBN2jdPqGpk4aWMSwu5Uacn3RHBNqz8CICh67i3TCqXbIJFrtl2Bvgg6xF7Kdi3-ctASfsjQ82Yipoh7iss-dBsqm-erW6suzerddy_kHj1pIUovm3andjR18YxhVHY8Z4rS7qYiZIx_XGBB2J2oOdoHKifuzFxXOZrEKAwXnGXm-l9Md4pLcqEL2oHlAFQ-I-IOBj7jxzuwxye2QqCIP9BpReLzEX7RgZ0YFkonfz2Vx18vpEPjmG4-JfRBLAlRkf8I05wNtIel-3wLcH7CDT6pfg42kCF-nb7slklV6cFdBv0V4pGT70Fl_/media?maxWidthPx=800&key=AIzaSyC8TIk0MnhD2IRSUvuND9nW3i6A344sGGI,"Golf club in Northland, North Island, offering a peaceful playing environment. Rated 4.7/5 (84 reviews) on Google.",50,120,"['coast', 'local', 'mid']",
230,Whataroa Golf Course,ChIJa2XGH3lmKW0R4aP1aVhWjPI,"15 Main Road, Whataroa 7886, New Zealand",-43.263733300000005,170.36871299999999,South Island,West Coast,+64 27 360 4427,,4.4,13,"['Monday: 7:00\u202fAM\u2009–\u200910:00\u202fPM', 'Tuesday: 7:00\u202fAM\u2009–\u200910:00\u202fPM', 'Wednesday: 7:00\u202fAM\u2009–\u200910:00\u202fPM', 'Thursday: 7:00\u202fAM\u2009–\u200910:00\u202fPM', 'Friday: 7:00\u202fAM\u2009–\u200910:00\u202fPM', 'Saturday: 7:00\u202fAM\u2009–\u200910:00\u202fPM', 'Sunday: 7:00\u202fAM\u2009–\u200910:00\u202fPM']",https://maps.google.com/?cid=17477439191652869089&g_mp=CiVnb29nbGUubWFwcy5wbGFjZXMudjEuUGxhY2VzLkdldFBsYWNlEAIYBCAA,https://places.googleapis.com/v1/places/ChIJa2XGH3lmKW0R4aP1aVhWjPI/photos/AcnlKN1jl5dmpLO7p71XlCmyO2iWkpvlFYx4mIsJfCRIAzK4MgbZn_5bYc8yx54y0Xc2rPlJaRyatms7QiB-W_JUOFf2kXQ0nQ0DWSqghdBpw93322d4fI6Zay4mqXC5QFw6YKRXfGbh49WfUHho0cmda5C-YbArd5HsJ1nNQCe0oZNe8nm7ZbJfsdbP1HZxsn968XOLF7htYqhb5n7DWmHY9tfAgN-OfGfD1eH0KMhmNgELkzeSveHioIkw2cVIUOqjsbTONExZIMXMP91eb3wIzCTHSVhB6kByaowMZzkZGa1qHushsQOIcdSunhvBeDI22dRr51M03nHZmOP9Yltp1snyQTGGP2hJaI2SXcuUcDJsv3EuBB1Okk50edb0WPXhYdq0r0_-M7FhOgWUXt9ELMqXnlccAXCG0TFBQE0q1b4/media?maxWidthPx=800&key=AIzaSyC8TIk0MnhD2IRSUvuND9nW3i6A344sGGI,"Golf course in West Coast, South Island, offering a peaceful playing environment. Rated 4.4/5 (13 reviews) on Google.",35,80,"['coast', 'local', 'value']",
231,Windross Farm Golf Course,ChIJGZFFDIKycm0RfUY28STvTZ0,"237 Alfriston-Ardmore Road, Ardmore 2582, New Zealand",-37.019307999999995,174.9754576,North Island,Auckland,+64 9 281 5414,http://windrossfarm.co.nz/,4.4,185,"['Monday: 7:30\u202fAM\u2009–\u20096:30\u202fPM', 'Tuesday: 7:30\u202fAM\u2009–\u20096:30\u202fPM', 'Wednesday: 7:30\u202fAM\u2009–\u20096:30\u202fPM', 'Thursday: 7:30\u202fAM\u2009–\u20096:30\u202fPM', 'Friday: 7:30\u202fAM\u2009–\u20096:30\u202fPM', 'Saturday: 7:30\u202fAM\u2009–\u20096:30\u202fPM', 'Sunday: 7:30\u202fAM\u2009–\u20096:30\u202fPM']",https://maps.google.com/?cid=11334978779106133629&g_mp=CiVnb29nbGUubWFwcy5wbGFjZXMudjEuUGxhY2VzLkdldFBsYWNlEAIYBCAA,https://places.googleapis.com/v1/places/ChIJGZFFDIKycm0RfUY28STvTZ0/photos/AcnlKN31FdrILOGfGHFqiyMd7G1E87B4XPLVHLCGMOU3e_MYmtreiDPKnOS8aa4DiIMzDTHTnPqpdg1K6ya9J5Ur5q10yrJFH6n-lmXw12rZ5WI2lc-KqSDWvHqQNJFoTvWeiPod_N75cyV6eNLUQvE-qFNMCxYTd76m7vuBIUHcn7OUgFEyjVuJeanGoNqFa12kronLXb6p-57xpACmUnyt6mfmIjI_ZPp1fH1vBXg3-ZXv9xP2WYrqBNowAoXnl4vlnh2CL7F0yA82YfakwnhEfLqIa6mGyMd1x65L1uimvxY/media?maxWidthPx=800&key=AIzaSyC8TIk0MnhD2IRSUvuND9nW3i6A344sGGI,"Golf course in Auckland, North Island, offering a peaceful playing environment. Rated 4.4/5 (185 reviews) on Google.",35,80,"['coast', 'local', 'value']",
232,Winton Golf Club,ChIJW6Qaxi4f06kRLDilpqW37_4,"280 Winton Substation Road, Winton 9781, New Zealand",-46.150193099999996,168.3026486,South Island,Southland,+64 3 236 8422,https://m.facebook.com/pages/category/Sports/Winton-Golf-Club-403347803339685/,4.8,48,,https://maps.google.com/?cid=18370103327160875052&g_mp=CiVnb29nbGUubWFwcy5wbGFjZXMudjEuUGxhY2VzLkdldFBsYWNlEAIYBCAA,https://places.googleapis.com/v1/places/ChIJW6Qaxi4f06kRLDilpqW37_4/photos/AcnlKN3fRRD3Amhqp3i6jnm4SiPqPNEXdsBI2F5XegLNFrqwQRbZ42c2R4w6k03hAvbarbrlApZP7f_mVAhJv1NbNF_KQzrULDl_E2m0M1fn9kbO7hAIfvSiALvMTMsRQVLqV-Lb2Vyq9JFMcT7N-RPG8AaQILnLolSmC-aqmMSQCLY-JdeIxLRSbVhB_O9yxh7xPkIR9VdQFk0I1voJOl8dyE-95KUWSB65jHH0wm1qZbIBVoHUEmg_WCHzMhQUSNoR7lKUd2XmfwPUDEgPLLE9upDEtWyGesbLrpxRinrQbrzUYSOxbKGCYTAIKHkxDEEdvW1eoWrmS1jjdF6e8vIrJ2YCclELiMNP0D1ibg8wFkr9MFiPfaJQac8TacKGrvHszMf6DO9Ii3b_BFo98LNKqFnXZOTXeiRxkTuAp-94uro/media?maxWidthPx=800&key=AIzaSyC8TIk0MnhD2IRSUvuND9nW3i6A344sGGI,"Golf club in Southland, South Island, offering a peaceful playing environment. Rated 4.8/5 (48 reviews) on Google.",50,120,"['coast', 'local', 'mid']",
233,Wyndham Golf Club,ChIJHW3ANDHWLKgRFjBuZQ1IyJ4,"77 Memorial Drive, Wyndham 9892, New Zealand",-46.323409999999996,168.8501129,South Island,Southland,+64 3 206 4659,,4.3,23,,https://maps.google.com/?cid=11441474075708239894&g_mp=CiVnb29nbGUubWFwcy5wbGFjZXMudjEuUGxhY2VzLkdldFBsYWNlEAIYBCAA,https://places.googleapis.com/v1/places/ChIJHW3ANDHWLKgRFjBuZQ1IyJ4/photos/AcnlKN2j5U_292SOTHAcLdMAcBDBc_rzLOmGQOxfMjj6kmislSU3tRHhKVVBxC0I8cx6PDSnUzCUlp9oHxpO1diikFmyWl8PqJ3nrzB0XUvZsYn2Z-naGRCNaqv2HmSJYNgI5alYtCTLl3joYSEsp1PC63B2-rt12e_Nh1XLnmv6iwsK-3T21YHQU4GPGcEoVgQ023bNvaUVH1GyDHeEGioBh3YB5NoaxnUsje0v8CBZh6hAGB5UOT9XQ4PuaBRQA0BDKj6qs1FUbAmeT7lVfsKg7KfnQFrFTjTrWXbAIfhwcDWZdPVecY1dXDq0hSURlc-BwawgsW_FdYuXEV34V4YjenlXVGWLKbMetakYtRIYVEf6RlRNQguN1kxwsOePKw93vmQbbS6j07uyXabyMn_L_Tm0JKrGnuWczi6ikzB7aatkmDoD-HfGNn3_p9mmwG7k/media?maxWidthPx=800&key=AIzaSyC8TIk0MnhD2IRSUvuND9nW3i6A344sGGI,"Golf club in Southland, South Island, offering a peaceful playing environment. Rated 4.3/5 (23 reviews) on Google.",35,80,"['coast', 'local', 'value']",
